-- phpMyAdmin SQL Dump
-- version 4.5.1
-- http://www.phpmyadmin.net
--
-- Host: 127.0.0.1
-- Generation Time: Oct 27, 2017 at 01:11 PM
-- Server version: 10.1.16-MariaDB
-- PHP Version: 5.6.24

SET SQL_MODE = "NO_AUTO_VALUE_ON_ZERO";
SET time_zone = "+00:00";


/*!40101 SET @OLD_CHARACTER_SET_CLIENT=@@CHARACTER_SET_CLIENT */;
/*!40101 SET @OLD_CHARACTER_SET_RESULTS=@@CHARACTER_SET_RESULTS */;
/*!40101 SET @OLD_COLLATION_CONNECTION=@@COLLATION_CONNECTION */;
/*!40101 SET NAMES utf8mb4 */;

--
-- Database: `ic2017`
--

-- --------------------------------------------------------

--
-- Table structure for table `bahanbaku`
--

CREATE TABLE `bahanbaku` (
  `idbahanbaku` int(11) NOT NULL,
  `nama` varchar(100) NOT NULL,
  `harga1` int(11) NOT NULL,
  `harga2` int(11) NOT NULL,
  `harga3` int(11) NOT NULL,
  `weight` int(11) NOT NULL,
  `stok1` int(11) NOT NULL,
  `stok2` int(11) NOT NULL,
  `stok3` int(11) NOT NULL,
  `laststok1` int(11) NOT NULL,
  `laststok2` int(11) NOT NULL,
  `laststok3` int(11) NOT NULL
) ENGINE=InnoDB DEFAULT CHARSET=latin1;

--
-- Dumping data for table `bahanbaku`
--

INSERT INTO `bahanbaku` (`idbahanbaku`, `nama`, `harga1`, `harga2`, `harga3`, `weight`, `stok1`, `stok2`, `stok3`, `laststok1`, `laststok2`, `laststok3`) VALUES
(1, 'BenangMerah', 42, 50, 50, 1, -12, 1000, 1000, -12, 1000, 1000),
(2, 'BenangKuning', 50, 42, 50, 1, 1000, 39, 1000, 39, 39, 1000),
(3, 'BenangBiru', 50, 50, 79, 1, 1000, 1000, 18, 18, 1000, 18),
(4, 'Template', 125, 90, 91, 3, 624, 661, 719, 624, 661, 719),
(5, 'Transportasi', 800, 800, 800, 0, 1000, 1000, 1000, 1000, 1000, 1000),
(6, 'Visa', 1000, 1000, 1000, 0, 1000, 1000, 1000, 1000, 1000, 1000),
(7, 'Inventory', 400, 400, 400, 0, 1000, 1000, 1000, 1000, 1000, 1000);

-- --------------------------------------------------------

--
-- Table structure for table `currency`
--

CREATE TABLE `currency` (
  `idcurrency` int(11) NOT NULL,
  `nama` varchar(100) NOT NULL,
  `hjual` int(11) NOT NULL,
  `hbeli` int(11) NOT NULL
) ENGINE=InnoDB DEFAULT CHARSET=latin1;

--
-- Dumping data for table `currency`
--

INSERT INTO `currency` (`idcurrency`, `nama`, `hjual`, `hbeli`) VALUES
(1, 'IDR', 46, 0),
(2, 'SGD', 58, 0),
(3, 'RMB', 52, 0);

-- --------------------------------------------------------

--
-- Table structure for table `desain`
--

CREATE TABLE `desain` (
  `iddesain` int(11) NOT NULL,
  `nama` varchar(25) NOT NULL,
  `harga1` int(11) NOT NULL,
  `harga2` int(11) NOT NULL,
  `harga3` int(11) NOT NULL,
  `stok1` int(11) NOT NULL,
  `stok2` int(11) NOT NULL,
  `stok3` int(11) NOT NULL,
  `laststok1` int(11) NOT NULL,
  `laststok2` int(11) NOT NULL,
  `laststok3` int(11) NOT NULL
) ENGINE=InnoDB DEFAULT CHARSET=latin1;

--
-- Dumping data for table `desain`
--

INSERT INTO `desain` (`iddesain`, `nama`, `harga1`, `harga2`, `harga3`, `stok1`, `stok2`, `stok3`, `laststok1`, `laststok2`, `laststok3`) VALUES
(1, '3M 0K 0B', 276, 239, 355, 9945, 9931, 9928, 9947, 9931, 9928),
(2, '0M 3K 0B', 300, 300, 300, 10000, 10000, 10000, 10000, 10000, 10000),
(3, '0M 0K 3B', 300, 300, 300, 10000, 10000, 10000, 10000, 10000, 10000),
(4, '2M 1K 0B', 479, 494, 524, 22, 0, 30, 22, 3, 30),
(5, '2M 0K 1B', 500, 500, 500, 30, 30, 30, 30, 30, 30),
(6, '1M 2K 0B', 500, 500, 500, 30, 30, 30, 30, 30, 30),
(7, '1M 0K 2B', 500, 500, 500, 30, 30, 30, 30, 30, 30),
(8, '0M 2K 1B', 500, 500, 500, 30, 30, 30, 30, 30, 30),
(9, '0M 1K 2B', 500, 500, 500, 30, 30, 30, 30, 30, 30),
(10, '1M 1K 1B', 710, 678, 712, 0, 0, 16, 0, 0, 16);

-- --------------------------------------------------------

--
-- Table structure for table `detildesain`
--

CREATE TABLE `detildesain` (
  `iddetildesain` int(11) NOT NULL,
  `iddesain` int(11) NOT NULL,
  `idbahanbaku` int(11) NOT NULL
) ENGINE=InnoDB DEFAULT CHARSET=latin1;

--
-- Dumping data for table `detildesain`
--

INSERT INTO `detildesain` (`iddetildesain`, `iddesain`, `idbahanbaku`) VALUES
(1, 1, 1),
(2, 1, 1),
(3, 1, 1),
(4, 2, 2),
(5, 2, 2),
(6, 2, 2),
(7, 3, 3),
(8, 3, 3),
(9, 3, 3),
(10, 4, 1),
(11, 4, 1),
(12, 4, 2),
(13, 5, 1),
(14, 5, 1),
(15, 5, 3),
(16, 6, 1),
(17, 6, 2),
(18, 6, 2),
(19, 7, 1),
(20, 7, 3),
(21, 7, 3),
(22, 8, 2),
(23, 8, 2),
(24, 8, 3),
(25, 9, 2),
(26, 9, 3),
(27, 9, 3),
(28, 10, 1),
(29, 10, 2),
(30, 10, 3),
(31, 1, 4),
(32, 2, 4),
(33, 3, 4),
(34, 4, 4),
(35, 5, 4),
(36, 6, 4),
(37, 7, 4),
(38, 8, 4),
(39, 9, 4),
(40, 10, 4);

-- --------------------------------------------------------

--
-- Table structure for table `event`
--

CREATE TABLE `event` (
  `idevent` int(11) NOT NULL,
  `cash1` int(11) NOT NULL,
  `cash2` int(11) NOT NULL,
  `cash3` int(11) NOT NULL
) ENGINE=InnoDB DEFAULT CHARSET=latin1;

-- --------------------------------------------------------

--
-- Table structure for table `hargasaham`
--

CREATE TABLE `hargasaham` (
  `idhargasaham` int(11) NOT NULL,
  `idsaham` int(11) NOT NULL,
  `hjual1` int(11) NOT NULL,
  `hjual2` int(11) NOT NULL,
  `hjual3` int(11) NOT NULL,
  `hbeli1` int(11) NOT NULL,
  `hbeli2` int(11) NOT NULL,
  `hbeli3` int(11) NOT NULL
) ENGINE=InnoDB DEFAULT CHARSET=latin1;

--
-- Dumping data for table `hargasaham`
--

INSERT INTO `hargasaham` (`idhargasaham`, `idsaham`, `hjual1`, `hjual2`, `hjual3`, `hbeli1`, `hbeli2`, `hbeli3`) VALUES
(1, 0, 2550, 3250, 1550, 0, 0, 0),
(2, 0, 2343, 4932, 5696, 0, 0, 0),
(3, 0, 2141, 3668, 3406, 0, 0, 0),
(4, 0, 2368, 6128, 4720, 0, 0, 0),
(5, 0, 3742, 4834, 6379, 0, 0, 0),
(6, 0, 2443, 6520, 7826, 0, 0, 0),
(7, 0, 3206, 6870, 7242, 0, 0, 0),
(8, 0, 4007, 7009, 6207, 0, 0, 0),
(9, 0, 4254, 6379, 8379, 0, 0, 0),
(10, 0, 5399, 7434, 6475, 0, 0, 0),
(11, 0, 9249, 5472, 7524, 0, 0, 0),
(12, 0, 6185, 5075, 6170, 0, 0, 0),
(13, 0, 7045, 4884, 6251, 0, 0, 0),
(14, 0, 6580, 5983, 5677, 0, 0, 0),
(15, 0, 9024, 7133, 11646, 0, 0, 0),
(16, 0, 11223, 5787, 8479, 0, 0, 0),
(17, 0, 8795, 7523, 8722, 0, 0, 0),
(18, 0, 7226, 8186, 7248, 0, 0, 0),
(19, 0, 9823, 8185, 5871, 0, 0, 0),
(20, 0, 8258, 9622, 7171, 0, 0, 0),
(21, 0, 9025, 10878, 10772, 0, 0, 0),
(22, 0, 10596, 13022, 10511, 0, 0, 0),
(23, 0, 11457, 18158, 11888, 0, 0, 0),
(24, 0, 13769, 14018, 8990, 0, 0, 0),
(25, 0, 12205, 11047, 14560, 0, 0, 0),
(26, 0, 12024, 7973, 13325, 0, 0, 0),
(27, 0, 13918, 8161, 13541, 0, 0, 0),
(28, 0, 14900, 6934, 11907, 0, 0, 0),
(29, 0, 14042, 14491, 14911, 0, 0, 0),
(30, 0, 15583, 16840, 17320, 0, 0, 0),
(31, 0, 16895, 19760, 19774, 0, 0, 0),
(32, 0, 14112, 18038, 14782, 0, 0, 0),
(33, 0, 11310, 18814, 15159, 0, 0, 0),
(34, 0, 12290, 14857, 11234, 0, 0, 0),
(35, 0, 11145, 15218, 12700, 0, 0, 0),
(36, 0, 12236, 16277, 13744, 0, 0, 0),
(37, 0, 12236, 16277, 13744, 0, 0, 0),
(38, 0, 12688, 17352, 14001, 0, 0, 0),
(39, 0, 13844, 19773, 15606, 0, 0, 0),
(40, 0, 10049, 19382, 16746, 0, 0, 0),
(41, 0, 8709, 11707, 15226, 0, 0, 0),
(42, 0, 11726, 9310, 10470, 0, 0, 0),
(43, 0, 18992, 9160, 10684, 0, 0, 0),
(44, 0, 16234, 8366, 12511, 0, 0, 0),
(45, 0, 18251, 8325, 12132, 0, 0, 0),
(46, 0, 22055, 10043, 14141, 0, 0, 0),
(47, 0, 20588, 14494, 18915, 0, 0, 0),
(48, 0, 19678, 12801, 16258, 0, 0, 0),
(49, 0, 19488, 12801, 16258, 0, 0, 0),
(50, 0, 25311, 12568, 11729, 0, 0, 0),
(51, 0, 28054, 13225, 10940, 0, 0, 0),
(52, 0, 26065, 14796, 10908, 0, 0, 0),
(53, 0, 26070, 17586, 11827, 0, 0, 0),
(54, 0, 26573, 21246, 18408, 0, 0, 0),
(55, 0, 28765, 21918, 22390, 0, 0, 0),
(56, 0, 29334, 25283, 24023, 0, 0, 0),
(57, 0, 29004, 25230, 25586, 0, 0, 0),
(58, 0, 31259, 22365, 25553, 0, 0, 0),
(59, 0, 27762, 21655, 22893, 0, 0, 0),
(60, 0, 23346, 18933, 17448, 0, 0, 0),
(61, 0, 18969, 20806, 14235, 0, 0, 0),
(62, 0, 19673, 24339, 14997, 0, 0, 0),
(63, 0, 17835, 26708, 23991, 0, 0, 0),
(64, 0, 20173, 30481, 28122, 0, 0, 0),
(65, 0, 22206, 25643, 38756, 0, 0, 0),
(66, 0, 29198, 32507, 47024, 0, 0, 0),
(67, 0, 27670, 27365, 43209, 0, 0, 0),
(68, 0, 20754, 29090, 35287, 0, 0, 0),
(69, 0, 26088, 32139, 36072, 0, 0, 0),
(70, 0, 18928, 38339, 31598, 0, 0, 0),
(71, 0, 26215, 43927, 31132, 0, 0, 0),
(72, 0, 31202, 48533, 28848, 0, 0, 0),
(73, 0, 36862, 50566, 31313, 0, 0, 0);

-- --------------------------------------------------------

--
-- Table structure for table `inventory`
--

CREATE TABLE `inventory` (
  `idinventory` int(11) NOT NULL,
  `iduser` int(11) NOT NULL,
  `idbahanbaku` int(11) NOT NULL,
  `qty` int(11) NOT NULL
) ENGINE=InnoDB DEFAULT CHARSET=latin1;

--
-- Dumping data for table `inventory`
--

INSERT INTO `inventory` (`idinventory`, `iduser`, `idbahanbaku`, `qty`) VALUES
(1, 2, 4, 4),
(2, 2, 1, 12),
(3, 9, 4, 5),
(4, 9, 3, 14),
(5, 20, 4, 2),
(6, 20, 1, 6),
(7, 7, 4, 3),
(8, 14, 4, 2),
(9, 7, 1, 8),
(10, 14, 3, 6),
(11, 19, 4, 2),
(12, 19, 2, 6),
(13, 8, 4, 3),
(14, 8, 2, 9),
(15, 17, 4, 4),
(16, 12, 4, 3),
(17, 17, 1, 11),
(18, 14, 3, -2),
(19, 12, 2, 9),
(20, 14, 3, 2),
(21, 6, 4, 4),
(22, 5, 4, 4),
(23, 14, 3, -2),
(24, 5, 3, 12),
(25, 6, 1, 11),
(26, 1, 4, 4),
(27, 1, 2, 9),
(28, 20, 1, -2),
(29, 17, 1, -3),
(30, 7, 1, -2),
(31, 15, 4, 4),
(32, 13, 4, 4),
(33, 13, 1, 12),
(34, 16, 4, 4),
(35, 15, 3, 9),
(36, 16, 2, 12),
(37, 12, 2, -2),
(38, 1, 1, 3),
(39, 5, 2, 2),
(40, 20, 3, 2),
(41, 11, 4, 4),
(42, 10, 4, 2),
(43, 10, 3, 6),
(44, 11, 2, 12),
(45, 17, 1, -3),
(46, 14, 3, -1),
(47, 14, 3, -1),
(48, 14, 3, -1),
(49, 14, 4, -1),
(50, 12, 1, 2),
(51, 3, 4, 4),
(52, 3, 3, 12),
(53, 18, 4, 2),
(54, 19, 2, -1),
(55, 19, 2, -1),
(56, 19, 2, -1),
(57, 19, 4, -1),
(58, 17, 1, 4),
(59, 18, 2, 6),
(60, 1, 2, -2),
(61, 2, 1, -3),
(62, 7, 1, -1),
(63, 7, 1, -1),
(64, 7, 1, -1),
(65, 7, 4, -1),
(66, 4, 4, 4),
(67, 11, 4, 2),
(68, 6, 1, -1),
(69, 6, 1, -1),
(70, 6, 1, -1),
(71, 6, 4, -1),
(72, 4, 3, 12),
(73, 2, 1, 3),
(74, 11, 2, 6),
(75, 17, 1, -3),
(76, 2, 1, -3),
(77, 8, 2, -1),
(78, 8, 2, -1),
(79, 8, 2, -1),
(80, 8, 4, -1),
(81, 2, 1, 3),
(82, 16, 2, -3),
(83, 9, 3, -4),
(84, 9, 3, -4),
(85, 9, 3, -4),
(86, 9, 4, -4),
(87, 20, 1, -1),
(88, 20, 1, -1),
(89, 20, 3, -1),
(90, 20, 4, -1),
(91, 12, 1, -2),
(92, 12, 2, -2),
(93, 12, 2, -2),
(94, 12, 4, -2),
(95, 14, 3, 2),
(96, 2, 1, -3),
(97, 17, 1, -1),
(98, 17, 1, -1),
(99, 17, 1, -1),
(100, 17, 4, -1),
(101, 17, 2, 3),
(102, 20, 4, 2),
(103, 10, 4, 3),
(104, 20, 1, 6),
(105, 3, 3, -3),
(106, 10, 3, 9),
(107, 6, 1, -1),
(108, 6, 1, -1),
(109, 6, 1, -1),
(110, 6, 4, -1),
(111, 8, 2, -3),
(112, 18, 3, 3),
(113, 6, 4, 1),
(114, 6, 1, 4),
(115, 4, 4, 4),
(116, 17, 2, 3),
(117, 18, 1, 3),
(118, 4, 4, -4),
(119, 9, 4, 4),
(120, 5, 2, -1),
(121, 5, 3, -1),
(122, 5, 3, -1),
(123, 5, 4, -1),
(124, 13, 1, -1),
(125, 13, 1, -1),
(126, 13, 1, -1),
(127, 13, 4, -1),
(128, 9, 3, 12),
(129, 5, 3, -1),
(130, 5, 3, -1),
(131, 5, 3, -1),
(132, 5, 4, -1),
(133, 13, 1, -1),
(134, 13, 1, -1),
(135, 13, 1, -1),
(136, 13, 4, -1),
(137, 1, 1, -3),
(138, 1, 2, -3),
(139, 1, 2, -2),
(140, 1, 4, -3),
(141, 1, 4, 3),
(142, 19, 2, -1),
(143, 19, 2, -1),
(144, 19, 2, -1),
(145, 19, 4, -1),
(146, 12, 2, -1),
(147, 1, 2, 6),
(148, 14, 3, -2),
(149, 18, 2, -1),
(150, 18, 2, -1),
(151, 18, 2, -1),
(152, 18, 4, -1),
(153, 19, 4, 3),
(154, 14, 4, 1),
(155, 20, 1, -2),
(156, 19, 2, 9),
(157, 14, 3, 1),
(158, 5, 1, 2),
(159, 7, 1, -1),
(160, 7, 1, -1),
(161, 7, 1, -1),
(162, 7, 4, -1),
(163, 6, 1, -1),
(164, 6, 1, -1),
(165, 6, 1, -1),
(166, 6, 4, -1),
(167, 1, 2, 2),
(168, 12, 3, 2),
(169, 1, 2, -3),
(170, 7, 1, 3),
(171, 2, 1, -2),
(172, 2, 1, -2),
(173, 2, 1, -2),
(174, 2, 4, -2),
(175, 17, 1, 3),
(176, 20, 1, -1),
(177, 20, 1, -1),
(178, 20, 3, -1),
(179, 20, 4, -1),
(180, 2, 2, 3),
(181, 12, 4, 1),
(182, 10, 3, -3),
(183, 12, 2, 2),
(184, 17, 1, -1),
(185, 17, 1, -1),
(186, 17, 2, -1),
(187, 17, 4, -1),
(188, 17, 2, -3),
(189, 19, 2, -2),
(190, 13, 1, -1),
(191, 13, 1, -1),
(192, 13, 1, -1),
(193, 13, 4, -1),
(194, 18, 1, -1),
(195, 18, 2, -1),
(196, 18, 3, -1),
(197, 18, 4, -1),
(198, 8, 2, 6),
(199, 16, 3, 3),
(200, 15, 3, -3),
(201, 15, 3, -3),
(202, 15, 3, -3),
(203, 15, 4, -3),
(204, 5, 4, 1),
(205, 7, 4, 1),
(206, 2, 1, 3),
(207, 11, 2, -3),
(208, 11, 2, -3),
(209, 11, 2, -3),
(210, 11, 4, -3),
(211, 7, 1, 1),
(212, 17, 2, 3),
(213, 18, 4, 2),
(214, 14, 3, 2),
(215, 16, 2, -1),
(216, 16, 2, -1),
(217, 5, 3, -1),
(218, 16, 2, -1),
(219, 5, 3, -1),
(220, 16, 4, -1),
(221, 5, 3, -1),
(222, 5, 4, -1),
(223, 17, 1, -3),
(224, 13, 1, -3),
(225, 2, 1, -3),
(226, 6, 1, -1),
(227, 6, 1, -1),
(228, 6, 1, -1),
(229, 6, 4, -1),
(230, 4, 3, -3),
(231, 6, 4, 1),
(232, 6, 1, 3),
(233, 1, 3, 3),
(234, 15, 4, 1),
(235, 20, 4, 2),
(236, 14, 3, -1),
(237, 4, 3, 6),
(238, 20, 1, 6),
(239, 1, 2, -2),
(240, 1, 2, -2),
(241, 1, 2, -2),
(242, 1, 4, -2),
(243, 17, 4, 2),
(244, 2, 3, 1),
(245, 17, 1, 9),
(246, 3, 3, -3),
(247, 3, 3, -3),
(248, 3, 3, -3),
(249, 3, 4, -3),
(250, 8, 2, -1),
(251, 8, 2, -1),
(252, 8, 2, -1),
(253, 8, 4, -1),
(254, 2, 1, 3),
(255, 8, 2, -1),
(256, 1, 4, 2),
(257, 1, 2, 4),
(258, 6, 4, 1),
(259, 5, 2, 1),
(260, 3, 3, 3),
(261, 14, 3, -1),
(262, 14, 3, -1),
(263, 14, 3, -1),
(264, 14, 4, -1),
(265, 12, 2, -1),
(266, 12, 2, -1),
(267, 12, 3, -1),
(268, 12, 4, -1),
(269, 20, 4, -1),
(270, 3, 4, 2),
(271, 12, 2, -1),
(272, 12, 2, -1),
(273, 12, 3, -1),
(274, 12, 4, -1),
(275, 6, 1, 1),
(276, 10, 3, -2),
(277, 10, 3, -2),
(278, 10, 3, -2),
(279, 10, 4, -2),
(280, 13, 4, 1),
(281, 5, 4, 2),
(282, 5, 3, 6),
(283, 19, 2, -1),
(284, 19, 2, -1),
(285, 19, 2, -1),
(286, 19, 4, -1),
(287, 13, 1, 6),
(288, 8, 2, -1),
(289, 13, 2, 2),
(290, 9, 3, -4),
(291, 9, 3, -4),
(292, 9, 3, -4),
(293, 9, 4, -4),
(294, 20, 1, -2),
(295, 16, 2, -1),
(296, 16, 2, -1),
(297, 16, 3, -1),
(298, 16, 4, -1),
(299, 14, 3, 3),
(300, 5, 2, 1),
(301, 3, 3, -3),
(302, 6, 1, -1),
(303, 6, 1, -1),
(304, 6, 1, -1),
(305, 6, 4, -1),
(306, 16, 2, -2),
(307, 16, 2, -2),
(308, 16, 3, -2),
(309, 16, 4, -2),
(310, 1, 1, 2),
(311, 10, 4, 2),
(312, 10, 3, 6),
(313, 4, 3, -2),
(314, 4, 3, -2),
(315, 4, 3, -2),
(316, 4, 4, -2),
(317, 4, 3, -1),
(318, 4, 3, -1),
(319, 4, 3, -1),
(320, 4, 4, -1),
(321, 12, 4, 2),
(322, 2, 1, -1),
(323, 2, 2, -1),
(324, 2, 3, -1),
(325, 2, 4, -1),
(326, 18, 1, -1),
(327, 18, 2, -1),
(328, 18, 3, -1),
(329, 18, 4, -1),
(330, 6, 1, 5),
(331, 12, 2, 6),
(332, 19, 1, 3),
(333, 7, 1, -1),
(334, 7, 1, -1),
(335, 7, 1, -1),
(336, 7, 4, -1),
(337, 15, 3, 6),
(338, 3, 3, 9),
(339, 16, 4, 4),
(340, 17, 1, -1),
(341, 17, 1, -1),
(342, 17, 2, -1),
(343, 17, 4, -1),
(344, 15, 3, -2),
(345, 15, 3, -2),
(346, 15, 3, -2),
(347, 15, 4, -2),
(348, 16, 2, 12),
(349, 6, 1, -1),
(350, 6, 1, -1),
(351, 6, 1, -1),
(352, 6, 4, -1),
(353, 11, 2, -3),
(354, 11, 2, -3),
(355, 11, 2, -3),
(356, 11, 4, -3),
(357, 18, 4, 1),
(358, 17, 1, -1),
(359, 17, 1, -1),
(360, 17, 2, -1),
(361, 17, 4, -1),
(362, 18, 2, 6),
(363, 7, 1, -1),
(364, 6, 3, 3),
(365, 4, 3, -6),
(366, 3, 3, -3),
(367, 7, 1, 1),
(368, 8, 4, 1),
(369, 20, 1, -1),
(370, 20, 1, -1),
(371, 20, 1, -1),
(372, 20, 4, -1),
(373, 5, 3, -1),
(374, 5, 3, -1),
(375, 5, 3, -1),
(376, 5, 4, -1),
(377, 8, 2, 3),
(378, 12, 3, 3),
(379, 1, 1, -1),
(380, 1, 2, -1),
(381, 1, 3, -1),
(382, 1, 4, -1),
(383, 7, 1, 3),
(384, 10, 3, -3),
(385, 6, 1, -1),
(386, 6, 1, -1),
(387, 6, 1, -1),
(388, 6, 4, -1),
(389, 12, 2, -2),
(390, 12, 2, -2),
(391, 12, 2, -2),
(392, 12, 4, -2),
(393, 18, 2, -3),
(394, 14, 3, -1),
(395, 14, 3, -1),
(396, 14, 3, -1),
(397, 14, 4, -1),
(398, 2, 3, 3),
(399, 13, 1, -1),
(400, 3, 3, -3),
(401, 13, 1, -1),
(402, 13, 1, -1),
(403, 13, 4, -1),
(404, 10, 3, -3),
(405, 2, 3, 3),
(406, 12, 2, 1),
(407, 12, 4, 3),
(408, 6, 4, 3),
(409, 19, 1, -1),
(410, 19, 2, -1),
(411, 19, 2, -1),
(412, 19, 4, -1),
(413, 12, 2, 9),
(414, 13, 1, -1),
(415, 13, 1, -1),
(416, 13, 2, -1),
(417, 13, 4, -1),
(418, 3, 1, 0),
(419, 16, 3, 0),
(420, 3, 1, 2),
(421, 20, 1, -1),
(422, 20, 1, -1),
(423, 20, 1, -1),
(424, 20, 4, -1),
(425, 16, 3, 2),
(426, 14, 1, 0),
(427, 14, 4, 1),
(428, 14, 1, 2),
(429, 6, 2, 0),
(430, 3, 3, 4),
(431, 8, 2, -1),
(432, 17, 4, 2),
(433, 17, 1, 6),
(434, 12, 2, -4),
(435, 7, 3, 0),
(436, 16, 1, 0),
(437, 16, 1, 2),
(438, 10, 2, 0),
(439, 7, 4, 3),
(440, 7, 3, 12),
(441, 10, 4, 1),
(442, 10, 2, 3),
(443, 20, 4, 1),
(444, 20, 1, 4),
(445, 3, 3, -3),
(446, 1, 1, 0),
(447, 4, 2, 1),
(448, 1, 4, 3),
(449, 1, 1, 3),
(450, 14, 4, 1),
(451, 19, 1, -1),
(452, 19, 2, -1),
(453, 19, 2, -1),
(454, 19, 4, -1),
(455, 14, 3, 4),
(456, 13, 1, 3),
(457, 18, 1, 0),
(458, 18, 1, 0),
(459, 18, 1, 0),
(460, 18, 4, 0),
(461, 18, 1, -1),
(462, 18, 2, -1),
(463, 18, 3, -1),
(464, 18, 4, -1),
(465, 20, 3, 3),
(466, 17, 3, 0),
(467, 2, 1, -1),
(468, 17, 3, 6),
(469, 13, 1, -2),
(470, 5, 1, 0),
(471, 5, 1, 0),
(472, 5, 1, 0),
(473, 5, 4, 0),
(474, 7, 3, -1),
(475, 11, 4, 2),
(476, 5, 1, 2),
(477, 15, 4, 4),
(478, 15, 3, 9),
(479, 20, 1, -2),
(480, 11, 2, 6),
(481, 5, 1, -2),
(482, 5, 2, -2),
(483, 5, 3, -2),
(484, 5, 4, -2),
(485, 7, 1, 9),
(486, 2, 4, 2),
(487, 9, 4, 4),
(488, 1, 2, 3),
(489, 3, 1, -2),
(490, 3, 3, -2),
(491, 3, 3, -2),
(492, 3, 4, -2),
(493, 9, 3, 8),
(494, 12, 2, -3),
(495, 12, 2, -3),
(496, 12, 3, -3),
(497, 12, 4, -3),
(498, 13, 4, 2),
(499, 8, 2, -1),
(500, 8, 2, -1),
(501, 8, 2, -1),
(502, 8, 4, -1),
(503, 19, 4, 1),
(504, 19, 2, 2),
(505, 11, 2, -3),
(506, 15, 2, 0),
(507, 10, 1, 2),
(508, 20, 2, 3),
(509, 14, 1, -1),
(510, 14, 3, -1),
(511, 14, 3, -1),
(512, 14, 4, -1),
(513, 12, 2, 4),
(514, 15, 2, 3),
(515, 4, 3, 2),
(516, 20, 4, 1),
(517, 12, 2, -4),
(518, 10, 1, 0),
(519, 10, 1, 0),
(520, 10, 1, 0),
(521, 10, 4, 0),
(522, 6, 2, 0),
(523, 14, 1, -1),
(524, 14, 3, -1),
(525, 14, 3, -1),
(526, 14, 4, -1),
(527, 6, 2, 4),
(528, 1, 3, 0),
(529, 1, 3, 2),
(530, 12, 4, 2),
(531, 1, 3, 1),
(532, 12, 2, 4),
(533, 15, 3, -3),
(534, 13, 3, 0),
(535, 10, 2, -2),
(536, 10, 3, -2),
(537, 10, 3, -2),
(538, 10, 4, -2),
(539, 13, 3, 2),
(540, 5, 2, 0),
(541, 10, 2, -1),
(542, 10, 3, -1),
(543, 10, 3, -1),
(544, 10, 4, -1),
(545, 5, 4, 1),
(546, 17, 1, -1),
(547, 17, 2, -1),
(548, 17, 3, -1),
(549, 17, 4, -1),
(550, 15, 3, 3),
(551, 15, 3, -3),
(552, 16, 1, 0),
(553, 16, 1, 0),
(554, 16, 1, 0),
(555, 16, 4, 0),
(556, 9, 2, 0),
(557, 3, 4, 2),
(558, 8, 2, -3),
(559, 3, 3, 9),
(560, 16, 1, -1),
(561, 16, 2, -1),
(562, 16, 3, -1),
(563, 16, 4, -1),
(564, 9, 2, 8),
(565, 16, 1, -1),
(566, 16, 2, -1),
(567, 16, 3, -1),
(568, 16, 4, -1),
(569, 16, 2, -4),
(570, 15, 2, -1),
(571, 13, 2, 4),
(572, 12, 3, 3),
(573, 3, 3, -3),
(574, 10, 3, 3),
(575, 18, 2, 3),
(576, 3, 4, 1),
(577, 7, 2, 0),
(578, 3, 3, 1),
(579, 3, 3, -3),
(580, 13, 1, -1),
(581, 13, 2, -1),
(582, 13, 3, -1),
(583, 13, 4, -1),
(584, 20, 2, 3),
(585, 19, 1, -1),
(586, 19, 2, -1),
(587, 19, 2, -1),
(588, 19, 4, -1),
(589, 14, 4, 2),
(590, 7, 2, 6),
(591, 9, 2, -3),
(592, 9, 3, -3),
(593, 9, 3, -3),
(594, 9, 4, -3),
(595, 14, 3, 6),
(596, 6, 1, -1),
(597, 6, 2, -1),
(598, 6, 3, -1),
(599, 6, 4, -1),
(600, 4, 2, -1),
(601, 4, 3, -1),
(602, 4, 3, -1),
(603, 4, 4, -1),
(604, 18, 2, -1),
(605, 18, 2, -1),
(606, 18, 2, -1),
(607, 18, 4, -1),
(608, 6, 4, 4),
(609, 6, 1, 4),
(610, 17, 1, 0),
(611, 17, 1, 0),
(612, 17, 1, 0),
(613, 17, 4, 0),
(614, 2, 1, -2),
(615, 2, 2, -2),
(616, 2, 3, -2),
(617, 2, 4, -2),
(618, 17, 1, -2),
(619, 17, 2, -2),
(620, 17, 3, -2),
(621, 17, 4, -2),
(622, 13, 4, 1),
(623, 2, 1, -1),
(624, 2, 3, -1),
(625, 2, 3, -1),
(626, 2, 4, -1),
(627, 1, 1, 0),
(628, 1, 1, 0),
(629, 13, 1, 4),
(630, 1, 1, 0),
(631, 1, 4, 0),
(632, 11, 3, 0),
(633, 15, 2, -2),
(634, 15, 3, -2),
(635, 15, 3, -2),
(636, 15, 4, -2),
(637, 11, 3, 3),
(638, 19, 3, 3),
(639, 16, 1, 0),
(640, 5, 2, 0),
(641, 16, 4, 1),
(642, 5, 4, 2),
(643, 16, 1, 3),
(644, 12, 2, 4),
(645, 4, 4, 2),
(646, 14, 3, -2),
(647, 4, 3, 0),
(648, 1, 1, -3),
(649, 1, 2, -3),
(650, 1, 3, -3),
(651, 1, 4, -3),
(652, 4, 3, 6),
(653, 11, 1, 0),
(654, 12, 2, -4),
(655, 11, 1, 3),
(656, 1, 1, -1),
(657, 1, 2, -1),
(658, 1, 3, -1),
(659, 1, 4, -1),
(660, 20, 1, -2),
(661, 20, 2, -2),
(662, 20, 3, -2),
(663, 20, 4, -2),
(664, 5, 4, -2),
(665, 6, 1, 0),
(666, 6, 1, 0),
(667, 6, 1, 0),
(668, 6, 4, 0),
(669, 9, 1, 0),
(670, 9, 1, 0),
(671, 9, 1, 0),
(672, 9, 4, 0),
(673, 18, 4, 2),
(674, 9, 2, 0),
(675, 9, 3, -1),
(676, 9, 3, -1),
(677, 9, 4, -1),
(678, 6, 1, -2),
(679, 6, 2, -2),
(680, 6, 3, -2),
(681, 6, 4, -2),
(682, 14, 3, -1),
(683, 14, 3, -1),
(684, 14, 3, -1),
(685, 14, 4, -1),
(686, 2, 2, 0),
(687, 2, 4, 1),
(688, 2, 2, 2),
(689, 7, 1, -2),
(690, 7, 1, -2),
(691, 7, 3, -2),
(692, 7, 4, -2),
(693, 12, 2, -2),
(694, 12, 2, -2),
(695, 12, 3, -2),
(696, 12, 4, -2),
(697, 5, 2, 0),
(698, 10, 1, -1),
(699, 10, 3, -1),
(700, 10, 3, -1),
(701, 10, 4, -1),
(702, 13, 1, -1),
(703, 13, 2, -1),
(704, 13, 3, -1),
(705, 13, 4, -1),
(706, 5, 2, 3),
(707, 18, 3, 2),
(708, 15, 4, 3),
(709, 15, 3, 8),
(710, 20, 4, 2),
(711, 20, 1, 4),
(712, 3, 2, 0),
(713, 13, 3, 3),
(714, 2, 2, 4),
(715, 5, 1, 0),
(716, 6, 3, 4),
(717, 5, 1, 2),
(718, 3, 2, 4),
(719, 15, 2, 0),
(720, 7, 4, 4),
(721, 15, 2, 2),
(722, 10, 4, 2),
(723, 12, 4, 2),
(724, 1, 1, 0),
(725, 1, 4, 5),
(726, 12, 2, 6),
(727, 10, 3, 6),
(728, 11, 1, -1),
(729, 11, 2, -1),
(730, 11, 3, -1),
(731, 11, 4, -1),
(732, 1, 1, 5),
(733, 15, 3, -3),
(734, 6, 2, 0),
(735, 15, 3, 3),
(736, 3, 1, 0),
(737, 5, 1, 0),
(738, 5, 1, 0),
(739, 5, 1, 0),
(740, 5, 4, 0),
(741, 15, 3, -3),
(742, 3, 1, 4),
(743, 6, 2, 3),
(744, 3, 4, 1),
(745, 18, 2, 1),
(746, 2, 4, 1),
(747, 2, 1, 2),
(748, 19, 4, 1),
(749, 7, 1, -1),
(750, 7, 1, -1),
(751, 7, 3, -1),
(752, 7, 4, -1),
(753, 20, 4, 0),
(754, 19, 2, 2),
(755, 20, 3, 4),
(756, 11, 4, 1),
(757, 7, 1, -1),
(758, 7, 3, -1),
(759, 7, 3, -1),
(760, 7, 4, -1),
(761, 18, 2, -1),
(762, 18, 2, -1),
(763, 18, 3, -1),
(764, 18, 4, -1),
(765, 16, 1, 0),
(766, 16, 1, 0),
(767, 16, 1, 0),
(768, 16, 4, 0),
(769, 14, 3, 3),
(770, 10, 1, -1),
(771, 10, 3, -1),
(772, 10, 3, -1),
(773, 10, 4, -1),
(774, 7, 1, 9),
(775, 5, 1, -1),
(776, 5, 2, -1),
(777, 5, 3, -1),
(778, 5, 4, -1),
(779, 16, 1, -3),
(780, 16, 2, -3),
(781, 16, 2, -3),
(782, 16, 4, -3),
(783, 9, 4, 4),
(784, 8, 2, 3),
(785, 9, 3, 8),
(786, 18, 4, 2),
(787, 18, 2, 3),
(788, 6, 1, -2),
(789, 6, 1, -2),
(790, 6, 3, -2),
(791, 6, 4, -2),
(792, 4, 3, -2),
(793, 4, 3, -2),
(794, 4, 3, -2),
(795, 4, 4, -2),
(796, 17, 4, 2),
(797, 13, 1, -1),
(798, 13, 1, -1),
(799, 13, 3, -1),
(800, 13, 4, -1),
(801, 11, 1, -1),
(802, 11, 2, -1),
(803, 11, 3, -1),
(804, 11, 4, -1),
(805, 20, 1, 3),
(806, 1, 3, 0),
(807, 1, 3, 5),
(808, 11, 1, -1),
(809, 11, 2, -1),
(810, 11, 3, -1),
(811, 11, 4, -1),
(812, 8, 2, -3),
(813, 10, 3, -1),
(814, 10, 3, -1),
(815, 10, 3, -1),
(816, 10, 4, -1),
(817, 12, 2, -1),
(818, 12, 2, -1),
(819, 12, 3, -1),
(820, 12, 4, -1),
(821, 15, 3, 3),
(822, 14, 3, -1),
(823, 14, 3, -1),
(824, 14, 3, -1),
(825, 14, 4, -1),
(826, 17, 1, -1),
(827, 17, 1, -1),
(828, 17, 3, -1),
(829, 17, 4, -1),
(830, 12, 2, -1),
(831, 12, 2, -1),
(832, 12, 2, -1),
(833, 12, 4, -1),
(834, 14, 3, -1),
(835, 5, 4, 2),
(836, 13, 4, 2),
(837, 15, 3, -1),
(838, 14, 2, 3),
(839, 4, 4, 1),
(840, 19, 2, -1),
(841, 19, 2, -1),
(842, 19, 3, -1),
(843, 19, 4, -1),
(844, 4, 3, 3),
(845, 15, 2, -2),
(846, 15, 3, -2),
(847, 15, 3, -2),
(848, 15, 4, -2),
(849, 6, 1, 3),
(850, 15, 3, -1),
(851, 15, 3, -1),
(852, 15, 3, -1),
(853, 15, 4, -1),
(854, 6, 4, 1),
(855, 18, 2, -1),
(856, 18, 2, -1),
(857, 18, 3, -1),
(858, 18, 4, -1),
(859, 19, 4, 1),
(860, 19, 2, 2),
(861, 15, 3, -2),
(862, 12, 4, 1),
(863, 12, 2, 2),
(864, 5, 1, -2),
(865, 5, 2, -2),
(866, 5, 3, -2),
(867, 5, 4, -2),
(868, 1, 1, -1),
(869, 1, 2, -1),
(870, 1, 3, -1),
(871, 1, 4, -1),
(872, 10, 2, 0),
(873, 10, 4, 1),
(874, 10, 2, 3),
(875, 17, 1, -2),
(876, 17, 1, -2),
(877, 17, 3, -2),
(878, 17, 4, -2),
(879, 15, 3, 1),
(880, 14, 4, 1),
(881, 8, 2, 3),
(882, 14, 3, 2),
(883, 3, 1, -2),
(884, 3, 2, -2),
(885, 3, 3, -2),
(886, 3, 4, -2),
(887, 3, 1, 0),
(888, 3, 1, 0),
(889, 3, 1, 0),
(890, 3, 4, 0),
(891, 6, 2, -1),
(892, 6, 2, -1),
(893, 6, 3, -1),
(894, 6, 4, -1),
(895, 1, 1, 0),
(896, 1, 1, 0),
(897, 1, 1, 0),
(898, 1, 4, 0),
(899, 3, 1, -1),
(900, 3, 2, -1),
(901, 3, 3, -1),
(902, 3, 4, -1),
(903, 6, 2, -1),
(904, 6, 2, -1),
(905, 6, 3, -1),
(906, 6, 4, -1),
(907, 8, 2, -3),
(908, 11, 3, 2),
(909, 1, 1, -2),
(910, 1, 2, -2),
(911, 1, 3, -2),
(912, 1, 4, -2),
(913, 12, 2, -1),
(914, 12, 2, -1),
(915, 12, 2, -1),
(916, 12, 4, -1),
(917, 15, 3, -1),
(918, 20, 1, 0),
(919, 20, 1, 0),
(920, 20, 1, 0),
(921, 20, 4, 0),
(922, 20, 1, -2),
(923, 20, 2, -2),
(924, 20, 3, -2),
(925, 20, 4, -2),
(926, 7, 1, -2),
(927, 7, 1, -2),
(928, 7, 3, -2),
(929, 7, 4, -2),
(930, 19, 2, -1),
(931, 19, 2, -1),
(932, 19, 3, -1),
(933, 19, 4, -1),
(934, 14, 2, -1),
(935, 14, 3, -1),
(936, 14, 3, -1),
(937, 14, 4, -1),
(938, 5, 3, 1),
(939, 2, 1, -2),
(940, 2, 2, -2),
(941, 2, 2, -2),
(942, 2, 4, -2),
(943, 9, 2, -3),
(944, 9, 3, -3),
(945, 9, 3, -3),
(946, 9, 4, -3),
(947, 6, 1, -1),
(948, 6, 1, -1),
(949, 6, 1, -1),
(950, 6, 4, -1),
(951, 18, 2, -1),
(952, 18, 2, 0),
(953, 18, 2, 0),
(954, 18, 4, -1),
(955, 2, 4, 1),
(956, 4, 3, -1),
(957, 4, 3, -1),
(958, 4, 3, -1),
(959, 4, 4, -1),
(960, 2, 4, 1),
(961, 14, 3, 1),
(962, 7, 1, -1),
(963, 18, 3, 1),
(964, 2, 4, 2),
(965, 20, 1, -3),
(966, 14, 4, 2),
(967, 2, 1, 6),
(968, 1, 2, 4),
(969, 14, 3, 3),
(970, 4, 2, 3),
(971, 13, 1, -1),
(972, 13, 2, -1),
(973, 13, 3, -1),
(974, 13, 4, -1),
(975, 4, 4, 1),
(976, 6, 4, 4),
(977, 4, 3, 2),
(978, 19, 4, 1),
(979, 6, 1, 10),
(980, 19, 2, 2),
(981, 12, 1, 3),
(982, 12, 3, 0),
(983, 13, 1, -1),
(984, 13, 2, -1),
(985, 13, 3, -1),
(986, 13, 4, -1),
(987, 12, 4, 2),
(988, 12, 3, 4),
(989, 16, 1, 0),
(990, 8, 4, 1),
(991, 20, 1, -1),
(992, 20, 2, -1),
(993, 20, 3, -1),
(994, 20, 4, -1),
(995, 16, 4, 4),
(996, 8, 2, 1),
(997, 5, 1, 0),
(998, 5, 1, 0),
(999, 5, 1, 0),
(1000, 5, 4, 0),
(1001, 16, 1, 12),
(1002, 5, 1, -1),
(1003, 5, 2, -1),
(1004, 5, 3, -1),
(1005, 5, 4, -1),
(1006, 3, 1, 0),
(1007, 3, 1, 0),
(1008, 3, 1, 0),
(1009, 3, 4, 0),
(1010, 1, 3, 0),
(1011, 1, 4, 4),
(1012, 3, 1, -1),
(1013, 3, 2, -1),
(1014, 3, 3, -1),
(1015, 3, 4, -1),
(1016, 1, 3, 4),
(1017, 10, 1, 0),
(1018, 10, 1, 0),
(1019, 10, 1, 0),
(1020, 10, 4, 0),
(1021, 10, 2, -1),
(1022, 10, 3, -1),
(1023, 10, 3, -1),
(1024, 10, 4, -1),
(1025, 9, 4, 3),
(1026, 17, 4, 2),
(1027, 9, 3, 3),
(1028, 17, 1, 3),
(1029, 7, 1, -2),
(1030, 7, 2, -2),
(1031, 7, 3, -2),
(1032, 7, 4, -2),
(1033, 8, 1, 0),
(1034, 8, 1, 1),
(1035, 11, 4, 4),
(1036, 12, 2, 2),
(1037, 20, 4, 3),
(1038, 11, 3, 0),
(1039, 11, 3, 6),
(1040, 20, 1, 3),
(1041, 19, 2, -1),
(1042, 19, 2, -1),
(1043, 19, 3, -1),
(1044, 19, 4, -1),
(1045, 14, 1, 0),
(1046, 9, 2, 0),
(1047, 14, 3, -1),
(1048, 9, 2, 3),
(1049, 14, 1, 2),
(1050, 15, 1, 0),
(1051, 15, 4, 2),
(1052, 15, 1, 9),
(1053, 6, 3, 0),
(1054, 6, 3, 4),
(1055, 18, 3, 1),
(1056, 4, 2, -1),
(1057, 4, 3, -1),
(1058, 4, 3, -1),
(1059, 4, 4, -1),
(1060, 3, 4, 3),
(1061, 3, 3, 6),
(1062, 13, 4, 3),
(1063, 5, 2, 0),
(1064, 5, 4, 2),
(1065, 13, 1, 5),
(1066, 2, 1, -2),
(1067, 2, 2, -2),
(1068, 2, 3, -2),
(1069, 2, 4, -2),
(1070, 5, 2, 6),
(1071, 18, 1, 0),
(1072, 18, 1, 0),
(1073, 18, 1, 0),
(1074, 18, 4, 0),
(1075, 10, 4, 1),
(1076, 18, 2, -1),
(1077, 18, 2, -1),
(1078, 18, 3, -1),
(1079, 18, 4, -1),
(1080, 10, 3, 3),
(1081, 1, 1, 0),
(1082, 6, 2, 0),
(1083, 6, 2, 5),
(1084, 8, 3, 0),
(1085, 1, 1, 5),
(1086, 8, 3, 1),
(1087, 3, 3, -3),
(1088, 16, 3, 0),
(1089, 9, 1, 0),
(1090, 14, 1, -1),
(1091, 14, 2, -1),
(1092, 14, 3, -1),
(1093, 14, 4, -1),
(1094, 16, 3, 2),
(1095, 9, 1, 3),
(1096, 11, 2, 4),
(1097, 19, 3, 3),
(1098, 4, 4, 2),
(1099, 12, 1, -1),
(1100, 12, 2, -1),
(1101, 12, 3, -1),
(1102, 12, 4, -1),
(1103, 20, 1, -1),
(1104, 20, 2, -1),
(1105, 20, 3, -1),
(1106, 20, 4, -1),
(1107, 4, 3, 4),
(1108, 13, 1, -3),
(1109, 12, 1, -1),
(1110, 12, 2, -1),
(1111, 12, 3, -1),
(1112, 12, 4, -1),
(1113, 5, 1, 3),
(1114, 19, 4, 1),
(1115, 7, 4, 4),
(1116, 19, 2, 2),
(1117, 7, 1, 12),
(1118, 17, 1, -1),
(1119, 17, 1, -1),
(1120, 17, 1, -1),
(1121, 17, 4, -1),
(1122, 12, 4, 2),
(1123, 14, 1, 0),
(1124, 14, 1, 0),
(1125, 14, 1, 0),
(1126, 14, 4, 0),
(1127, 12, 2, 3),
(1128, 15, 4, 1),
(1129, 14, 1, -1),
(1130, 14, 2, -1),
(1131, 14, 3, -1),
(1132, 14, 4, -1),
(1133, 15, 3, 6),
(1134, 1, 1, -2),
(1135, 1, 2, -2),
(1136, 1, 3, -2),
(1137, 1, 4, -2),
(1138, 14, 3, -1),
(1139, 5, 4, 2),
(1140, 3, 1, 0),
(1141, 18, 3, 0),
(1142, 8, 3, 1),
(1143, 3, 1, 4),
(1144, 18, 4, 2),
(1145, 18, 3, 4),
(1146, 10, 1, 0),
(1147, 10, 4, 2),
(1148, 10, 1, 6),
(1149, 2, 1, -1),
(1150, 2, 1, -1),
(1151, 2, 1, -1),
(1152, 2, 4, -1),
(1153, 3, 2, 0),
(1154, 3, 2, 4),
(1155, 17, 4, 2),
(1156, 13, 4, -1),
(1157, 20, 3, 0),
(1158, 17, 1, 6),
(1159, 20, 3, 4),
(1160, 13, 1, 1),
(1161, 13, 1, -1),
(1162, 14, 1, 0),
(1163, 1, 1, 0),
(1164, 1, 1, 0),
(1165, 1, 1, 0),
(1166, 1, 4, 0),
(1167, 14, 4, 2),
(1168, 3, 3, 4),
(1169, 14, 1, 3),
(1170, 10, 1, -1),
(1171, 10, 1, -1),
(1172, 2, 4, 1),
(1173, 1, 1, -2),
(1174, 1, 2, -2),
(1175, 1, 3, -2),
(1176, 1, 4, -2),
(1177, 19, 2, -1),
(1178, 19, 2, -1),
(1179, 19, 3, -1),
(1180, 19, 4, -1),
(1181, 2, 1, 3),
(1182, 5, 1, 0),
(1183, 5, 1, 0),
(1184, 5, 1, 0),
(1185, 5, 4, 0),
(1186, 19, 4, 1),
(1187, 3, 3, -3),
(1188, 19, 4, 1),
(1189, 14, 3, 3),
(1190, 19, 2, 2),
(1191, 5, 1, -1),
(1192, 5, 2, -1),
(1193, 5, 3, -1),
(1194, 5, 4, -1),
(1195, 12, 2, -1),
(1196, 12, 2, -1),
(1197, 12, 3, -1),
(1198, 12, 4, -1),
(1199, 9, 1, 0),
(1200, 9, 1, 0),
(1201, 9, 1, 0),
(1202, 9, 4, 0),
(1203, 12, 1, -1),
(1204, 12, 2, -1),
(1205, 12, 3, -1),
(1206, 12, 4, -1),
(1207, 18, 2, 2),
(1208, 10, 4, -2),
(1209, 2, 3, 0),
(1210, 20, 4, 2),
(1211, 1, 2, 6),
(1212, 9, 1, -3),
(1213, 9, 2, -3),
(1214, 9, 3, -3),
(1215, 9, 4, -3),
(1216, 2, 3, 2),
(1217, 20, 1, 6),
(1218, 9, 2, -1),
(1219, 9, 3, -1),
(1220, 9, 3, -1),
(1221, 9, 4, -1),
(1222, 8, 1, 0),
(1223, 8, 2, 0),
(1224, 8, 3, 0),
(1225, 8, 4, 0),
(1226, 7, 1, 0),
(1227, 7, 1, 0),
(1228, 7, 1, 0),
(1229, 7, 4, 0),
(1230, 4, 3, 3),
(1231, 8, 1, -1),
(1232, 8, 2, -1),
(1233, 8, 3, -1),
(1234, 8, 4, -1),
(1235, 17, 1, -1),
(1236, 17, 1, -1),
(1237, 17, 1, -1),
(1238, 17, 4, -1),
(1239, 7, 1, -2),
(1240, 7, 2, -2),
(1241, 7, 3, -2),
(1242, 7, 4, -2),
(1243, 4, 3, -3),
(1244, 19, 2, -1),
(1245, 19, 2, -1),
(1246, 19, 3, -1),
(1247, 19, 4, -1),
(1248, 7, 1, -2),
(1249, 7, 1, -2),
(1250, 7, 2, -2),
(1251, 7, 4, -2),
(1252, 5, 3, 3),
(1253, 13, 1, -1),
(1254, 13, 1, -1),
(1255, 13, 2, -1),
(1256, 13, 4, -1),
(1257, 14, 1, -1),
(1258, 14, 3, -1),
(1259, 14, 3, -1),
(1260, 14, 4, -1),
(1261, 6, 1, 0),
(1262, 6, 1, 0),
(1263, 6, 1, 0),
(1264, 6, 4, 0),
(1265, 16, 1, -2),
(1266, 19, 4, 1),
(1267, 6, 1, -1),
(1268, 6, 2, -1),
(1269, 6, 3, -1),
(1270, 6, 4, -1),
(1271, 5, 4, 1),
(1272, 19, 2, 2),
(1273, 20, 1, 0),
(1274, 20, 1, 0),
(1275, 20, 1, 0),
(1276, 20, 4, 0),
(1277, 14, 4, 1),
(1278, 8, 1, 2),
(1279, 14, 3, 3),
(1280, 13, 4, 1),
(1281, 11, 2, -1),
(1282, 20, 1, -2),
(1283, 20, 1, -2),
(1284, 20, 3, -2),
(1285, 20, 4, -2),
(1286, 17, 3, 0),
(1287, 13, 1, 6),
(1288, 19, 4, -1),
(1289, 17, 3, 3),
(1290, 12, 4, 2),
(1291, 5, 1, 0),
(1292, 18, 1, 0),
(1293, 18, 1, 0),
(1294, 18, 1, 0),
(1295, 18, 4, 0),
(1296, 5, 1, 3),
(1297, 1, 2, -1),
(1298, 18, 2, -1),
(1299, 18, 3, -1),
(1300, 18, 3, -1),
(1301, 18, 4, -1),
(1302, 11, 1, 0),
(1303, 11, 1, 0),
(1304, 11, 1, 0),
(1305, 11, 4, 0),
(1306, 12, 1, 0),
(1307, 15, 1, -3),
(1308, 15, 1, -3),
(1309, 15, 3, -3),
(1310, 15, 4, -3),
(1311, 12, 1, 3),
(1312, 15, 1, -1),
(1313, 15, 1, -1),
(1314, 15, 3, -1),
(1315, 15, 4, -1),
(1316, 7, 3, 0),
(1317, 8, 4, 1),
(1318, 13, 1, -3),
(1319, 7, 4, 3),
(1320, 8, 2, 3),
(1321, 15, 1, -1),
(1322, 15, 3, -1),
(1323, 15, 3, -1),
(1324, 15, 4, -1),
(1325, 13, 1, 6),
(1326, 11, 2, -2),
(1327, 11, 3, -2),
(1328, 11, 3, -2),
(1329, 11, 4, -2),
(1330, 20, 2, 0),
(1331, 11, 2, -1),
(1332, 11, 3, -1),
(1333, 11, 3, -1),
(1334, 11, 4, -1),
(1335, 3, 1, -1),
(1336, 3, 2, -1),
(1337, 3, 3, -1),
(1338, 3, 4, -1),
(1339, 20, 4, 2),
(1340, 14, 1, 0),
(1341, 14, 1, 0),
(1342, 14, 1, 0),
(1343, 14, 4, 0),
(1344, 20, 2, 5),
(1345, 1, 1, 0),
(1346, 1, 1, 0),
(1347, 1, 1, 0),
(1348, 1, 4, 0),
(1349, 7, 3, 6),
(1350, 14, 1, -1),
(1351, 14, 3, -1),
(1352, 14, 3, -1),
(1353, 14, 4, -1),
(1354, 1, 1, -2),
(1355, 1, 2, -2),
(1356, 1, 3, -2),
(1357, 1, 4, -2),
(1358, 12, 2, 3),
(1359, 6, 1, -2),
(1360, 6, 1, -2),
(1361, 6, 2, -2),
(1362, 6, 4, -2),
(1363, 17, 4, 2),
(1364, 19, 2, -1),
(1365, 19, 2, -1),
(1366, 19, 3, -1),
(1367, 19, 4, -1),
(1368, 6, 1, -1),
(1369, 6, 1, -1),
(1370, 6, 3, -1),
(1371, 6, 4, -1),
(1372, 17, 1, 2),
(1373, 5, 1, 0),
(1374, 5, 1, 0),
(1375, 5, 1, 0),
(1376, 5, 4, 0),
(1377, 14, 4, 1),
(1378, 10, 1, 0),
(1379, 18, 2, 1),
(1380, 10, 1, 0),
(1381, 10, 1, 0),
(1382, 10, 4, 0),
(1383, 14, 3, 3),
(1384, 4, 2, -2),
(1385, 4, 3, -2),
(1386, 4, 3, -2),
(1387, 4, 4, -2),
(1388, 6, 4, 2),
(1389, 18, 2, -1),
(1390, 5, 2, -1),
(1391, 5, 3, -1),
(1392, 5, 3, -1),
(1393, 5, 4, -1),
(1394, 18, 4, 1),
(1395, 6, 1, 6),
(1396, 9, 2, 0),
(1397, 16, 1, 0),
(1398, 16, 1, 0),
(1399, 16, 1, 0),
(1400, 16, 4, 0),
(1401, 9, 4, 3),
(1402, 13, 1, -3),
(1403, 15, 4, 2),
(1404, 18, 1, 0),
(1405, 9, 2, 3),
(1406, 15, 3, 6),
(1407, 18, 1, 6),
(1408, 10, 1, -2),
(1409, 10, 2, -2),
(1410, 10, 3, -2),
(1411, 10, 4, -2),
(1412, 19, 4, 1),
(1413, 16, 1, -2),
(1414, 16, 1, -2),
(1415, 16, 3, -2),
(1416, 16, 4, -2),
(1417, 19, 2, 3),
(1418, 9, 1, 0),
(1419, 10, 1, -1),
(1420, 10, 1, -1),
(1421, 10, 3, -1),
(1422, 10, 4, -1),
(1423, 9, 1, 3),
(1424, 2, 1, -1),
(1425, 2, 1, -1),
(1426, 2, 1, -1),
(1427, 2, 4, -1),
(1428, 3, 1, 0),
(1429, 3, 1, 0),
(1430, 3, 1, 0),
(1431, 3, 4, 0),
(1432, 7, 2, 0),
(1433, 2, 1, -1),
(1434, 2, 1, -1),
(1435, 2, 3, -1),
(1436, 2, 4, -1),
(1437, 14, 1, 0),
(1438, 14, 1, 0),
(1439, 14, 1, 0),
(1440, 14, 4, 0),
(1441, 7, 4, 3),
(1442, 4, 4, 1),
(1443, 19, 1, 3),
(1444, 4, 3, 3),
(1445, 7, 2, 9),
(1446, 14, 1, -1),
(1447, 14, 3, -1),
(1448, 14, 3, -1),
(1449, 14, 4, -1),
(1450, 3, 1, -2),
(1451, 3, 2, -2),
(1452, 3, 3, -2),
(1453, 3, 4, -2),
(1454, 3, 3, 3),
(1455, 19, 4, 1),
(1456, 9, 3, 3),
(1457, 4, 3, 3),
(1458, 2, 4, 1),
(1459, 13, 1, 0),
(1460, 13, 1, 0),
(1461, 13, 1, 0),
(1462, 13, 4, 0),
(1463, 2, 1, 2),
(1464, 1, 1, -1),
(1465, 1, 2, -1),
(1466, 1, 3, -1),
(1467, 1, 4, -1),
(1468, 17, 1, -1),
(1469, 17, 1, -1),
(1470, 17, 3, -1),
(1471, 17, 4, -1),
(1472, 4, 3, -3),
(1473, 13, 1, -1),
(1474, 13, 1, -1),
(1475, 13, 1, -1),
(1476, 13, 4, -1),
(1477, 14, 4, 1),
(1478, 14, 3, 3),
(1479, 8, 1, -1),
(1480, 8, 2, -1),
(1481, 8, 3, -1),
(1482, 8, 4, -1),
(1483, 6, 1, 0),
(1484, 6, 1, 0),
(1485, 6, 1, 0),
(1486, 6, 4, 0),
(1487, 3, 3, -1),
(1488, 11, 2, 1),
(1489, 6, 1, -2),
(1490, 6, 2, -2),
(1491, 6, 3, -2),
(1492, 6, 4, -2),
(1493, 1, 4, 3),
(1494, 14, 3, -1),
(1495, 14, 3, -1),
(1496, 14, 3, -1),
(1497, 14, 4, -1),
(1498, 1, 2, 2),
(1499, 13, 1, 3),
(1500, 10, 4, 2),
(1501, 12, 2, 1),
(1502, 1, 1, 0),
(1503, 3, 3, -2),
(1504, 18, 1, -1),
(1505, 18, 2, -1),
(1506, 18, 3, -1),
(1507, 18, 4, -1),
(1508, 13, 1, -3),
(1509, 1, 1, 4),
(1510, 17, 1, -1),
(1511, 17, 1, -1),
(1512, 17, 3, -1),
(1513, 17, 4, -1),
(1514, 5, 1, 0),
(1515, 5, 1, 0),
(1516, 5, 1, 0),
(1517, 5, 4, 0),
(1518, 6, 4, 4),
(1519, 19, 1, -1),
(1520, 19, 2, -1),
(1521, 19, 2, -1),
(1522, 19, 4, -1),
(1523, 18, 4, 1),
(1524, 5, 2, -1),
(1525, 5, 3, -1),
(1526, 5, 3, -1),
(1527, 5, 4, -1),
(1528, 10, 3, 2),
(1529, 18, 2, 1),
(1530, 20, 1, 0),
(1531, 4, 3, 3),
(1532, 20, 1, 0),
(1533, 20, 1, 0),
(1534, 20, 4, 0),
(1535, 15, 3, -3),
(1536, 15, 3, -1),
(1537, 15, 3, -1),
(1538, 15, 3, -1),
(1539, 15, 4, -1),
(1540, 16, 1, 0),
(1541, 16, 1, 0),
(1542, 16, 1, 0),
(1543, 16, 4, 0),
(1544, 1, 3, 0),
(1545, 1, 3, 4),
(1546, 16, 1, -2),
(1547, 16, 1, -2),
(1548, 16, 1, -2),
(1549, 16, 4, -2),
(1550, 20, 1, -2),
(1551, 20, 2, -2),
(1552, 20, 3, -2),
(1553, 20, 4, -2),
(1554, 13, 1, -1),
(1555, 13, 1, -1),
(1556, 13, 1, -1),
(1557, 13, 4, -1),
(1558, 14, 3, -1),
(1559, 14, 3, -1),
(1560, 14, 3, -1),
(1561, 14, 4, -1),
(1562, 5, 1, 0),
(1563, 5, 1, 0),
(1564, 5, 1, 0),
(1565, 5, 4, 0),
(1566, 4, 4, 1),
(1567, 6, 1, 2),
(1568, 12, 1, -2),
(1569, 12, 2, -2),
(1570, 12, 2, -2),
(1571, 12, 4, -2),
(1572, 19, 2, 1),
(1573, 15, 3, 3),
(1574, 5, 1, -1),
(1575, 5, 2, -1),
(1576, 5, 2, -1),
(1577, 5, 4, -1),
(1578, 13, 1, 3),
(1579, 8, 1, -1),
(1580, 8, 2, -1),
(1581, 8, 2, -1),
(1582, 8, 4, -1),
(1583, 13, 4, 1),
(1584, 18, 1, 0),
(1585, 18, 1, 0),
(1586, 18, 1, 0),
(1587, 18, 4, 0),
(1588, 2, 1, -1),
(1589, 2, 1, -1),
(1590, 2, 3, -1),
(1591, 2, 4, -1),
(1592, 10, 2, 0),
(1593, 10, 4, 2),
(1594, 18, 1, -1),
(1595, 18, 1, -1),
(1596, 18, 3, -1),
(1597, 18, 4, -1),
(1598, 20, 1, -1),
(1599, 20, 1, -1),
(1600, 20, 2, -1),
(1601, 20, 4, -1),
(1602, 11, 2, -1),
(1603, 11, 3, -1),
(1604, 11, 3, -1),
(1605, 11, 4, -1),
(1606, 10, 2, 3),
(1607, 4, 3, -2),
(1608, 4, 3, -2),
(1609, 4, 3, -2),
(1610, 4, 4, -2),
(1611, 6, 1, -2),
(1612, 6, 1, -2),
(1613, 6, 1, -2),
(1614, 6, 4, -2),
(1615, 18, 1, -1),
(1616, 18, 2, -1),
(1617, 18, 3, -1),
(1618, 18, 4, -1),
(1619, 7, 1, -1),
(1620, 10, 1, 1),
(1621, 20, 3, 3),
(1622, 3, 4, 4),
(1623, 6, 2, 0),
(1624, 2, 4, 1),
(1625, 3, 3, 7),
(1626, 2, 1, 3),
(1627, 13, 1, -1),
(1628, 13, 1, -1),
(1629, 13, 1, -1),
(1630, 13, 4, -1),
(1631, 6, 4, 3),
(1632, 16, 1, 0),
(1633, 6, 2, 10),
(1634, 16, 4, 4),
(1635, 19, 1, -1),
(1636, 19, 2, -1),
(1637, 19, 2, -1),
(1638, 19, 4, -1),
(1639, 20, 1, -1),
(1640, 20, 2, -1),
(1641, 20, 3, -1),
(1642, 20, 4, -1),
(1643, 16, 1, 12),
(1644, 15, 3, -1),
(1645, 15, 3, -1),
(1646, 15, 3, -1),
(1647, 15, 4, -1),
(1648, 9, 1, 0),
(1649, 9, 1, 0),
(1650, 9, 1, 0),
(1651, 9, 4, 0),
(1652, 4, 4, 2),
(1653, 12, 4, 1),
(1654, 12, 2, 2),
(1655, 4, 3, 6),
(1656, 11, 4, 4),
(1657, 9, 1, -3),
(1658, 9, 2, -3),
(1659, 9, 3, -3),
(1660, 9, 4, -3),
(1661, 10, 4, 2),
(1662, 3, 3, -3),
(1663, 11, 2, 12),
(1664, 14, 1, 0),
(1665, 18, 3, 0),
(1666, 14, 4, 2),
(1667, 18, 4, 2),
(1668, 14, 1, 3),
(1669, 10, 4, -1),
(1670, 18, 3, 2),
(1671, 7, 1, -3),
(1672, 7, 2, -3),
(1673, 7, 3, -3),
(1674, 7, 4, -3),
(1675, 20, 4, 4),
(1676, 10, 4, -1),
(1677, 1, 3, 0),
(1678, 20, 1, 5),
(1679, 1, 4, 4),
(1680, 1, 3, 4),
(1681, 3, 1, 0),
(1682, 3, 1, 4),
(1683, 5, 4, 3),
(1684, 2, 2, 0),
(1685, 17, 4, 1),
(1686, 5, 3, 8),
(1687, 2, 4, 2),
(1688, 17, 1, 3),
(1689, 2, 2, 3),
(1690, 13, 4, 1),
(1691, 16, 4, 1),
(1692, 13, 1, 3),
(1693, 19, 4, 1),
(1694, 19, 2, 2),
(1695, 1, 1, 0),
(1696, 1, 1, 4),
(1697, 8, 4, 2),
(1698, 6, 4, 0),
(1699, 8, 2, 4),
(1700, 6, 4, 3),
(1701, 6, 3, 12),
(1702, 18, 2, 2),
(1703, 17, 1, -1),
(1704, 10, 1, 0),
(1705, 17, 1, -1),
(1706, 17, 3, -1),
(1707, 17, 4, -1),
(1708, 12, 1, 0),
(1709, 12, 1, 0),
(1710, 12, 1, 0),
(1711, 12, 4, 0),
(1712, 10, 4, 1),
(1713, 3, 2, 0),
(1714, 3, 2, 4),
(1715, 10, 1, 3),
(1716, 7, 1, 0),
(1717, 7, 1, 0),
(1718, 7, 1, 0),
(1719, 7, 4, 0),
(1720, 13, 1, 2),
(1721, 12, 1, -1),
(1722, 12, 2, -1),
(1723, 12, 2, -1),
(1724, 12, 4, -1),
(1725, 16, 2, 3),
(1726, 8, 1, 0),
(1727, 8, 1, 2),
(1728, 3, 3, 2),
(1729, 20, 1, -1),
(1730, 20, 2, -1),
(1731, 20, 3, -1),
(1732, 20, 4, -1),
(1733, 5, 2, 0),
(1734, 14, 4, 1),
(1735, 7, 1, -3),
(1736, 7, 2, -3),
(1737, 7, 3, -3),
(1738, 7, 4, -3),
(1739, 3, 3, -2),
(1740, 5, 2, 8),
(1741, 1, 1, 0),
(1742, 1, 1, 0),
(1743, 1, 1, 0),
(1744, 1, 4, 0),
(1745, 13, 1, -3),
(1746, 3, 3, 3),
(1747, 14, 3, 3),
(1748, 3, 3, -3),
(1749, 10, 1, -1),
(1750, 10, 2, -1),
(1751, 10, 3, -1),
(1752, 10, 4, -1),
(1753, 7, 4, 4),
(1754, 1, 1, -2),
(1755, 1, 2, -2),
(1756, 1, 3, -2),
(1757, 1, 4, -2),
(1758, 15, 4, 3),
(1759, 7, 1, 12),
(1760, 14, 2, 0),
(1761, 15, 3, 3),
(1762, 14, 2, 3),
(1763, 4, 3, -2),
(1764, 4, 3, -2),
(1765, 4, 3, -2),
(1766, 4, 4, -2),
(1767, 5, 1, 0),
(1768, 20, 2, 0),
(1769, 1, 1, -1),
(1770, 1, 2, -1),
(1771, 1, 3, -1),
(1772, 1, 4, -1),
(1773, 2, 3, 0),
(1774, 20, 2, 6),
(1775, 3, 1, 0),
(1776, 3, 1, 0),
(1777, 3, 1, 0),
(1778, 3, 4, 0),
(1779, 1, 1, 0),
(1780, 1, 1, 0),
(1781, 1, 1, 0),
(1782, 1, 4, 0),
(1783, 2, 3, 3),
(1784, 13, 3, 0),
(1785, 13, 3, 2),
(1786, 1, 1, -1),
(1787, 1, 2, -1),
(1788, 1, 3, -1),
(1789, 1, 4, -1),
(1790, 12, 4, 2),
(1791, 3, 1, -1),
(1792, 3, 2, -1),
(1793, 3, 3, -1),
(1794, 3, 4, -1),
(1795, 12, 2, 6),
(1796, 9, 4, 4),
(1797, 3, 1, -1),
(1798, 3, 2, -1),
(1799, 3, 3, -1),
(1800, 3, 4, -1),
(1801, 9, 3, 4),
(1802, 10, 1, -1),
(1803, 10, 2, -1),
(1804, 10, 3, -1),
(1805, 10, 4, -1),
(1806, 19, 1, -1),
(1807, 19, 2, -1),
(1808, 19, 2, -1),
(1809, 19, 4, -1),
(1810, 15, 2, 0),
(1811, 13, 1, 3),
(1812, 4, 4, 3),
(1813, 5, 1, 6),
(1814, 13, 1, -3),
(1815, 15, 2, 3),
(1816, 9, 2, 0),
(1817, 6, 1, -2),
(1818, 6, 2, -2),
(1819, 6, 3, -2),
(1820, 6, 4, -2),
(1821, 9, 2, 8),
(1822, 6, 1, -1),
(1823, 6, 2, -1),
(1824, 6, 3, -1),
(1825, 6, 4, -1),
(1826, 17, 3, 0),
(1827, 17, 4, 1),
(1828, 15, 1, 0),
(1829, 17, 3, 2),
(1830, 14, 1, 0),
(1831, 14, 1, 0),
(1832, 14, 1, 0),
(1833, 14, 4, 0),
(1834, 15, 1, 3),
(1835, 13, 1, 3),
(1836, 16, 3, 3),
(1837, 1, 4, 4),
(1838, 16, 3, 0),
(1839, 9, 1, 0),
(1840, 14, 1, -1),
(1841, 14, 2, -1),
(1842, 14, 3, -1),
(1843, 14, 4, -1),
(1844, 1, 2, 4),
(1845, 9, 1, 8),
(1846, 19, 4, 2),
(1847, 13, 4, 1),
(1848, 19, 2, 3),
(1849, 3, 1, -1),
(1850, 3, 2, -1),
(1851, 3, 3, -1),
(1852, 3, 4, -1),
(1853, 6, 4, 3),
(1854, 20, 1, -1),
(1855, 20, 2, -1),
(1856, 20, 3, -1),
(1857, 20, 4, -1),
(1858, 3, 1, 0),
(1859, 3, 1, 0),
(1860, 3, 1, 0),
(1861, 3, 4, 0),
(1862, 7, 4, 0),
(1863, 14, 1, 0),
(1864, 14, 1, 0),
(1865, 14, 1, 0),
(1866, 14, 4, 0),
(1867, 7, 4, 2),
(1868, 6, 1, 10),
(1869, 14, 1, -1),
(1870, 14, 2, -1),
(1871, 14, 3, -1),
(1872, 14, 4, -1),
(1873, 8, 1, 0),
(1874, 8, 1, 0),
(1875, 8, 1, 0),
(1876, 8, 4, 0),
(1877, 3, 1, -1),
(1878, 3, 2, -1),
(1879, 3, 3, -1),
(1880, 3, 4, -1),
(1881, 19, 4, -1),
(1882, 4, 3, 8),
(1883, 8, 1, -2),
(1884, 8, 2, -2),
(1885, 8, 2, -2),
(1886, 8, 4, -2),
(1887, 13, 1, -1),
(1888, 10, 3, 3),
(1889, 2, 1, -1),
(1890, 2, 2, -1),
(1891, 2, 3, -1),
(1892, 2, 4, -1),
(1893, 18, 1, -2),
(1894, 18, 2, -2),
(1895, 18, 3, -2),
(1896, 18, 4, -2),
(1897, 17, 1, -1),
(1898, 10, 4, -1),
(1899, 10, 4, -1),
(1900, 13, 1, -2),
(1901, 13, 1, -2),
(1902, 13, 3, -2),
(1903, 13, 4, -2),
(1904, 14, 1, -1),
(1905, 14, 2, -1),
(1906, 14, 3, -1),
(1907, 14, 4, -1),
(1908, 10, 4, 1),
(1909, 12, 1, 0),
(1910, 12, 1, 0),
(1911, 12, 1, 0),
(1912, 12, 4, 0),
(1913, 18, 4, 1),
(1914, 12, 2, -2),
(1915, 12, 2, -2),
(1916, 12, 2, -2),
(1917, 12, 4, -2),
(1918, 14, 1, 1),
(1919, 13, 4, 1),
(1920, 10, 3, -1),
(1921, 13, 1, 1),
(1922, 17, 1, -1),
(1923, 17, 1, -1),
(1924, 17, 3, -1),
(1925, 17, 4, -1),
(1926, 5, 1, 0),
(1927, 5, 1, 0),
(1928, 5, 1, 0),
(1929, 5, 4, 0),
(1930, 3, 3, 2),
(1931, 3, 3, 3),
(1932, 19, 2, -1),
(1933, 19, 2, -1),
(1934, 19, 2, -1),
(1935, 19, 4, -1),
(1936, 14, 1, 0),
(1937, 5, 1, -3),
(1938, 5, 3, -3),
(1939, 5, 3, -3),
(1940, 5, 4, -3),
(1941, 14, 4, 2),
(1942, 19, 4, 1),
(1943, 3, 3, -2),
(1944, 14, 1, 3),
(1945, 19, 4, -1),
(1946, 3, 3, -3),
(1947, 10, 1, 1),
(1948, 2, 2, -1),
(1949, 2, 2, -1),
(1950, 2, 3, -1),
(1951, 2, 4, -1),
(1952, 5, 4, 3),
(1953, 2, 1, -1),
(1954, 2, 1, -1),
(1955, 2, 3, -1),
(1956, 2, 4, -1),
(1957, 19, 2, 1),
(1958, 11, 1, 0),
(1959, 11, 1, 0),
(1960, 11, 1, 0),
(1961, 11, 4, 0),
(1962, 7, 3, 9),
(1963, 19, 2, 2),
(1964, 14, 3, 3),
(1965, 1, 1, 0),
(1966, 1, 1, 0),
(1967, 1, 1, 0),
(1968, 1, 4, 0),
(1969, 13, 3, 2),
(1970, 12, 4, 1),
(1971, 18, 4, 1),
(1972, 17, 3, 0),
(1973, 18, 2, 6),
(1974, 4, 3, -2),
(1975, 17, 3, 3),
(1976, 1, 1, -2),
(1977, 1, 2, -2),
(1978, 1, 3, -2),
(1979, 1, 4, -2),
(1980, 10, 1, 0),
(1981, 10, 1, 0),
(1982, 10, 1, 0),
(1983, 10, 4, 0),
(1984, 11, 2, -4),
(1985, 11, 2, -4),
(1986, 11, 2, -4),
(1987, 11, 4, -4),
(1988, 6, 1, 0),
(1989, 6, 1, 0),
(1990, 6, 1, 0),
(1991, 6, 4, 0),
(1992, 13, 1, 3),
(1993, 20, 3, 2),
(1994, 10, 1, -1),
(1995, 10, 2, -1),
(1996, 10, 3, -1),
(1997, 10, 4, -1),
(1998, 6, 1, -2),
(1999, 6, 2, -2),
(2000, 6, 3, -2),
(2001, 6, 4, -2),
(2002, 17, 1, 1),
(2003, 15, 1, 0),
(2004, 15, 1, 0),
(2005, 15, 1, 0),
(2006, 15, 4, 0),
(2007, 20, 1, -2),
(2008, 20, 1, -2),
(2009, 20, 2, -2),
(2010, 20, 4, -2),
(2011, 16, 1, 0),
(2012, 16, 1, 0),
(2013, 16, 1, 0),
(2014, 16, 4, 0),
(2015, 3, 3, 3),
(2016, 10, 2, 0),
(2017, 10, 2, 3),
(2018, 15, 1, -1),
(2019, 15, 2, -1),
(2020, 15, 3, -1),
(2021, 15, 4, -1),
(2022, 20, 4, 3),
(2023, 20, 1, 3),
(2024, 7, 1, 0),
(2025, 7, 1, 0),
(2026, 7, 1, 0),
(2027, 7, 4, 0),
(2028, 16, 1, -1),
(2029, 16, 1, -1),
(2030, 16, 2, -1),
(2031, 16, 4, -1),
(2032, 8, 4, 3),
(2033, 13, 4, 1),
(2034, 16, 1, -1),
(2035, 16, 1, -1),
(2036, 16, 2, -1),
(2037, 16, 4, -1),
(2038, 10, 4, 1),
(2039, 8, 4, -3),
(2040, 16, 1, -1),
(2041, 16, 1, -1),
(2042, 16, 3, -1),
(2043, 16, 4, -1),
(2044, 10, 3, 3),
(2045, 2, 4, 2),
(2046, 8, 2, 1),
(2047, 6, 2, -1),
(2048, 2, 1, 4),
(2049, 8, 2, -1),
(2050, 15, 1, 0),
(2051, 15, 1, 0),
(2052, 15, 1, 0),
(2053, 15, 4, 0),
(2054, 4, 3, -1),
(2055, 4, 3, -1),
(2056, 4, 3, -1),
(2057, 4, 4, -1),
(2058, 8, 4, 1),
(2059, 14, 3, -1),
(2060, 12, 1, 0),
(2061, 8, 2, 3),
(2062, 15, 2, 1),
(2063, 7, 1, -3),
(2064, 7, 2, -3),
(2065, 7, 3, -3),
(2066, 7, 4, -3),
(2067, 12, 1, 3),
(2068, 14, 3, 1),
(2069, 6, 1, -1),
(2070, 14, 3, -1),
(2071, 11, 4, 2),
(2072, 11, 2, 2),
(2073, 3, 3, -1),
(2074, 3, 3, -1),
(2075, 3, 3, -1),
(2076, 3, 4, -1),
(2077, 17, 1, -1),
(2078, 17, 1, -1),
(2079, 17, 3, -1),
(2080, 17, 4, -1),
(2081, 1, 1, -2),
(2082, 1, 2, -2),
(2083, 1, 3, -2),
(2084, 1, 4, -2),
(2085, 2, 3, 0),
(2086, 13, 3, 1),
(2087, 11, 1, 0),
(2088, 7, 1, 0),
(2089, 7, 1, 0),
(2090, 2, 3, 2),
(2091, 7, 1, 0),
(2092, 7, 4, 0),
(2093, 5, 1, 0),
(2094, 5, 1, 0),
(2095, 5, 1, 0),
(2096, 5, 4, 0),
(2097, 9, 1, 0),
(2098, 9, 1, 0),
(2099, 9, 1, 0),
(2100, 9, 4, 0),
(2101, 11, 1, 4),
(2102, 8, 4, 1),
(2103, 12, 4, 1),
(2104, 8, 3, 0),
(2105, 5, 1, -1),
(2106, 5, 2, -1),
(2107, 5, 2, -1),
(2108, 5, 4, -1),
(2109, 1, 1, 0),
(2110, 12, 2, 1),
(2111, 8, 3, 3),
(2112, 1, 1, 4),
(2113, 4, 4, -1),
(2114, 7, 1, -3),
(2115, 7, 1, -3),
(2116, 7, 3, -3),
(2117, 7, 4, -3),
(2118, 18, 4, 1),
(2119, 9, 1, -4),
(2120, 1, 3, 0),
(2121, 9, 2, -4),
(2122, 13, 1, -1),
(2123, 9, 3, -4),
(2124, 13, 1, -1),
(2125, 9, 4, -4),
(2126, 13, 3, -1),
(2127, 13, 4, -1),
(2128, 18, 2, 3),
(2129, 1, 3, 4),
(2130, 14, 1, 0),
(2131, 14, 1, 0),
(2132, 14, 1, 0),
(2133, 14, 4, 0),
(2134, 7, 4, 4),
(2135, 14, 1, -1),
(2136, 14, 3, -1),
(2137, 14, 3, -1),
(2138, 14, 4, -1),
(2139, 1, 2, 4),
(2140, 15, 1, -1),
(2141, 15, 2, -1),
(2142, 15, 3, -1),
(2143, 15, 4, -1),
(2144, 20, 1, -1),
(2145, 20, 1, -1),
(2146, 20, 2, -1),
(2147, 20, 4, -1),
(2148, 15, 1, -1),
(2149, 15, 2, -1),
(2150, 15, 3, -1),
(2151, 15, 4, -1),
(2152, 7, 3, 0),
(2153, 12, 2, 2),
(2154, 17, 4, 1),
(2155, 7, 3, 2),
(2156, 10, 1, 1),
(2157, 17, 1, 3),
(2158, 4, 3, -1),
(2159, 4, 3, -1),
(2160, 4, 3, -1),
(2161, 4, 4, -1),
(2162, 14, 3, 2),
(2163, 13, 1, -1),
(2164, 13, 1, -1),
(2165, 13, 3, -1),
(2166, 13, 4, -1),
(2167, 5, 1, 0),
(2168, 5, 1, 0),
(2169, 5, 1, 0),
(2170, 5, 4, 0),
(2171, 5, 2, -1),
(2172, 5, 3, -1),
(2173, 5, 3, -1),
(2174, 5, 4, -1),
(2175, 10, 1, -2),
(2176, 10, 2, -2),
(2177, 10, 3, -2),
(2178, 10, 4, -2),
(2179, 13, 1, 2),
(2180, 5, 4, 1),
(2181, 17, 1, -1),
(2182, 17, 3, -1),
(2183, 17, 3, -1),
(2184, 17, 4, -1),
(2185, 5, 4, 1),
(2186, 4, 4, 1),
(2187, 10, 4, 1),
(2188, 20, 1, -1),
(2189, 20, 1, -1),
(2190, 20, 3, -1),
(2191, 20, 4, -1),
(2192, 15, 2, -1),
(2193, 5, 1, 0),
(2194, 5, 1, 0),
(2195, 5, 1, 0),
(2196, 5, 4, 0),
(2197, 20, 4, 1),
(2198, 16, 1, -1),
(2199, 16, 1, -1),
(2200, 16, 3, -1),
(2201, 16, 4, -1),
(2202, 20, 1, 2),
(2203, 16, 1, -1),
(2204, 16, 1, -1),
(2205, 16, 1, -1),
(2206, 16, 4, -1),
(2207, 5, 1, -1),
(2208, 5, 2, -1),
(2209, 5, 2, -1),
(2210, 5, 4, -1),
(2211, 14, 1, -1),
(2212, 14, 3, -1),
(2213, 14, 3, -1),
(2214, 14, 4, -1),
(2215, 13, 2, 1),
(2216, 5, 1, -1),
(2217, 5, 2, -1),
(2218, 5, 2, -1),
(2219, 5, 4, -1),
(2220, 6, 1, 0),
(2221, 6, 1, 0),
(2222, 6, 1, 0),
(2223, 6, 4, 0),
(2224, 5, 1, -2),
(2225, 5, 1, -2),
(2226, 5, 2, -2),
(2227, 5, 4, -2),
(2228, 10, 2, -1),
(2229, 10, 3, -1),
(2230, 10, 3, -1),
(2231, 10, 4, -1),
(2232, 4, 4, -1),
(2233, 6, 1, -2),
(2234, 6, 3, -2),
(2235, 6, 3, -2),
(2236, 6, 4, -2),
(2237, 6, 1, -1),
(2238, 6, 1, -1),
(2239, 6, 2, -1),
(2240, 6, 4, -1),
(2241, 2, 1, -2),
(2242, 2, 1, -2),
(2243, 2, 3, -2),
(2244, 2, 4, -2),
(2245, 12, 1, 0),
(2246, 12, 1, 0),
(2247, 12, 1, 0),
(2248, 12, 4, 0),
(2249, 10, 4, 1),
(2250, 10, 3, 3),
(2251, 12, 1, -1),
(2252, 12, 1, -1),
(2253, 12, 2, -1),
(2254, 12, 4, -1),
(2255, 7, 1, 0),
(2256, 7, 1, 0),
(2257, 7, 1, 0),
(2258, 7, 4, 0),
(2259, 12, 1, -1),
(2260, 12, 2, -1),
(2261, 12, 2, -1),
(2262, 12, 4, -1),
(2263, 18, 2, -2),
(2264, 18, 2, -2),
(2265, 18, 2, -2),
(2266, 18, 4, -2),
(2267, 7, 1, -3),
(2268, 7, 1, -3),
(2269, 7, 3, -3),
(2270, 7, 4, -3),
(2271, 19, 4, 1),
(2272, 19, 2, -1),
(2273, 19, 2, -1),
(2274, 19, 2, -1),
(2275, 19, 4, -1),
(2276, 14, 4, 1),
(2277, 9, 4, 4),
(2278, 6, 4, 2),
(2279, 1, 4, 3),
(2280, 9, 3, 4),
(2281, 1, 2, 8),
(2282, 6, 1, 10),
(2283, 11, 1, -2),
(2284, 11, 1, -2),
(2285, 11, 2, -2),
(2286, 11, 4, -2),
(2287, 2, 4, 4),
(2288, 16, 4, 4),
(2289, 3, 4, 3),
(2290, 2, 1, 12),
(2291, 3, 3, 6),
(2292, 16, 2, 9),
(2293, 18, 2, -1),
(2294, 18, 2, -1),
(2295, 18, 2, -1),
(2296, 18, 4, -1),
(2297, 20, 1, -2),
(2298, 20, 2, -2),
(2299, 20, 3, -2),
(2300, 20, 4, -2),
(2301, 7, 4, 4),
(2302, 17, 1, -1),
(2303, 17, 1, -1),
(2304, 17, 3, -1),
(2305, 17, 4, -1),
(2306, 7, 1, 12),
(2307, 1, 2, -4),
(2308, 12, 4, 2),
(2309, 12, 2, 5),
(2310, 5, 4, 4),
(2311, 6, 1, -2),
(2312, 6, 2, -2),
(2313, 5, 3, 12),
(2314, 6, 3, -2),
(2315, 6, 4, -2),
(2316, 13, 4, 1),
(2317, 2, 1, -3),
(2318, 3, 3, -2),
(2319, 11, 4, 4),
(2320, 1, 1, 3),
(2321, 11, 2, 12),
(2322, 8, 2, -1),
(2323, 8, 2, -1),
(2324, 8, 3, -1),
(2325, 8, 4, -1),
(2326, 2, 2, 4),
(2327, 8, 2, -1),
(2328, 8, 3, -1),
(2329, 8, 3, -1),
(2330, 8, 4, -1),
(2331, 13, 1, -1),
(2332, 13, 2, -1),
(2333, 13, 3, -1),
(2334, 13, 4, -1),
(2335, 3, 3, -2),
(2336, 10, 4, 4),
(2337, 12, 2, -2),
(2338, 3, 3, 2),
(2339, 10, 3, 12),
(2340, 13, 2, 2),
(2341, 6, 1, -1),
(2342, 6, 2, -1),
(2343, 6, 3, -1),
(2344, 6, 4, -1),
(2345, 3, 3, -2),
(2346, 20, 4, 4),
(2347, 5, 3, -3),
(2348, 1, 1, -1),
(2349, 1, 2, -1),
(2350, 1, 3, -1),
(2351, 1, 4, -1),
(2352, 20, 1, 10),
(2353, 5, 3, -3),
(2354, 17, 3, 3),
(2355, 3, 1, -1),
(2356, 3, 2, -1),
(2357, 3, 3, -1),
(2358, 3, 4, -1),
(2359, 18, 4, 2),
(2360, 18, 2, 6),
(2361, 15, 4, 3),
(2362, 17, 4, 3),
(2363, 15, 3, 9),
(2364, 17, 1, 9),
(2365, 3, 3, 2),
(2366, 3, 3, 2),
(2367, 19, 4, 3),
(2368, 3, 3, -2),
(2369, 19, 2, 3),
(2370, 13, 3, 3),
(2371, 3, 3, -2),
(2372, 9, 1, -4),
(2373, 9, 2, -4),
(2374, 9, 3, -4),
(2375, 9, 4, -4),
(2376, 8, 2, 1),
(2377, 6, 4, 4),
(2378, 8, 2, 3),
(2379, 6, 1, 10),
(2380, 14, 4, 1),
(2381, 14, 3, 3),
(2382, 5, 3, -3),
(2383, 7, 1, -2),
(2384, 7, 1, -2),
(2385, 7, 3, -2),
(2386, 7, 4, -2),
(2387, 10, 3, -2),
(2388, 20, 1, -3),
(2389, 10, 3, -2),
(2390, 6, 1, -3),
(2391, 5, 3, 9),
(2392, 13, 4, 2),
(2393, 7, 3, 2),
(2394, 18, 2, -2),
(2395, 13, 1, 6),
(2396, 10, 3, -2),
(2397, 12, 1, 3),
(2398, 1, 1, -2),
(2399, 1, 2, -2),
(2400, 1, 3, -2),
(2401, 1, 4, -2),
(2402, 17, 1, -3),
(2403, 15, 3, -3),
(2404, 19, 4, -1),
(2405, 1, 1, -1),
(2406, 1, 2, -1),
(2407, 1, 3, -1),
(2408, 1, 4, -1),
(2409, 8, 2, 3),
(2410, 7, 2, 2),
(2411, 15, 3, -3),
(2412, 13, 1, -3),
(2413, 20, 3, 3),
(2414, 3, 3, -2),
(2415, 14, 3, -1),
(2416, 19, 4, -2),
(2417, 12, 2, -1),
(2418, 12, 2, -1),
(2419, 12, 2, -1),
(2420, 12, 4, -1),
(2421, 9, 4, 4),
(2422, 9, 3, 12),
(2423, 2, 3, 3),
(2424, 8, 2, -1),
(2425, 8, 2, -2),
(2426, 1, 3, 1),
(2427, 8, 4, 1),
(2428, 1, 3, 2),
(2429, 19, 4, 1),
(2430, 12, 4, 2),
(2431, 16, 1, -1),
(2432, 16, 2, -1),
(2433, 16, 3, -1),
(2434, 16, 4, -1),
(2435, 12, 2, 6),
(2436, 14, 4, 2),
(2437, 5, 3, -1),
(2438, 5, 3, -1),
(2439, 5, 3, -1),
(2440, 5, 4, -1),
(2441, 6, 1, -3),
(2442, 10, 3, 2),
(2443, 13, 1, -1),
(2444, 13, 2, -1),
(2445, 13, 3, -1),
(2446, 13, 4, -1),
(2447, 10, 3, 2),
(2448, 8, 2, -2),
(2449, 10, 3, 2),
(2450, 17, 1, -1),
(2451, 6, 2, 2),
(2452, 17, 1, -1),
(2453, 17, 3, -1),
(2454, 17, 4, -1),
(2455, 10, 3, -2),
(2456, 15, 3, 6),
(2457, 10, 3, -2),
(2458, 14, 3, -1),
(2459, 20, 2, 2),
(2460, 10, 3, -2),
(2461, 10, 3, -2),
(2462, 1, 2, 4),
(2463, 12, 2, -2),
(2464, 14, 3, 3),
(2465, 5, 3, -3),
(2466, 17, 1, 3),
(2467, 13, 1, 3),
(2468, 3, 3, 4),
(2469, 8, 2, 3),
(2470, 6, 3, 1),
(2471, 8, 2, -1),
(2472, 15, 3, -3),
(2473, 15, 3, -1),
(2474, 15, 3, -1),
(2475, 15, 3, -1),
(2476, 15, 4, -1),
(2477, 1, 2, -4),
(2478, 8, 2, -1),
(2479, 13, 1, -3),
(2480, 14, 3, 3),
(2481, 8, 2, 3),
(2482, 14, 3, -1),
(2483, 3, 3, -2),
(2484, 10, 3, 2),
(2485, 16, 2, -1),
(2486, 16, 2, -1),
(2487, 16, 2, -1),
(2488, 16, 4, -1),
(2489, 3, 3, -2),
(2490, 12, 3, 3),
(2491, 1, 3, 1),
(2492, 18, 3, 2),
(2493, 16, 2, -1),
(2494, 16, 2, -1),
(2495, 16, 2, -1),
(2496, 16, 4, -1),
(2497, 7, 2, 4),
(2498, 8, 2, 1),
(2499, 14, 1, -1),
(2500, 14, 3, -1),
(2501, 14, 3, -1),
(2502, 14, 4, -1),
(2503, 19, 2, -1),
(2504, 19, 2, -1),
(2505, 8, 2, 1),
(2506, 19, 2, -1),
(2507, 19, 4, -1),
(2508, 19, 4, 1),
(2509, 1, 1, 3),
(2510, 15, 4, -1),
(2511, 8, 2, -1),
(2512, 14, 3, -1),
(2513, 8, 2, -2),
(2514, 6, 3, 2),
(2515, 16, 4, 3),
(2516, 14, 1, -1),
(2517, 14, 3, -1),
(2518, 14, 3, -1),
(2519, 14, 4, -1),
(2520, 19, 4, -1),
(2521, 16, 2, 9),
(2522, 1, 3, 1),
(2523, 7, 1, -2),
(2524, 7, 2, -2),
(2525, 7, 3, -2),
(2526, 7, 4, -2),
(2527, 5, 3, 3),
(2528, 5, 3, -1),
(2529, 5, 3, -1),
(2530, 5, 3, -1),
(2531, 5, 4, -1),
(2532, 10, 2, 1),
(2533, 5, 3, 3),
(2534, 8, 2, -3),
(2535, 14, 3, 3),
(2536, 3, 3, 2),
(2537, 1, 1, -3),
(2538, 1, 2, -3),
(2539, 1, 3, -3),
(2540, 1, 4, -3),
(2541, 3, 3, -2),
(2542, 7, 4, 1),
(2543, 13, 1, -1),
(2544, 13, 2, -1),
(2545, 13, 3, -1),
(2546, 13, 4, -1),
(2547, 12, 2, 2),
(2548, 18, 4, 2),
(2549, 15, 3, -1),
(2550, 15, 3, -1),
(2551, 15, 3, -1),
(2552, 15, 4, -1),
(2553, 10, 2, 2),
(2554, 18, 2, 4),
(2555, 14, 3, -1),
(2556, 7, 4, 2),
(2557, 7, 3, 2),
(2558, 2, 1, -3),
(2559, 2, 2, -3),
(2560, 2, 3, -3),
(2561, 2, 4, -3),
(2562, 12, 2, -3),
(2563, 5, 3, -3),
(2564, 10, 4, 2),
(2565, 19, 4, 2),
(2566, 3, 3, 2),
(2567, 19, 2, 6),
(2568, 8, 2, -2),
(2569, 1, 3, 1),
(2570, 10, 4, -2),
(2571, 3, 3, -2),
(2572, 10, 3, 2),
(2573, 8, 2, 3),
(2574, 6, 1, -1),
(2575, 6, 1, -1),
(2576, 6, 1, -1),
(2577, 6, 4, -1),
(2578, 15, 4, 2),
(2579, 10, 3, 2),
(2580, 15, 3, 6),
(2581, 13, 2, 3),
(2582, 8, 2, -2),
(2583, 8, 2, 3),
(2584, 10, 3, -2),
(2585, 20, 1, -1),
(2586, 20, 2, -1),
(2587, 20, 3, -1),
(2588, 20, 4, -1),
(2589, 8, 2, -1),
(2590, 15, 4, 1),
(2591, 1, 4, 4),
(2592, 18, 1, 3),
(2593, 10, 3, -2),
(2594, 1, 2, 4),
(2595, 13, 4, 2),
(2596, 17, 1, -1),
(2597, 17, 1, -1),
(2598, 17, 3, -1),
(2599, 17, 4, -1),
(2600, 13, 3, 3),
(2601, 3, 3, 4),
(2602, 14, 3, 3),
(2603, 6, 1, -1),
(2604, 6, 2, -1),
(2605, 6, 3, -1),
(2606, 6, 4, -1),
(2607, 17, 2, 2),
(2608, 2, 4, 1),
(2609, 13, 1, -1),
(2610, 13, 1, -1),
(2611, 13, 3, -1),
(2612, 13, 4, -1),
(2613, 14, 3, -1),
(2614, 3, 3, -1),
(2615, 15, 3, -3),
(2616, 17, 4, 2),
(2617, 17, 1, 6),
(2618, 20, 3, 2),
(2619, 12, 1, -3),
(2620, 12, 2, -3),
(2621, 12, 3, -3),
(2622, 12, 4, -3),
(2623, 14, 2, 1),
(2624, 13, 1, 3),
(2625, 20, 1, 3),
(2626, 11, 2, -1),
(2627, 8, 2, 3),
(2628, 8, 2, -2),
(2629, 10, 1, -1),
(2630, 10, 2, -1),
(2631, 10, 3, -1),
(2632, 10, 4, -1),
(2633, 6, 3, 2),
(2634, 20, 1, -1),
(2635, 20, 1, -1),
(2636, 20, 3, -1),
(2637, 20, 4, -1),
(2638, 6, 2, 2),
(2639, 17, 1, -1),
(2640, 17, 1, -1),
(2641, 17, 3, -1),
(2642, 17, 4, -1),
(2643, 20, 1, -3),
(2644, 16, 2, -3),
(2645, 11, 2, -3),
(2646, 11, 2, -3),
(2647, 11, 2, -3),
(2648, 11, 4, -3),
(2649, 8, 2, 3),
(2650, 3, 3, -1),
(2651, 3, 3, -1),
(2652, 3, 3, -1),
(2653, 3, 4, -1),
(2654, 12, 3, 3),
(2655, 7, 1, -2),
(2656, 7, 1, -2),
(2657, 7, 2, -2),
(2658, 7, 4, -2),
(2659, 10, 3, -2),
(2660, 14, 2, 1),
(2661, 12, 4, 3),
(2662, 18, 2, -1),
(2663, 18, 2, -1),
(2664, 18, 3, -1),
(2665, 18, 4, -1),
(2666, 3, 3, 2),
(2667, 8, 2, -3),
(2668, 12, 2, 6),
(2669, 13, 4, 2),
(2670, 17, 1, 3),
(2671, 18, 2, -1),
(2672, 18, 2, -1),
(2673, 18, 3, -1),
(2674, 18, 4, -1),
(2675, 5, 3, -3),
(2676, 3, 3, -2),
(2677, 1, 2, -2),
(2678, 14, 3, -1),
(2679, 11, 4, 1),
(2680, 11, 2, 3),
(2681, 12, 2, -3),
(2682, 9, 3, -4),
(2683, 9, 3, -4),
(2684, 9, 3, -4),
(2685, 9, 4, -4),
(2686, 16, 2, -1),
(2687, 16, 2, -1),
(2688, 16, 2, -1),
(2689, 16, 4, -1),
(2690, 9, 4, 3),
(2691, 6, 1, -1),
(2692, 6, 1, -1),
(2693, 6, 3, -1),
(2694, 6, 4, -1),
(2695, 9, 3, 9),
(2696, 14, 3, 1),
(2697, 20, 2, 3),
(2698, 14, 3, -1),
(2699, 2, 1, -1),
(2700, 2, 1, -1),
(2701, 2, 1, -1),
(2702, 2, 4, -1),
(2703, 2, 1, -1),
(2704, 11, 2, 1),
(2705, 2, 1, -1),
(2706, 2, 1, -1),
(2707, 2, 2, -1),
(2708, 2, 4, -1),
(2709, 15, 4, -2),
(2710, 5, 3, -1),
(2711, 5, 3, -1),
(2712, 5, 3, -1),
(2713, 15, 4, 2),
(2714, 5, 4, -1),
(2715, 7, 4, 4),
(2716, 16, 2, 3),
(2717, 7, 1, 12),
(2718, 15, 4, -2),
(2719, 19, 2, -2),
(2720, 19, 2, -2),
(2721, 19, 2, -2),
(2722, 19, 4, -2),
(2723, 12, 1, 3),
(2724, 20, 1, -1),
(2725, 20, 1, -1),
(2726, 5, 3, 3),
(2727, 20, 3, -1),
(2728, 20, 4, -1),
(2729, 17, 1, -1),
(2730, 17, 1, -1),
(2731, 17, 2, -1),
(2732, 17, 4, -1),
(2733, 19, 4, 2),
(2734, 14, 2, -1),
(2735, 14, 3, -1),
(2736, 14, 3, -1),
(2737, 14, 4, -1),
(2738, 6, 4, 1),
(2739, 10, 4, -1),
(2740, 6, 1, 6),
(2741, 14, 2, -1),
(2742, 14, 3, -1),
(2743, 14, 3, -1),
(2744, 14, 4, -1),
(2745, 3, 3, 1),
(2746, 19, 2, 6),
(2747, 10, 4, -1),
(2748, 3, 3, -1),
(2749, 20, 4, 2),
(2750, 1, 1, -2),
(2751, 1, 2, -2),
(2752, 1, 3, -2),
(2753, 1, 4, -2),
(2754, 15, 3, -1),
(2755, 15, 3, -1),
(2756, 15, 3, -1),
(2757, 15, 4, -1),
(2758, 10, 1, 1),
(2759, 18, 4, 1),
(2760, 18, 2, 2),
(2761, 8, 2, -1),
(2762, 8, 2, -1),
(2763, 8, 2, -1),
(2764, 8, 4, -1),
(2765, 1, 2, 2),
(2766, 17, 4, 2),
(2767, 14, 3, 1),
(2768, 1, 2, -2),
(2769, 14, 3, -1),
(2770, 8, 4, 2),
(2771, 8, 2, 6),
(2772, 15, 4, 2),
(2773, 15, 3, 6),
(2774, 11, 2, -2),
(2775, 11, 2, -2),
(2776, 11, 2, -2),
(2777, 11, 4, -2),
(2778, 20, 1, -1),
(2779, 20, 2, -1),
(2780, 20, 2, -1),
(2781, 20, 4, -1),
(2782, 8, 2, 2),
(2783, 17, 1, -1),
(2784, 17, 1, -1),
(2785, 17, 1, -1),
(2786, 17, 4, -1),
(2787, 8, 2, -2),
(2788, 14, 3, 1),
(2789, 14, 3, -1),
(2790, 6, 1, -2),
(2791, 6, 1, -2),
(2792, 6, 1, -2),
(2793, 6, 4, -2),
(2794, 5, 3, -1),
(2795, 5, 3, -1),
(2796, 5, 3, -1),
(2797, 5, 4, -1),
(2798, 18, 1, -2),
(2799, 18, 2, -2),
(2800, 18, 2, -2),
(2801, 18, 4, -2),
(2802, 6, 1, 3),
(2803, 5, 4, 1),
(2804, 5, 3, 3),
(2805, 20, 3, 2),
(2806, 12, 2, -1),
(2807, 10, 2, -1),
(2808, 10, 3, -1),
(2809, 10, 3, -1),
(2810, 10, 4, -1),
(2811, 1, 1, -1),
(2812, 1, 2, -1),
(2813, 1, 3, -1),
(2814, 1, 4, -1),
(2815, 5, 4, 1),
(2816, 5, 3, 3),
(2817, 15, 3, -3),
(2818, 10, 1, -1),
(2819, 12, 3, -1),
(2820, 12, 1, -2),
(2821, 12, 2, -2),
(2822, 12, 3, -2),
(2823, 12, 4, -2),
(2824, 12, 1, -1),
(2825, 20, 1, -1),
(2826, 20, 3, -1),
(2827, 20, 3, -1),
(2828, 20, 4, -1),
(2829, 1, 2, 1),
(2830, 10, 1, 1),
(2831, 1, 2, 2),
(2832, 12, 4, -1),
(2833, 17, 1, -1),
(2834, 17, 1, -1),
(2835, 17, 1, -1),
(2836, 17, 4, -1),
(2837, 9, 3, -3),
(2838, 9, 3, -3),
(2839, 9, 3, -3),
(2840, 9, 4, -3),
(2841, 16, 2, -2),
(2842, 16, 2, -2),
(2843, 16, 2, -2),
(2844, 16, 4, -2),
(2845, 5, 3, -1),
(2846, 5, 3, -1),
(2847, 5, 3, -1),
(2848, 5, 4, -1),
(2849, 17, 1, -1),
(2850, 17, 1, -1),
(2851, 17, 1, -1),
(2852, 17, 4, -1),
(2853, 18, 1, -1),
(2854, 18, 2, -1),
(2855, 18, 2, -1),
(2856, 18, 4, -1),
(2857, 15, 3, -1),
(2858, 15, 3, -1),
(2859, 15, 3, -1),
(2860, 15, 4, -1),
(2861, 6, 1, -2),
(2862, 6, 1, -2),
(2863, 6, 1, -2),
(2864, 6, 4, -2),
(2865, 13, 3, 1),
(2866, 10, 3, 2),
(2867, 10, 4, 1),
(2868, 10, 4, 1),
(2869, 15, 3, 3),
(2870, 16, 2, 3),
(2871, 15, 4, 2),
(2872, 8, 2, 3),
(2873, 3, 3, 1),
(2874, 8, 2, 2),
(2875, 14, 3, 1),
(2876, 12, 3, 1),
(2877, 12, 2, 1),
(2878, 12, 4, 1),
(2879, 8, 1, 0),
(2880, 6, 2, 0),
(2881, 8, 4, 3),
(2882, 6, 4, 4),
(2883, 8, 1, 3),
(2884, 6, 2, 12),
(2885, 20, 4, 4),
(2886, 20, 1, 8),
(2887, 7, 3, 0),
(2888, 7, 3, 2),
(2889, 3, 2, 0),
(2890, 3, 4, 4),
(2891, 7, 4, 1),
(2892, 3, 2, 4),
(2893, 8, 3, 0),
(2894, 5, 2, 0),
(2895, 8, 3, 3),
(2896, 5, 4, 3),
(2897, 6, 1, 12),
(2898, 5, 2, 3),
(2899, 2, 2, 0),
(2900, 9, 4, 4),
(2901, 2, 4, 2),
(2902, 9, 3, 4),
(2903, 2, 2, 4),
(2904, 11, 4, 4),
(2905, 7, 1, 1),
(2906, 11, 2, 10),
(2907, 13, 4, 2),
(2908, 9, 3, 4),
(2909, 13, 1, 5),
(2910, 17, 4, 2),
(2911, 5, 3, 3),
(2912, 17, 1, 6),
(2913, 3, 1, 0),
(2914, 1, 4, 4),
(2915, 11, 4, -1),
(2916, 1, 2, 4),
(2917, 10, 4, 1),
(2918, 10, 3, 1),
(2919, 3, 1, 4),
(2920, 10, 3, 2),
(2921, 14, 3, -1),
(2922, 2, 4, 2),
(2923, 12, 4, 3),
(2924, 12, 2, 6),
(2925, 2, 1, 2),
(2926, 6, 3, 0),
(2927, 17, 3, 1),
(2928, 9, 1, 0),
(2929, 9, 1, 8),
(2930, 16, 4, 4),
(2931, 16, 2, 8),
(2932, 6, 3, 2),
(2933, 5, 1, 0),
(2934, 3, 3, 4),
(2935, 11, 2, -1),
(2936, 14, 2, 0),
(2937, 5, 1, 3),
(2938, 13, 2, 1),
(2939, 14, 4, 3),
(2940, 14, 2, 3),
(2941, 12, 1, 0),
(2942, 12, 1, 3),
(2943, 16, 3, 0),
(2944, 1, 1, 0),
(2945, 16, 3, 1),
(2946, 8, 2, 2),
(2947, 1, 1, 4),
(2948, 20, 2, 0),
(2949, 20, 2, 4),
(2950, 14, 3, 3),
(2951, 15, 2, 0),
(2952, 2, 3, 0),
(2953, 10, 1, 0),
(2954, 15, 4, 1),
(2955, 2, 3, 4),
(2956, 15, 2, 3),
(2957, 10, 4, 1),
(2958, 10, 1, 6),
(2959, 7, 2, 0),
(2960, 7, 2, 3),
(2961, 17, 4, 1),
(2962, 16, 1, 0),
(2963, 20, 3, 4),
(2964, 5, 1, 0),
(2965, 5, 1, 0),
(2966, 5, 1, 0),
(2967, 5, 4, 0),
(2968, 18, 4, 2),
(2969, 20, 3, 0),
(2970, 16, 1, 4),
(2971, 18, 2, 4),
(2972, 14, 1, 0),
(2973, 9, 2, 0),
(2974, 1, 3, 0),
(2975, 14, 1, 4),
(2976, 1, 3, 4),
(2977, 9, 4, 4),
(2978, 9, 2, 8),
(2979, 5, 1, -3),
(2980, 5, 2, -3),
(2981, 5, 3, -3),
(2982, 5, 4, -3),
(2983, 13, 1, -1),
(2984, 13, 1, -1),
(2985, 13, 2, -1),
(2986, 13, 4, -1),
(2987, 15, 3, 0),
(2988, 13, 1, -1),
(2989, 13, 1, -1),
(2990, 13, 3, -1),
(2991, 13, 4, -1),
(2992, 15, 3, 2),
(2993, 10, 2, 0),
(2994, 6, 1, -1),
(2995, 6, 2, -1),
(2996, 6, 3, -1),
(2997, 6, 4, -1),
(2998, 10, 2, 6),
(2999, 13, 4, 3),
(3000, 5, 4, 2),
(3001, 5, 3, 6),
(3002, 13, 1, 5),
(3003, 7, 1, -1),
(3004, 7, 2, -1),
(3005, 7, 3, -1),
(3006, 7, 4, -1),
(3007, 8, 1, 0),
(3008, 8, 1, 0),
(3009, 8, 1, 0),
(3010, 8, 4, 0),
(3011, 19, 4, 1),
(3012, 19, 2, 3),
(3013, 8, 1, -2),
(3014, 8, 2, -2),
(3015, 8, 3, -2),
(3016, 8, 4, -2),
(3017, 6, 3, 0),
(3018, 13, 1, -3),
(3019, 6, 3, 6),
(3020, 17, 1, -1),
(3021, 17, 1, -1),
(3022, 17, 3, -1),
(3023, 17, 4, -1),
(3024, 7, 2, 0),
(3025, 7, 4, 1),
(3026, 20, 1, -1),
(3027, 20, 2, -1),
(3028, 20, 3, -1),
(3029, 20, 4, -1),
(3030, 11, 2, -3),
(3031, 11, 2, -3),
(3032, 11, 2, -3),
(3033, 11, 4, -3),
(3034, 7, 2, 2),
(3035, 14, 1, 0),
(3036, 14, 1, 0),
(3037, 14, 1, 0),
(3038, 14, 4, 0),
(3039, 14, 1, -1),
(3040, 14, 2, -1),
(3041, 14, 3, -1),
(3042, 14, 4, -1),
(3043, 10, 4, 1),
(3044, 2, 1, 2),
(3045, 3, 1, 0),
(3046, 3, 1, 0),
(3047, 3, 1, 0),
(3048, 3, 4, 0),
(3049, 4, 4, 1),
(3050, 11, 4, 4),
(3051, 4, 3, 3),
(3052, 11, 2, 12),
(3053, 3, 1, -2),
(3054, 3, 2, -2),
(3055, 3, 3, -2),
(3056, 3, 4, -2),
(3057, 8, 1, 0),
(3058, 8, 1, 1),
(3059, 14, 1, 0),
(3060, 14, 1, 0),
(3061, 14, 1, 0),
(3062, 14, 4, 0),
(3063, 14, 1, -1),
(3064, 14, 2, -1),
(3065, 14, 3, -1),
(3066, 14, 4, -1),
(3067, 15, 1, 0),
(3068, 15, 1, 0),
(3069, 15, 1, 0),
(3070, 15, 4, 0),
(3071, 7, 3, 0),
(3072, 6, 1, -1),
(3073, 6, 2, -1),
(3074, 6, 3, -1),
(3075, 6, 4, -1),
(3076, 7, 3, 2),
(3077, 15, 3, -2),
(3078, 8, 1, -1),
(3079, 15, 3, 0),
(3080, 2, 1, -2),
(3081, 2, 2, -2),
(3082, 2, 3, -2),
(3083, 2, 4, -2),
(3084, 15, 2, -1),
(3085, 15, 2, -1),
(3086, 15, 2, -1),
(3087, 15, 4, -1),
(3088, 5, 4, 0),
(3089, 18, 3, 0),
(3090, 18, 3, 2),
(3091, 12, 1, 0),
(3092, 12, 1, 0),
(3093, 12, 1, 0),
(3094, 12, 4, 0),
(3095, 5, 2, 3),
(3096, 1, 1, 0),
(3097, 1, 1, 0),
(3098, 1, 1, 0),
(3099, 1, 4, 0),
(3100, 19, 2, -1),
(3101, 19, 2, -1),
(3102, 19, 2, -1),
(3103, 19, 4, -1),
(3104, 6, 2, 0),
(3105, 1, 1, -1),
(3106, 1, 2, -1),
(3107, 1, 3, -1),
(3108, 1, 4, -1),
(3109, 11, 1, 0),
(3110, 6, 4, 2),
(3111, 11, 2, -1),
(3112, 12, 1, -3),
(3113, 12, 2, -3),
(3114, 12, 2, -3),
(3115, 12, 4, -3),
(3116, 11, 1, 3),
(3117, 14, 1, -1),
(3118, 14, 2, -1),
(3119, 14, 3, -1),
(3120, 14, 4, -1),
(3121, 13, 2, 0),
(3122, 17, 1, -1),
(3123, 17, 1, -1),
(3124, 17, 1, -1),
(3125, 17, 4, -1),
(3126, 17, 1, -1),
(3127, 10, 2, -1),
(3128, 10, 3, -1),
(3129, 10, 3, -1),
(3130, 10, 4, -1),
(3131, 1, 1, -1),
(3132, 1, 2, -1),
(3133, 1, 3, -1),
(3134, 1, 4, -1),
(3135, 13, 2, 3),
(3136, 20, 1, -1),
(3137, 20, 1, -1),
(3138, 20, 2, -1),
(3139, 20, 4, -1),
(3140, 19, 4, 1),
(3141, 20, 1, -1),
(3142, 20, 1, -1),
(3143, 20, 3, -1),
(3144, 20, 4, -1),
(3145, 19, 2, 3),
(3146, 13, 1, 3),
(3147, 17, 4, 1),
(3148, 15, 2, 0),
(3149, 7, 2, -1),
(3150, 7, 2, -1),
(3151, 7, 3, -1),
(3152, 17, 1, 6),
(3153, 7, 4, -1),
(3154, 10, 4, 1),
(3155, 15, 4, 1),
(3156, 10, 3, 3),
(3157, 14, 1, 0),
(3158, 15, 2, 3),
(3159, 14, 4, 3),
(3160, 1, 1, 0),
(3161, 1, 1, 0);
INSERT INTO `inventory` (`idinventory`, `iduser`, `idbahanbaku`, `qty`) VALUES
(3162, 1, 1, 0),
(3163, 1, 4, 0),
(3164, 14, 1, 4),
(3165, 7, 2, 0),
(3166, 1, 2, -1),
(3167, 1, 2, -1),
(3168, 1, 3, -1),
(3169, 12, 1, 0),
(3170, 1, 4, -1),
(3171, 7, 4, 1),
(3172, 7, 2, 1),
(3173, 12, 4, 3),
(3174, 8, 1, 1),
(3175, 12, 1, 6),
(3176, 1, 1, -1),
(3177, 1, 1, -1),
(3178, 1, 3, -1),
(3179, 1, 4, -1),
(3180, 7, 3, 0),
(3181, 5, 1, 0),
(3182, 5, 1, 0),
(3183, 5, 1, 0),
(3184, 5, 4, 0),
(3185, 7, 3, 1),
(3186, 6, 1, 0),
(3187, 6, 1, 0),
(3188, 6, 1, 0),
(3189, 6, 4, 0),
(3190, 6, 1, -1),
(3191, 6, 2, -1),
(3192, 6, 3, -1),
(3193, 6, 4, -1),
(3194, 14, 3, 5),
(3195, 6, 1, 0),
(3196, 6, 1, 0),
(3197, 6, 1, 0),
(3198, 6, 4, 0),
(3199, 5, 2, -1),
(3200, 5, 3, -1),
(3201, 5, 3, -1),
(3202, 5, 4, -1),
(3203, 5, 2, -1),
(3204, 5, 3, -1),
(3205, 5, 3, -1),
(3206, 5, 4, -1),
(3207, 3, 1, -2),
(3208, 3, 2, -2),
(3209, 3, 3, -2),
(3210, 3, 4, -2),
(3211, 6, 1, -1),
(3212, 6, 2, -1),
(3213, 6, 3, -1),
(3214, 6, 4, -1),
(3215, 20, 1, -1),
(3216, 20, 1, -1),
(3217, 20, 3, -1),
(3218, 20, 4, -1),
(3219, 9, 1, 0),
(3220, 9, 1, 0),
(3221, 9, 1, 0),
(3222, 9, 4, 0),
(3223, 12, 2, 3),
(3224, 14, 3, -1),
(3225, 19, 2, -1),
(3226, 19, 2, -1),
(3227, 19, 2, -1),
(3228, 19, 4, -1),
(3229, 1, 4, 4),
(3230, 6, 4, 2),
(3231, 1, 2, 6),
(3232, 5, 1, 0),
(3233, 5, 4, 1),
(3234, 9, 2, -3),
(3235, 9, 3, -3),
(3236, 9, 3, -3),
(3237, 9, 4, -3),
(3238, 5, 4, 1),
(3239, 3, 4, 1),
(3240, 5, 1, 3),
(3241, 4, 3, -1),
(3242, 4, 3, -1),
(3243, 4, 3, -1),
(3244, 4, 4, -1),
(3245, 3, 3, 3),
(3246, 20, 4, 2),
(3247, 9, 2, -1),
(3248, 9, 3, -1),
(3249, 9, 3, -1),
(3250, 9, 4, -1),
(3251, 20, 1, 2),
(3252, 19, 4, 1),
(3253, 19, 2, 3),
(3254, 1, 1, 0),
(3255, 7, 2, -1),
(3256, 7, 2, -1),
(3257, 7, 3, -1),
(3258, 7, 4, -1),
(3259, 4, 4, 1),
(3260, 1, 1, 4),
(3261, 3, 3, -1),
(3262, 4, 3, 3),
(3263, 14, 1, -1),
(3264, 14, 3, -1),
(3265, 14, 3, -1),
(3266, 14, 4, -1),
(3267, 2, 2, -1),
(3268, 2, 2, -1),
(3269, 2, 3, -1),
(3270, 2, 4, -1),
(3271, 3, 3, -2),
(3272, 17, 4, 1),
(3273, 2, 1, -1),
(3274, 2, 1, -1),
(3275, 2, 3, -1),
(3276, 2, 4, -1),
(3277, 17, 1, 3),
(3278, 18, 1, 0),
(3279, 18, 1, 0),
(3280, 18, 1, 0),
(3281, 18, 4, 0),
(3282, 14, 3, 1),
(3283, 11, 2, 1),
(3284, 14, 3, 1),
(3285, 18, 2, -2),
(3286, 18, 2, -2),
(3287, 18, 3, -2),
(3288, 18, 4, -2),
(3289, 15, 1, 0),
(3290, 15, 1, 0),
(3291, 15, 1, 0),
(3292, 15, 4, 0),
(3293, 9, 3, 8),
(3294, 2, 4, 2),
(3295, 15, 2, -1),
(3296, 15, 2, -1),
(3297, 15, 2, -1),
(3298, 15, 4, -1),
(3299, 2, 1, 4),
(3300, 18, 3, 0),
(3301, 13, 1, -1),
(3302, 13, 1, -1),
(3303, 13, 2, -1),
(3304, 13, 4, -1),
(3305, 18, 4, 1),
(3306, 6, 1, -1),
(3307, 6, 2, -1),
(3308, 6, 2, -1),
(3309, 6, 4, -1),
(3310, 20, 1, -1),
(3311, 20, 2, -1),
(3312, 20, 2, -1),
(3313, 20, 4, -1),
(3314, 18, 2, 3),
(3315, 2, 3, 0),
(3316, 3, 3, 1),
(3317, 16, 1, 0),
(3318, 16, 1, 0),
(3319, 16, 1, 0),
(3320, 16, 4, 0),
(3321, 3, 3, 2),
(3322, 11, 1, -2),
(3323, 11, 2, -2),
(3324, 11, 2, -2),
(3325, 11, 4, -2),
(3326, 2, 3, 2),
(3327, 3, 3, -1),
(3328, 3, 3, -2),
(3329, 16, 1, -2),
(3330, 16, 2, -2),
(3331, 16, 2, -2),
(3332, 16, 4, -2),
(3333, 11, 4, 1),
(3334, 7, 4, 1),
(3335, 7, 3, 1),
(3336, 16, 1, -1),
(3337, 16, 1, -1),
(3338, 16, 2, -1),
(3339, 16, 4, -1),
(3340, 7, 3, 0),
(3341, 20, 1, 2),
(3342, 17, 1, -2),
(3343, 17, 1, -2),
(3344, 17, 1, -2),
(3345, 17, 4, -2),
(3346, 7, 2, 0),
(3347, 7, 2, 2),
(3348, 19, 2, -1),
(3349, 19, 2, -1),
(3350, 19, 2, -1),
(3351, 19, 4, -1),
(3352, 12, 1, 0),
(3353, 12, 1, 0),
(3354, 12, 1, 0),
(3355, 12, 4, 0),
(3356, 14, 1, 0),
(3357, 14, 1, 0),
(3358, 14, 1, 0),
(3359, 14, 4, 0),
(3360, 4, 3, -1),
(3361, 4, 3, -1),
(3362, 4, 3, -1),
(3363, 4, 4, -1),
(3364, 17, 3, 2),
(3365, 4, 3, 1),
(3366, 4, 3, 3),
(3367, 12, 1, -1),
(3368, 12, 1, -1),
(3369, 12, 2, -1),
(3370, 12, 4, -1),
(3371, 3, 3, 1),
(3372, 14, 1, -2),
(3373, 14, 3, -2),
(3374, 14, 3, -2),
(3375, 14, 4, -2),
(3376, 3, 3, -1),
(3377, 12, 1, -1),
(3378, 12, 1, -1),
(3379, 12, 2, -1),
(3380, 12, 4, -1),
(3381, 6, 1, 0),
(3382, 6, 1, 0),
(3383, 6, 1, 0),
(3384, 6, 4, 0),
(3385, 10, 1, 0),
(3386, 10, 1, 0),
(3387, 10, 1, 0),
(3388, 10, 4, 0),
(3389, 11, 1, 0),
(3390, 11, 1, 0),
(3391, 11, 1, 0),
(3392, 11, 4, 0),
(3393, 6, 1, -1),
(3394, 6, 3, -1),
(3395, 6, 3, -1),
(3396, 6, 4, -1),
(3397, 11, 2, -1),
(3398, 11, 2, -1),
(3399, 11, 2, -1),
(3400, 11, 4, -1),
(3401, 6, 1, -2),
(3402, 6, 1, -2),
(3403, 6, 2, -2),
(3404, 6, 4, -2),
(3405, 10, 2, -1),
(3406, 10, 3, -1),
(3407, 10, 3, -1),
(3408, 10, 4, -1),
(3409, 12, 1, 0),
(3410, 12, 1, 0),
(3411, 12, 1, 0),
(3412, 12, 4, 0),
(3413, 10, 2, -1),
(3414, 10, 3, -1),
(3415, 10, 3, -1),
(3416, 10, 4, -1),
(3417, 11, 2, -1),
(3418, 11, 2, -1),
(3419, 11, 2, -1),
(3420, 11, 4, -1),
(3421, 12, 1, -1),
(3422, 12, 1, -1),
(3423, 12, 2, -1),
(3424, 12, 4, -1),
(3425, 11, 1, -1),
(3426, 11, 2, -1),
(3427, 11, 2, -1),
(3428, 11, 4, -1),
(3429, 16, 2, -1),
(3430, 16, 2, -1),
(3431, 16, 3, -1),
(3432, 16, 4, -1),
(3433, 1, 1, 0),
(3434, 1, 1, 0),
(3435, 1, 1, 0),
(3436, 1, 4, 0),
(3437, 13, 1, -1),
(3438, 13, 1, -1),
(3439, 13, 1, -1),
(3440, 13, 4, -1),
(3441, 16, 4, 1),
(3442, 18, 2, -1),
(3443, 18, 2, -1),
(3444, 18, 2, -1),
(3445, 18, 4, -1),
(3446, 16, 1, 3),
(3447, 1, 1, -3),
(3448, 1, 2, -3),
(3449, 1, 2, -3),
(3450, 1, 4, -3),
(3451, 2, 1, 0),
(3452, 2, 1, 0),
(3453, 2, 1, 0),
(3454, 2, 4, 0),
(3455, 6, 2, -1),
(3456, 2, 1, -1),
(3457, 2, 1, -1),
(3458, 2, 3, -1),
(3459, 2, 4, -1),
(3460, 2, 1, -1),
(3461, 2, 1, -1),
(3462, 2, 3, -1),
(3463, 2, 4, -1),
(3464, 4, 3, -1),
(3465, 4, 4, 1),
(3466, 5, 4, 0),
(3467, 16, 3, 0),
(3468, 6, 4, 4),
(3469, 5, 4, 2),
(3470, 9, 1, 0),
(3471, 9, 1, 0),
(3472, 9, 1, 0),
(3473, 9, 4, 0),
(3474, 6, 1, 10),
(3475, 16, 4, 2),
(3476, 5, 2, 4),
(3477, 17, 1, -1),
(3478, 17, 1, -1),
(3479, 17, 3, -1),
(3480, 17, 4, -1),
(3481, 16, 3, 4),
(3482, 1, 4, 2),
(3483, 1, 2, 1),
(3484, 2, 4, 4),
(3485, 11, 2, 2),
(3486, 2, 1, 4),
(3487, 11, 2, 6),
(3488, 1, 3, 4),
(3489, 12, 1, 0),
(3490, 1, 3, 0),
(3491, 12, 4, 2),
(3492, 12, 1, 5),
(3493, 3, 1, 0),
(3494, 4, 3, -1),
(3495, 4, 3, -1),
(3496, 4, 3, -1),
(3497, 4, 4, -1),
(3498, 13, 1, -3),
(3499, 13, 2, -3),
(3500, 13, 3, -3),
(3501, 13, 4, -3),
(3502, 3, 4, 2),
(3503, 3, 1, 4),
(3504, 14, 2, 0),
(3505, 5, 3, 2),
(3506, 14, 4, 1),
(3507, 14, 2, 3),
(3508, 17, 4, 2),
(3509, 2, 2, 0),
(3510, 1, 1, 0),
(3511, 2, 2, 4),
(3512, 15, 3, 6),
(3513, 1, 1, 3),
(3514, 5, 1, 0),
(3515, 7, 1, -3),
(3516, 7, 2, -3),
(3517, 7, 3, -3),
(3518, 7, 4, -3),
(3519, 18, 4, 2),
(3520, 5, 1, 2),
(3521, 18, 2, 6),
(3522, 7, 1, -1),
(3523, 7, 2, -1),
(3524, 7, 3, -1),
(3525, 7, 4, -1),
(3526, 14, 4, 2),
(3527, 14, 3, 3),
(3528, 12, 2, 2),
(3529, 13, 4, 2),
(3530, 3, 2, 0),
(3531, 2, 3, 0),
(3532, 2, 3, 4),
(3533, 9, 1, -3),
(3534, 9, 2, -3),
(3535, 9, 3, -3),
(3536, 9, 4, -3),
(3537, 3, 2, 4),
(3538, 13, 1, 6),
(3539, 15, 3, -1),
(3540, 15, 3, -1),
(3541, 15, 3, -1),
(3542, 15, 4, -1),
(3543, 18, 1, 1),
(3544, 6, 1, -3),
(3545, 6, 2, -3),
(3546, 6, 3, -3),
(3547, 6, 4, -3),
(3548, 1, 3, 0),
(3549, 6, 1, -1),
(3550, 6, 2, -1),
(3551, 6, 3, -1),
(3552, 6, 4, -1),
(3553, 1, 3, 4),
(3554, 7, 2, 0),
(3555, 1, 4, 4),
(3556, 7, 2, 3),
(3557, 9, 1, -1),
(3558, 9, 2, -1),
(3559, 9, 3, -1),
(3560, 9, 4, -1),
(3561, 20, 1, -2),
(3562, 20, 2, -2),
(3563, 20, 3, -2),
(3564, 20, 4, -2),
(3565, 16, 1, 0),
(3566, 16, 1, 0),
(3567, 16, 1, 0),
(3568, 16, 4, 0),
(3569, 6, 2, 0),
(3570, 15, 1, 0),
(3571, 3, 3, 3),
(3572, 15, 1, 2),
(3573, 6, 4, 4),
(3574, 13, 1, -3),
(3575, 16, 1, -2),
(3576, 16, 2, -2),
(3577, 16, 3, -2),
(3578, 16, 4, -2),
(3579, 6, 2, 10),
(3580, 15, 1, 1),
(3581, 14, 4, 2),
(3582, 1, 1, 0),
(3583, 19, 2, -2),
(3584, 19, 2, -2),
(3585, 19, 2, -2),
(3586, 19, 4, -2),
(3587, 1, 1, 4),
(3588, 4, 4, 2),
(3589, 14, 1, 0),
(3590, 11, 2, -2),
(3591, 14, 1, 4),
(3592, 7, 3, 0),
(3593, 11, 4, 2),
(3594, 7, 3, 3),
(3595, 16, 1, 0),
(3596, 17, 2, -1),
(3597, 9, 2, 0),
(3598, 16, 1, 1),
(3599, 8, 1, -1),
(3600, 8, 2, -1),
(3601, 8, 2, -1),
(3602, 8, 4, -1),
(3603, 7, 4, 3),
(3604, 9, 4, 3),
(3605, 20, 4, 4),
(3606, 9, 2, 7),
(3607, 20, 1, 4),
(3608, 8, 1, -1),
(3609, 8, 2, -1),
(3610, 8, 3, -1),
(3611, 8, 4, -1),
(3612, 1, 2, 4),
(3613, 4, 4, -2),
(3614, 6, 3, 4),
(3615, 5, 1, 0),
(3616, 5, 1, 0),
(3617, 5, 1, 0),
(3618, 5, 4, 0),
(3619, 6, 3, 0),
(3620, 14, 1, 0),
(3621, 14, 1, 0),
(3622, 14, 1, 0),
(3623, 14, 4, 0),
(3624, 4, 4, 2),
(3625, 5, 1, -1),
(3626, 5, 2, -1),
(3627, 5, 3, -1),
(3628, 5, 4, -1),
(3629, 14, 1, -1),
(3630, 14, 2, -1),
(3631, 14, 3, -1),
(3632, 14, 4, -1),
(3633, 6, 4, -3),
(3634, 6, 4, 4),
(3635, 8, 1, 0),
(3636, 8, 1, 0),
(3637, 8, 1, 0),
(3638, 8, 4, 0),
(3639, 20, 2, 0),
(3640, 4, 4, -1),
(3641, 20, 2, 3),
(3642, 8, 2, -2),
(3643, 5, 1, -1),
(3644, 5, 2, -1),
(3645, 5, 3, -1),
(3646, 5, 4, -1),
(3647, 8, 2, -1),
(3648, 8, 2, -1),
(3649, 8, 2, -1),
(3650, 8, 4, -1),
(3651, 4, 4, -1),
(3652, 10, 1, 0),
(3653, 10, 1, 0),
(3654, 10, 1, 0),
(3655, 10, 4, 0),
(3656, 1, 1, 0),
(3657, 1, 1, 0),
(3658, 1, 1, 0),
(3659, 1, 4, 0),
(3660, 1, 1, -1),
(3661, 1, 2, -1),
(3662, 1, 3, -1),
(3663, 1, 4, -1),
(3664, 8, 4, 1),
(3665, 17, 2, 1),
(3666, 3, 3, 1),
(3667, 13, 1, 3),
(3668, 1, 1, 0),
(3669, 1, 1, 0),
(3670, 1, 1, 0),
(3671, 1, 4, 0),
(3672, 3, 3, -1),
(3673, 10, 1, -1),
(3674, 10, 2, -1),
(3675, 10, 3, -1),
(3676, 10, 4, -1),
(3677, 17, 3, 1),
(3678, 4, 4, 1),
(3679, 4, 4, 1),
(3680, 1, 1, -1),
(3681, 1, 2, -1),
(3682, 1, 3, -1),
(3683, 1, 4, -1),
(3684, 13, 1, -2),
(3685, 10, 1, -1),
(3686, 10, 2, -1),
(3687, 10, 3, -1),
(3688, 10, 4, -1),
(3689, 15, 1, -2),
(3690, 15, 3, -2),
(3691, 15, 3, -2),
(3692, 15, 4, -2),
(3693, 17, 1, 0),
(3694, 17, 1, 0),
(3695, 17, 1, 0),
(3696, 17, 4, 0),
(3697, 9, 1, 0),
(3698, 9, 1, 0),
(3699, 9, 1, 0),
(3700, 9, 4, 0),
(3701, 4, 4, -1),
(3702, 20, 3, 3),
(3703, 20, 3, 0),
(3704, 17, 1, -1),
(3705, 17, 1, -1),
(3706, 17, 3, -1),
(3707, 17, 4, -1),
(3708, 4, 4, -1),
(3709, 12, 1, -2),
(3710, 12, 1, -2),
(3711, 12, 2, -2),
(3712, 12, 4, -2),
(3713, 8, 1, 0),
(3714, 8, 1, 0),
(3715, 8, 1, 0),
(3716, 8, 4, 0),
(3717, 9, 1, -1),
(3718, 9, 2, -1),
(3719, 9, 3, -1),
(3720, 9, 4, -1),
(3721, 10, 2, 0),
(3722, 12, 1, -1),
(3723, 12, 2, -1),
(3724, 12, 3, -1),
(3725, 12, 4, -1),
(3726, 17, 4, 2),
(3727, 10, 4, 2),
(3728, 9, 1, -3),
(3729, 9, 2, -3),
(3730, 9, 3, -3),
(3731, 9, 4, -3),
(3732, 8, 2, -1),
(3733, 8, 2, -1),
(3734, 8, 2, -1),
(3735, 17, 1, 3),
(3736, 8, 4, -1),
(3737, 10, 2, 6),
(3738, 15, 4, 2),
(3739, 3, 1, 0),
(3740, 3, 1, 0),
(3741, 3, 1, 0),
(3742, 3, 4, 0),
(3743, 18, 1, 0),
(3744, 18, 1, 0),
(3745, 18, 1, 0),
(3746, 18, 4, 0),
(3747, 15, 3, 3),
(3748, 18, 2, -1),
(3749, 18, 2, -1),
(3750, 18, 2, -1),
(3751, 18, 4, -1),
(3752, 11, 1, 0),
(3753, 11, 4, 1),
(3754, 9, 3, 2),
(3755, 9, 4, 4),
(3756, 11, 1, 2),
(3757, 8, 2, 2),
(3758, 3, 1, -2),
(3759, 3, 2, -2),
(3760, 3, 3, -2),
(3761, 3, 4, -2),
(3762, 8, 2, -2),
(3763, 14, 1, 0),
(3764, 14, 1, 0),
(3765, 14, 1, 0),
(3766, 14, 4, 0),
(3767, 12, 4, 1),
(3768, 9, 1, 0),
(3769, 9, 1, 4),
(3770, 12, 1, 0),
(3771, 14, 1, -2),
(3772, 14, 2, -2),
(3773, 14, 3, -2),
(3774, 14, 4, -2),
(3775, 4, 4, 1),
(3776, 12, 1, 3),
(3777, 4, 4, 1),
(3778, 13, 1, 0),
(3779, 13, 1, 0),
(3780, 13, 1, 0),
(3781, 13, 4, 0),
(3782, 13, 1, -1),
(3783, 13, 1, -1),
(3784, 13, 2, -1),
(3785, 13, 4, -1),
(3786, 4, 4, -1),
(3787, 4, 4, -1),
(3788, 16, 1, 0),
(3789, 16, 4, 1),
(3790, 13, 1, -1),
(3791, 13, 1, -1),
(3792, 13, 2, -1),
(3793, 13, 4, -1),
(3794, 7, 1, 0),
(3795, 7, 1, 0),
(3796, 7, 1, 0),
(3797, 7, 4, 0),
(3798, 14, 3, 4),
(3799, 3, 1, -2),
(3800, 3, 2, -2),
(3801, 3, 3, -2),
(3802, 3, 4, -2),
(3803, 14, 4, 2),
(3804, 8, 2, 2),
(3805, 20, 1, 0),
(3806, 20, 1, 0),
(3807, 20, 1, 0),
(3808, 20, 4, 0),
(3809, 8, 2, -2),
(3810, 18, 1, 0),
(3811, 18, 2, 0),
(3812, 18, 2, 0),
(3813, 18, 4, 0),
(3814, 18, 1, -1),
(3815, 18, 2, -1),
(3816, 18, 2, -1),
(3817, 18, 4, -1),
(3818, 20, 1, -2),
(3819, 20, 2, -2),
(3820, 20, 3, -2),
(3821, 20, 4, -2),
(3822, 7, 1, -4),
(3823, 7, 2, -4),
(3824, 7, 3, -4),
(3825, 7, 4, -4),
(3826, 7, 4, 2),
(3827, 6, 1, 0),
(3828, 6, 1, 0),
(3829, 6, 1, 0),
(3830, 6, 4, 0),
(3831, 7, 3, 0),
(3832, 1, 1, -2),
(3833, 1, 2, -2),
(3834, 1, 3, -2),
(3835, 1, 4, -2),
(3836, 19, 4, 4),
(3837, 5, 1, 0),
(3838, 5, 1, 0),
(3839, 5, 1, 0),
(3840, 5, 4, 0),
(3841, 19, 2, 12),
(3842, 13, 4, 2),
(3843, 13, 1, 4),
(3844, 6, 1, -2),
(3845, 6, 2, -2),
(3846, 6, 3, -2),
(3847, 6, 4, -2),
(3848, 5, 1, -3),
(3849, 5, 2, -3),
(3850, 5, 3, -3),
(3851, 5, 4, -3),
(3852, 7, 2, 0),
(3853, 7, 2, 4),
(3854, 10, 1, -2),
(3855, 10, 2, -2),
(3856, 10, 3, -2),
(3857, 10, 4, -2),
(3858, 6, 4, 1),
(3859, 13, 3, 0),
(3860, 15, 1, 0),
(3861, 15, 1, 0),
(3862, 15, 1, 0),
(3863, 15, 4, 0),
(3864, 1, 1, 0),
(3865, 1, 1, 0),
(3866, 1, 1, 0),
(3867, 1, 4, 0),
(3868, 12, 4, 2),
(3869, 15, 1, -1),
(3870, 15, 3, -1),
(3871, 15, 3, -1),
(3872, 15, 4, -1),
(3873, 12, 1, 0),
(3874, 12, 1, 6),
(3875, 18, 4, 1),
(3876, 18, 2, 2),
(3877, 13, 2, 0),
(3878, 11, 1, -2),
(3879, 11, 2, -2),
(3880, 11, 2, -2),
(3881, 11, 4, -2),
(3882, 13, 2, 4),
(3883, 13, 1, 2),
(3884, 1, 1, -4),
(3885, 1, 2, -4),
(3886, 1, 3, -4),
(3887, 1, 4, -4),
(3888, 14, 4, -1),
(3889, 8, 4, 1),
(3890, 12, 2, 2),
(3891, 5, 2, 0),
(3892, 16, 1, -1),
(3893, 16, 1, -1),
(3894, 16, 2, -1),
(3895, 16, 4, -1),
(3896, 8, 3, 0),
(3897, 14, 1, -1),
(3898, 14, 3, -1),
(3899, 14, 3, -1),
(3900, 14, 4, -1),
(3901, 5, 4, 1),
(3902, 8, 3, 2),
(3903, 4, 4, 1),
(3904, 5, 2, 1),
(3905, 4, 4, 1),
(3906, 1, 3, 0),
(3907, 4, 4, -1),
(3908, 20, 1, 0),
(3909, 20, 1, 0),
(3910, 20, 1, 0),
(3911, 20, 4, 0),
(3912, 16, 2, -2),
(3913, 16, 2, -2),
(3914, 16, 3, -2),
(3915, 16, 4, -2),
(3916, 1, 4, 4),
(3917, 4, 4, -1),
(3918, 1, 3, 4),
(3919, 17, 1, 0),
(3920, 17, 1, 0),
(3921, 17, 1, 0),
(3922, 17, 4, 0),
(3923, 20, 1, -1),
(3924, 20, 1, -1),
(3925, 20, 3, -1),
(3926, 20, 4, -1),
(3927, 17, 1, -1),
(3928, 17, 1, -1),
(3929, 17, 3, -1),
(3930, 17, 4, -1),
(3931, 14, 3, 2),
(3932, 20, 1, -1),
(3933, 1, 2, 4),
(3934, 20, 2, -1),
(3935, 20, 3, -1),
(3936, 20, 4, -1),
(3937, 13, 1, -1),
(3938, 17, 1, -1),
(3939, 17, 1, -1),
(3940, 17, 2, -1),
(3941, 17, 4, -1),
(3942, 12, 1, -1),
(3943, 12, 1, -1),
(3944, 12, 1, -1),
(3945, 12, 4, -1),
(3946, 20, 4, 3),
(3947, 19, 4, 4),
(3948, 15, 1, 0),
(3949, 15, 1, 0),
(3950, 15, 1, 0),
(3951, 15, 4, 0),
(3952, 20, 1, 5),
(3953, 10, 2, -1),
(3954, 19, 4, -4),
(3955, 15, 3, -1),
(3956, 15, 3, -1),
(3957, 15, 3, -1),
(3958, 15, 4, -1),
(3959, 9, 1, -3),
(3960, 9, 2, -3),
(3961, 9, 3, -3),
(3962, 9, 4, -3),
(3963, 19, 4, 3),
(3964, 9, 1, -1),
(3965, 9, 2, -1),
(3966, 9, 3, -1),
(3967, 9, 4, -1),
(3968, 19, 2, 9),
(3969, 5, 1, 0),
(3970, 5, 1, 0),
(3971, 5, 1, 0),
(3972, 5, 4, 0),
(3973, 17, 1, 3),
(3974, 5, 2, -1),
(3975, 5, 3, -1),
(3976, 5, 3, -1),
(3977, 5, 4, -1),
(3978, 1, 1, 0),
(3979, 7, 1, 0),
(3980, 7, 1, 0),
(3981, 7, 1, 0),
(3982, 7, 4, 0),
(3983, 1, 1, 4),
(3984, 6, 1, 0),
(3985, 6, 1, 0),
(3986, 6, 1, 0),
(3987, 6, 4, 0),
(3988, 16, 1, 0),
(3989, 16, 4, 1),
(3990, 16, 1, 3),
(3991, 15, 2, 0),
(3992, 20, 3, 0),
(3993, 15, 4, 3),
(3994, 20, 3, 3),
(3995, 15, 2, 3),
(3996, 2, 4, 4),
(3997, 2, 1, 4),
(3998, 6, 1, -2),
(3999, 6, 1, -2),
(4000, 6, 2, -2),
(4001, 6, 4, -2),
(4002, 7, 1, -2),
(4003, 7, 1, -2),
(4004, 7, 2, -2),
(4005, 7, 4, -2),
(4006, 7, 1, -2),
(4007, 7, 1, -2),
(4008, 7, 2, -2),
(4009, 7, 4, -2),
(4010, 11, 2, 1),
(4011, 9, 4, 1),
(4012, 6, 1, -1),
(4013, 6, 2, -1),
(4014, 6, 2, -1),
(4015, 6, 4, -1),
(4016, 9, 3, 3),
(4017, 7, 2, 0),
(4018, 6, 1, -1),
(4019, 6, 1, -1),
(4020, 6, 3, -1),
(4021, 6, 4, -1),
(4022, 7, 4, 2),
(4023, 7, 2, 2),
(4024, 15, 3, 6),
(4025, 13, 1, 0),
(4026, 13, 1, 0),
(4027, 13, 1, 0),
(4028, 13, 4, 0),
(4029, 10, 1, -2),
(4030, 10, 2, -2),
(4031, 10, 3, -2),
(4032, 10, 4, -2),
(4033, 2, 2, 0),
(4034, 19, 4, -2),
(4035, 8, 1, 0),
(4036, 8, 1, 0),
(4037, 8, 1, 0),
(4038, 8, 4, 0),
(4039, 8, 2, -1),
(4040, 8, 3, -1),
(4041, 8, 3, -1),
(4042, 8, 4, -1),
(4043, 6, 4, 3),
(4044, 13, 1, -2),
(4045, 13, 1, -2),
(4046, 13, 2, -2),
(4047, 13, 4, -2),
(4048, 2, 2, 4),
(4049, 7, 3, 2),
(4050, 7, 3, 0),
(4051, 12, 1, -2),
(4052, 12, 1, -2),
(4053, 12, 2, -2),
(4054, 12, 4, -2),
(4055, 14, 1, 0),
(4056, 14, 1, 0),
(4057, 14, 1, 0),
(4058, 14, 4, 0),
(4059, 19, 2, -2),
(4060, 10, 4, 1),
(4061, 2, 3, 0),
(4062, 14, 1, -2),
(4063, 14, 3, -2),
(4064, 14, 3, -2),
(4065, 14, 4, -2),
(4066, 2, 3, 4),
(4067, 9, 3, -1),
(4068, 9, 3, -1),
(4069, 9, 3, -1),
(4070, 9, 4, -1),
(4071, 18, 2, 2),
(4072, 19, 2, -2),
(4073, 17, 1, 0),
(4074, 17, 1, 0),
(4075, 17, 1, 0),
(4076, 17, 4, 0),
(4077, 16, 1, -1),
(4078, 16, 1, -1),
(4079, 16, 1, -1),
(4080, 16, 4, -1),
(4081, 17, 1, -1),
(4082, 17, 1, -1),
(4083, 17, 1, -1),
(4084, 17, 4, -1),
(4085, 10, 2, 2),
(4086, 11, 2, -1),
(4087, 11, 2, -1),
(4088, 11, 2, -1),
(4089, 11, 4, -1),
(4090, 10, 4, 1),
(4091, 13, 1, 0),
(4092, 13, 1, 0),
(4093, 13, 1, 0),
(4094, 13, 4, 0),
(4095, 14, 4, 1),
(4096, 6, 1, 0),
(4097, 6, 1, 0),
(4098, 6, 1, 0),
(4099, 6, 4, 0),
(4100, 13, 1, -1),
(4101, 13, 1, -1),
(4102, 13, 2, -1),
(4103, 13, 4, -1),
(4104, 6, 1, -1),
(4105, 6, 3, -1),
(4106, 6, 3, -1),
(4107, 6, 4, -1),
(4108, 6, 1, -1),
(4109, 6, 1, -1),
(4110, 6, 2, -1),
(4111, 6, 4, -1),
(4112, 6, 1, -1),
(4113, 6, 2, -1),
(4114, 6, 2, -1),
(4115, 6, 4, -1),
(4116, 5, 4, 4),
(4117, 6, 4, 4),
(4118, 8, 4, 2),
(4119, 5, 3, 4),
(4120, 8, 2, 4),
(4121, 18, 1, 0),
(4122, 18, 1, 0),
(4123, 18, 1, 0),
(4124, 18, 4, 0),
(4125, 6, 1, 10),
(4126, 7, 1, 0),
(4127, 7, 1, 0),
(4128, 7, 1, 0),
(4129, 7, 4, 0),
(4130, 20, 3, -1),
(4131, 18, 2, -1),
(4132, 18, 2, -1),
(4133, 18, 2, -1),
(4134, 18, 4, -1),
(4135, 9, 1, 0),
(4136, 8, 3, 0),
(4137, 7, 1, -2),
(4138, 7, 2, -2),
(4139, 7, 3, -2),
(4140, 7, 4, -2),
(4141, 9, 4, 4),
(4142, 8, 3, 2),
(4143, 2, 1, 0),
(4144, 2, 1, 0),
(4145, 2, 1, 0),
(4146, 2, 4, 0),
(4147, 5, 2, 0),
(4148, 9, 1, 8),
(4149, 19, 2, -3),
(4150, 5, 2, 4),
(4151, 6, 3, 0),
(4152, 17, 2, 3),
(4153, 1, 1, -2),
(4154, 1, 2, -2),
(4155, 1, 3, -2),
(4156, 1, 4, -2),
(4157, 6, 3, 6),
(4158, 7, 2, 0),
(4159, 20, 1, 0),
(4160, 20, 1, 0),
(4161, 20, 1, 0),
(4162, 20, 4, 0),
(4163, 7, 4, 3),
(4164, 13, 4, 4),
(4165, 13, 1, 12),
(4166, 7, 2, 3),
(4167, 12, 1, 0),
(4168, 19, 2, -3),
(4169, 14, 2, 0),
(4170, 2, 1, -4),
(4171, 2, 2, -4),
(4172, 2, 3, -4),
(4173, 2, 4, -4),
(4174, 14, 4, 2),
(4175, 19, 2, -11),
(4176, 10, 4, 1),
(4177, 14, 2, 5),
(4178, 10, 3, 7),
(4179, 20, 1, -2),
(4180, 20, 1, -2),
(4181, 20, 3, -2),
(4182, 20, 4, -2),
(4183, 12, 4, 4),
(4184, 9, 2, 0),
(4185, 9, 2, 8),
(4186, 12, 1, 2),
(4187, 15, 1, 0),
(4188, 15, 1, 0),
(4189, 15, 1, 0),
(4190, 15, 4, 0),
(4191, 11, 3, 0),
(4192, 3, 1, 0),
(4193, 1, 1, 0),
(4194, 1, 1, 0),
(4195, 1, 1, 0),
(4196, 1, 4, 0),
(4197, 19, 2, 11),
(4198, 11, 4, 4),
(4199, 3, 4, 4),
(4200, 11, 3, 12),
(4201, 3, 1, 8),
(4202, 1, 1, -2),
(4203, 1, 2, -2),
(4204, 1, 3, -2),
(4205, 1, 4, -2),
(4206, 16, 1, 0),
(4207, 20, 2, 0),
(4208, 20, 4, 3),
(4209, 16, 4, 4),
(4210, 15, 2, -1),
(4211, 15, 3, -1),
(4212, 15, 3, -1),
(4213, 15, 4, -1),
(4214, 20, 2, 3),
(4215, 16, 1, 12),
(4216, 15, 2, -2),
(4217, 15, 3, -2),
(4218, 15, 3, -2),
(4219, 15, 4, -2),
(4220, 12, 2, 4),
(4221, 2, 1, 0),
(4222, 2, 1, 0),
(4223, 2, 1, 0),
(4224, 2, 4, 0),
(4225, 6, 2, 0),
(4226, 6, 2, 6),
(4227, 7, 3, 0),
(4228, 7, 3, 3),
(4229, 17, 4, 3),
(4230, 17, 1, 6),
(4231, 3, 3, 4),
(4232, 5, 1, 0),
(4233, 19, 2, -2),
(4234, 18, 4, 1),
(4235, 5, 1, 4),
(4236, 18, 2, 1),
(4237, 2, 1, -4),
(4238, 2, 2, -4),
(4239, 2, 3, -4),
(4240, 2, 4, -4),
(4241, 14, 1, 0),
(4242, 14, 4, 2),
(4243, 15, 2, 0),
(4244, 19, 2, -3),
(4245, 14, 1, 5),
(4246, 15, 4, 3),
(4247, 9, 3, 8),
(4248, 10, 1, 0),
(4249, 10, 4, 1),
(4250, 10, 1, 6),
(4251, 15, 4, -3),
(4252, 1, 1, 0),
(4253, 12, 3, 0),
(4254, 15, 4, 2),
(4255, 12, 3, 4),
(4256, 15, 2, 3),
(4257, 1, 4, 4),
(4258, 1, 1, 4),
(4259, 20, 3, 3),
(4260, 20, 3, 0),
(4261, 7, 1, 3),
(4262, 1, 2, 4),
(4263, 14, 3, 6),
(4264, 19, 4, -1),
(4265, 8, 2, -2),
(4266, 8, 2, -2),
(4267, 8, 3, -2),
(4268, 8, 4, -2),
(4269, 13, 1, 0),
(4270, 13, 1, 0),
(4271, 13, 1, 0),
(4272, 13, 4, 0),
(4273, 2, 4, 4),
(4274, 15, 4, 1),
(4275, 2, 1, 4),
(4276, 15, 3, 6),
(4277, 2, 2, 0),
(4278, 2, 2, 4),
(4279, 13, 1, -3),
(4280, 13, 1, -3),
(4281, 13, 1, -3),
(4282, 13, 4, -3),
(4283, 20, 1, 3),
(4284, 17, 3, 0),
(4285, 2, 2, -4),
(4286, 13, 1, -1),
(4287, 13, 1, -1),
(4288, 13, 2, -1),
(4289, 13, 4, -1),
(4290, 2, 2, 8),
(4291, 17, 3, 5),
(4292, 6, 1, 0),
(4293, 6, 1, 0),
(4294, 6, 1, 0),
(4295, 6, 4, 0),
(4296, 13, 4, 4),
(4297, 1, 3, 0),
(4298, 13, 1, 11),
(4299, 1, 3, 4),
(4300, 11, 4, 2),
(4301, 6, 1, -3),
(4302, 11, 2, 6),
(4303, 6, 2, -3),
(4304, 6, 3, -3),
(4305, 6, 4, -3),
(4306, 2, 3, 0),
(4307, 10, 1, 0),
(4308, 10, 1, 0),
(4309, 10, 1, 0),
(4310, 10, 4, 0),
(4311, 2, 3, 8),
(4312, 17, 4, 2),
(4313, 10, 1, -2),
(4314, 10, 2, -2),
(4315, 10, 3, -2),
(4316, 10, 4, -2),
(4317, 6, 4, 3),
(4318, 5, 1, 0),
(4319, 5, 1, 0),
(4320, 5, 1, 0),
(4321, 5, 4, 0),
(4322, 8, 4, 2),
(4323, 8, 2, 4),
(4324, 5, 1, -2),
(4325, 5, 2, -2),
(4326, 5, 3, -2),
(4327, 5, 4, -2),
(4328, 8, 3, 0),
(4329, 19, 2, -4),
(4330, 8, 3, 2),
(4331, 2, 4, 4),
(4332, 19, 2, -1),
(4333, 19, 2, -1),
(4334, 19, 2, -1),
(4335, 2, 1, 4),
(4336, 12, 1, -4),
(4337, 12, 2, -4),
(4338, 12, 3, -4),
(4339, 12, 4, -4),
(4340, 20, 1, -1),
(4341, 20, 2, -1),
(4342, 20, 3, -1),
(4343, 20, 4, -1),
(4344, 7, 1, 0),
(4345, 7, 1, 0),
(4346, 7, 1, 0),
(4347, 7, 4, 0),
(4348, 6, 3, 0),
(4349, 6, 3, 6),
(4350, 3, 1, -2),
(4351, 3, 1, -2),
(4352, 3, 3, -2),
(4353, 3, 4, -2),
(4354, 7, 1, -3),
(4355, 7, 2, -3),
(4356, 7, 3, -3),
(4357, 7, 4, -3),
(4358, 18, 2, -1),
(4359, 18, 2, -1),
(4360, 18, 2, -1),
(4361, 18, 4, -1),
(4362, 5, 1, 0),
(4363, 5, 1, 0),
(4364, 5, 1, 0),
(4365, 5, 4, 0),
(4366, 7, 3, 0),
(4367, 7, 4, 4),
(4368, 7, 3, 4),
(4369, 5, 1, -2),
(4370, 5, 2, -2),
(4371, 5, 3, -2),
(4372, 5, 4, -2),
(4373, 14, 1, 0),
(4374, 14, 1, 0),
(4375, 14, 1, 0),
(4376, 14, 4, 0),
(4377, 20, 1, 0),
(4378, 20, 1, 0),
(4379, 20, 1, 0),
(4380, 20, 4, 0),
(4381, 7, 2, 0),
(4382, 20, 1, -1),
(4383, 20, 2, -1),
(4384, 20, 3, -1),
(4385, 20, 4, -1),
(4386, 7, 2, 4),
(4387, 14, 1, -3),
(4388, 14, 2, -3),
(4389, 14, 3, -3),
(4390, 14, 4, -3),
(4391, 18, 4, 2),
(4392, 17, 1, -1),
(4393, 18, 2, 2),
(4394, 12, 4, 4),
(4395, 7, 1, 4),
(4396, 18, 3, 2),
(4397, 9, 1, -4),
(4398, 9, 2, -4),
(4399, 9, 3, -4),
(4400, 9, 4, -4),
(4401, 18, 3, 0),
(4402, 12, 2, 2),
(4403, 6, 1, 0),
(4404, 6, 1, 0),
(4405, 6, 1, 0),
(4406, 6, 4, 0),
(4407, 20, 4, 1),
(4408, 16, 1, -3),
(4409, 16, 1, -3),
(4410, 20, 1, 3),
(4411, 16, 1, -3),
(4412, 16, 4, -3),
(4413, 5, 1, 0),
(4414, 3, 1, 0),
(4415, 3, 1, 0),
(4416, 3, 1, 0),
(4417, 3, 4, 0),
(4418, 5, 4, 4),
(4419, 19, 4, -1),
(4420, 6, 1, -3),
(4421, 6, 2, -3),
(4422, 6, 3, -3),
(4423, 6, 4, -3),
(4424, 3, 1, -1),
(4425, 3, 1, -1),
(4426, 3, 3, -1),
(4427, 3, 4, -1),
(4428, 17, 1, 1),
(4429, 18, 4, 1),
(4430, 6, 2, 0),
(4431, 5, 1, 4),
(4432, 10, 1, -2),
(4433, 10, 2, -2),
(4434, 10, 3, -2),
(4435, 10, 4, -2),
(4436, 6, 4, 3),
(4437, 18, 1, 0),
(4438, 6, 2, 6),
(4439, 19, 4, -1),
(4440, 18, 1, 2),
(4441, 11, 2, -3),
(4442, 11, 3, -3),
(4443, 11, 3, -3),
(4444, 11, 4, -3),
(4445, 10, 4, 1),
(4446, 12, 1, 0),
(4447, 5, 2, 0),
(4448, 17, 1, 0),
(4449, 17, 1, 0),
(4450, 17, 1, 0),
(4451, 17, 4, 0),
(4452, 5, 2, 4),
(4453, 12, 1, 4),
(4454, 14, 1, -2),
(4455, 14, 2, -2),
(4456, 14, 3, -2),
(4457, 14, 4, -2),
(4458, 1, 1, 0),
(4459, 1, 1, 0),
(4460, 1, 1, 0),
(4461, 1, 4, 0),
(4462, 9, 1, 0),
(4463, 17, 1, -1),
(4464, 17, 3, -1),
(4465, 17, 3, -1),
(4466, 17, 4, -1),
(4467, 9, 4, 3),
(4468, 5, 3, 4),
(4469, 1, 1, -2),
(4470, 1, 2, -2),
(4471, 1, 3, -2),
(4472, 1, 4, -2),
(4473, 10, 2, 3),
(4474, 14, 2, 0),
(4475, 10, 4, 0),
(4476, 17, 1, -2),
(4477, 17, 1, -2),
(4478, 17, 2, -2),
(4479, 17, 4, -2),
(4480, 14, 4, 2),
(4481, 12, 4, -2),
(4482, 3, 1, -1),
(4483, 3, 1, -1),
(4484, 3, 3, -1),
(4485, 3, 4, -1),
(4486, 14, 2, 3),
(4487, 17, 2, -1),
(4488, 17, 3, -1),
(4489, 17, 3, -1),
(4490, 17, 4, -1),
(4491, 16, 1, 0),
(4492, 16, 1, 0),
(4493, 16, 1, 0),
(4494, 16, 4, 0),
(4495, 14, 3, 2),
(4496, 13, 1, 0),
(4497, 13, 1, 0),
(4498, 13, 1, 0),
(4499, 13, 4, 0),
(4500, 16, 1, -1),
(4501, 6, 1, 3),
(4502, 16, 1, -1),
(4503, 16, 1, -1),
(4504, 16, 4, -1),
(4505, 10, 4, 2),
(4506, 18, 1, 0),
(4507, 19, 4, -1),
(4508, 18, 1, 2),
(4509, 17, 4, 1),
(4510, 17, 1, 1),
(4511, 18, 2, 1),
(4512, 2, 1, -3),
(4513, 2, 2, -3),
(4514, 2, 3, -3),
(4515, 2, 4, -3),
(4516, 8, 1, 0),
(4517, 8, 1, 0),
(4518, 8, 1, 0),
(4519, 8, 4, 0),
(4520, 13, 1, -4),
(4521, 13, 1, -4),
(4522, 13, 1, -4),
(4523, 13, 4, -4),
(4524, 8, 2, -2),
(4525, 8, 2, -2),
(4526, 8, 3, -2),
(4527, 8, 4, -2),
(4528, 19, 4, 2),
(4529, 13, 4, 1),
(4530, 13, 1, 3),
(4531, 11, 2, -3),
(4532, 11, 3, -3),
(4533, 11, 3, -3),
(4534, 11, 4, -3),
(4535, 20, 1, 0),
(4536, 20, 1, 0),
(4537, 20, 1, 0),
(4538, 20, 4, 0),
(4539, 9, 3, 1),
(4540, 15, 2, -1),
(4541, 15, 3, -1),
(4542, 15, 3, -1),
(4543, 15, 4, -1),
(4544, 6, 1, -3),
(4545, 6, 2, -3),
(4546, 6, 3, -3),
(4547, 6, 4, -3),
(4548, 20, 1, -1),
(4549, 20, 1, -1),
(4550, 20, 2, -1),
(4551, 20, 4, -1),
(4552, 15, 2, -1),
(4553, 15, 3, -1),
(4554, 15, 3, -1),
(4555, 15, 4, -1),
(4556, 16, 4, 1),
(4557, 16, 2, 3),
(4558, 1, 1, 0),
(4559, 1, 1, 0),
(4560, 1, 1, 0),
(4561, 1, 4, 0),
(4562, 20, 1, -1),
(4563, 20, 1, -1),
(4564, 20, 3, -1),
(4565, 20, 4, -1),
(4566, 19, 2, 1),
(4567, 1, 1, -1),
(4568, 1, 3, -1),
(4569, 1, 3, -1),
(4570, 1, 4, -1),
(4571, 17, 1, 0),
(4572, 17, 1, 0),
(4573, 17, 1, 0),
(4574, 17, 4, 0),
(4575, 1, 1, -1),
(4576, 1, 2, -1),
(4577, 1, 2, -1),
(4578, 1, 4, -1),
(4579, 6, 4, 3),
(4580, 17, 1, -1),
(4581, 17, 1, -1),
(4582, 17, 3, -1),
(4583, 17, 4, -1),
(4584, 12, 1, 0),
(4585, 12, 1, 0),
(4586, 12, 1, 0),
(4587, 12, 4, 0),
(4588, 2, 4, 4),
(4589, 2, 1, 4),
(4590, 20, 2, 0),
(4591, 9, 3, 1),
(4592, 12, 1, -2),
(4593, 12, 1, -2),
(4594, 12, 2, -2),
(4595, 12, 4, -2),
(4596, 20, 4, 2),
(4597, 1, 1, 0),
(4598, 20, 2, 3),
(4599, 15, 3, 1),
(4600, 1, 4, 4),
(4601, 20, 3, 3),
(4602, 1, 1, 4),
(4603, 20, 3, 0),
(4604, 5, 1, -2),
(4605, 5, 1, -2),
(4606, 5, 3, -2),
(4607, 5, 4, -2),
(4608, 18, 1, 0),
(4609, 18, 1, 0),
(4610, 18, 1, 0),
(4611, 18, 4, 0),
(4612, 13, 1, 0),
(4613, 13, 1, 0),
(4614, 13, 1, 0),
(4615, 13, 4, 0),
(4616, 2, 2, 0),
(4617, 2, 2, 4),
(4618, 13, 1, -1),
(4619, 13, 1, -1),
(4620, 13, 1, -1),
(4621, 13, 4, -1),
(4622, 12, 4, 2),
(4623, 14, 2, -1),
(4624, 14, 2, -1),
(4625, 14, 3, -1),
(4626, 14, 4, -1),
(4627, 2, 3, 0),
(4628, 18, 1, -2),
(4629, 18, 2, -2),
(4630, 18, 3, -2),
(4631, 18, 4, -2),
(4632, 12, 4, -2),
(4633, 14, 2, -1),
(4634, 14, 3, -1),
(4635, 14, 3, -1),
(4636, 14, 4, -1),
(4637, 5, 2, -1),
(4638, 5, 2, -1),
(4639, 5, 3, -1),
(4640, 5, 4, -1),
(4641, 1, 2, 4),
(4642, 9, 1, -3),
(4643, 9, 3, -3),
(4644, 9, 3, -3),
(4645, 9, 4, -3),
(4646, 15, 2, -1),
(4647, 7, 1, -3),
(4648, 7, 2, -3),
(4649, 7, 3, -3),
(4650, 7, 4, -3),
(4651, 1, 3, 4),
(4652, 1, 3, 0),
(4653, 7, 1, -1),
(4654, 7, 2, -1),
(4655, 7, 3, -1),
(4656, 7, 4, -1),
(4657, 5, 2, -1),
(4658, 5, 2, -1),
(4659, 5, 3, -1),
(4660, 5, 4, -1),
(4661, 6, 2, -1),
(4662, 15, 3, -1),
(4663, 15, 3, -1),
(4664, 15, 3, -1),
(4665, 15, 4, -1),
(4666, 16, 2, -1),
(4667, 16, 2, -1),
(4668, 16, 2, -1),
(4669, 16, 4, -1),
(4670, 6, 1, -2),
(4671, 6, 2, -2),
(4672, 6, 3, -2),
(4673, 6, 4, -2),
(4674, 6, 1, -1),
(4675, 6, 2, -1),
(4676, 6, 3, -1),
(4677, 6, 4, -1),
(4678, 3, 4, 2),
(4679, 10, 4, 1),
(4680, 7, 2, 0),
(4681, 13, 4, 4),
(4682, 7, 4, 4),
(4683, 10, 1, 0),
(4684, 10, 1, 0),
(4685, 10, 1, 0),
(4686, 10, 4, 0),
(4687, 7, 2, 4),
(4688, 2, 1, 0),
(4689, 2, 1, 0),
(4690, 2, 1, 0),
(4691, 2, 4, 0),
(4692, 6, 2, 0),
(4693, 6, 4, 4),
(4694, 7, 3, 0),
(4695, 6, 2, 6),
(4696, 17, 2, 1),
(4697, 7, 3, 4),
(4698, 8, 4, 3),
(4699, 10, 1, -3),
(4700, 10, 2, -3),
(4701, 10, 3, -3),
(4702, 10, 4, -3),
(4703, 2, 1, -4),
(4704, 2, 2, -4),
(4705, 2, 3, -4),
(4706, 2, 4, -4),
(4707, 13, 1, 6),
(4708, 20, 1, 0),
(4709, 20, 1, 0),
(4710, 20, 1, 0),
(4711, 20, 4, 0),
(4712, 8, 4, -3),
(4713, 1, 1, 0),
(4714, 1, 1, 0),
(4715, 1, 1, 0),
(4716, 1, 4, 0),
(4717, 15, 4, 3),
(4718, 17, 4, 3),
(4719, 8, 4, 2),
(4720, 17, 1, 6),
(4721, 15, 3, 3),
(4722, 20, 1, -1),
(4723, 20, 2, -1),
(4724, 20, 3, -1),
(4725, 20, 4, -1),
(4726, 19, 2, 3),
(4727, 8, 2, 4),
(4728, 19, 2, 4),
(4729, 5, 1, 0),
(4730, 11, 4, 4),
(4731, 19, 2, 1),
(4732, 19, 2, 1),
(4733, 19, 4, 1),
(4734, 11, 2, 12),
(4735, 1, 1, -1),
(4736, 1, 2, -1),
(4737, 1, 3, -1),
(4738, 1, 4, -1),
(4739, 19, 4, 1),
(4740, 5, 4, 4),
(4741, 6, 3, 0),
(4742, 5, 1, 4),
(4743, 6, 4, 3),
(4744, 6, 3, 8),
(4745, 19, 4, -1),
(4746, 3, 4, 1),
(4747, 1, 1, -2),
(4748, 1, 2, -2),
(4749, 1, 3, -2),
(4750, 1, 4, -2),
(4751, 7, 1, 4),
(4752, 9, 1, 0),
(4753, 9, 4, 4),
(4754, 9, 1, 3),
(4755, 8, 3, 0),
(4756, 14, 2, 0),
(4757, 8, 3, 2),
(4758, 14, 4, 3),
(4759, 3, 1, 0),
(4760, 10, 4, 1),
(4761, 14, 2, 6),
(4762, 3, 4, 2),
(4763, 19, 4, -1),
(4764, 10, 3, 6),
(4765, 3, 1, 12),
(4766, 12, 4, 4),
(4767, 2, 3, 0),
(4768, 12, 2, 3),
(4769, 2, 3, 4),
(4770, 19, 4, -1),
(4771, 16, 1, 0),
(4772, 18, 4, 1),
(4773, 17, 3, 0),
(4774, 1, 1, 0),
(4775, 1, 1, 0),
(4776, 1, 1, 0),
(4777, 1, 4, 0),
(4778, 18, 2, 1),
(4779, 1, 3, 3),
(4780, 16, 4, 1),
(4781, 1, 1, -1),
(4782, 1, 2, -1),
(4783, 1, 3, -1),
(4784, 15, 2, 0),
(4785, 1, 4, -1),
(4786, 20, 4, 1),
(4787, 15, 2, 6),
(4788, 1, 3, -3),
(4789, 20, 1, 3),
(4790, 17, 3, 3),
(4791, 5, 3, 4),
(4792, 10, 4, 1),
(4793, 13, 1, 12),
(4794, 12, 2, -1),
(4795, 9, 3, 4),
(4796, 19, 2, -3),
(4797, 11, 4, 2),
(4798, 1, 4, 4),
(4799, 14, 3, 5),
(4800, 1, 2, 4),
(4801, 6, 1, 7),
(4802, 1, 2, -4),
(4803, 1, 4, -4),
(4804, 3, 3, 3),
(4805, 12, 1, 0),
(4806, 1, 4, 3),
(4807, 19, 4, -1),
(4808, 12, 1, 6),
(4809, 1, 2, 3),
(4810, 18, 3, 0),
(4811, 5, 2, 0),
(4812, 18, 3, 2),
(4813, 8, 2, -2),
(4814, 8, 2, -2),
(4815, 8, 3, -2),
(4816, 8, 4, -2),
(4817, 5, 2, 4),
(4818, 1, 1, 0),
(4819, 10, 2, 3),
(4820, 1, 1, 3),
(4821, 11, 3, 0),
(4822, 10, 2, 0),
(4823, 10, 2, 0),
(4824, 11, 3, 6),
(4825, 14, 1, 0),
(4826, 14, 1, 5),
(4827, 16, 4, 1),
(4828, 16, 2, 5),
(4829, 20, 1, 0),
(4830, 20, 1, 0),
(4831, 20, 1, 0),
(4832, 20, 4, 0),
(4833, 12, 3, 0),
(4834, 19, 2, -3),
(4835, 20, 1, -1),
(4836, 20, 2, -1),
(4837, 20, 3, -1),
(4838, 20, 4, -1),
(4839, 12, 3, 4),
(4840, 2, 1, 0),
(4841, 2, 1, 0),
(4842, 2, 1, 0),
(4843, 2, 4, 0),
(4844, 1, 3, 0),
(4845, 1, 3, 3),
(4846, 20, 1, -1),
(4847, 20, 2, -1),
(4848, 20, 3, -1),
(4849, 20, 4, -1),
(4850, 16, 1, 2),
(4851, 8, 3, 0),
(4852, 8, 4, 3),
(4853, 20, 2, 0),
(4854, 20, 2, 2),
(4855, 8, 3, 6),
(4856, 2, 1, -4),
(4857, 2, 2, -4),
(4858, 2, 3, -4),
(4859, 2, 4, -4),
(4860, 13, 1, 0),
(4861, 13, 1, 0),
(4862, 13, 1, 0),
(4863, 13, 4, 0),
(4864, 16, 4, 1),
(4865, 17, 1, 0),
(4866, 17, 1, 0),
(4867, 17, 1, 0),
(4868, 17, 4, 0),
(4869, 20, 3, 0),
(4870, 13, 2, 3),
(4871, 8, 2, 3),
(4872, 20, 3, 2),
(4873, 2, 4, 4),
(4874, 20, 4, 1),
(4875, 2, 1, 4),
(4876, 17, 1, -2),
(4877, 17, 1, -2),
(4878, 17, 3, -2),
(4879, 17, 4, -2),
(4880, 19, 4, 1),
(4881, 17, 1, -1),
(4882, 17, 2, -1),
(4883, 17, 3, -1),
(4884, 17, 4, -1),
(4885, 13, 1, -4),
(4886, 13, 1, -4),
(4887, 13, 1, -4),
(4888, 13, 4, -4),
(4889, 19, 2, -3),
(4890, 6, 1, -4),
(4891, 6, 2, -4),
(4892, 6, 3, -4),
(4893, 13, 4, 3),
(4894, 6, 4, -4),
(4895, 9, 1, 0),
(4896, 9, 1, 0),
(4897, 9, 1, 0),
(4898, 9, 4, 0),
(4899, 2, 2, 0),
(4900, 2, 2, 4),
(4901, 17, 4, 1),
(4902, 19, 4, 1),
(4903, 17, 1, 2),
(4904, 2, 3, 0),
(4905, 2, 3, 4),
(4906, 9, 1, -4),
(4907, 9, 2, -4),
(4908, 9, 3, -4),
(4909, 9, 4, -4),
(4910, 14, 1, 0),
(4911, 14, 1, 0),
(4912, 14, 1, 0),
(4913, 14, 4, 0),
(4914, 9, 1, 0),
(4915, 17, 3, 0),
(4916, 17, 3, 3),
(4917, 9, 4, 3),
(4918, 14, 1, -2),
(4919, 14, 2, -2),
(4920, 14, 3, -2),
(4921, 14, 4, -2),
(4922, 9, 1, 6),
(4923, 19, 4, -2),
(4924, 5, 1, 0),
(4925, 5, 1, 0),
(4926, 5, 1, 0),
(4927, 5, 4, 0),
(4928, 20, 1, -1),
(4929, 20, 2, -1),
(4930, 20, 3, -1),
(4931, 20, 4, -1),
(4932, 14, 4, 2),
(4933, 9, 3, 3),
(4934, 5, 1, -4),
(4935, 5, 2, -4),
(4936, 5, 3, -4),
(4937, 5, 4, -4),
(4938, 5, 4, 3),
(4939, 18, 1, -2),
(4940, 18, 2, -2),
(4941, 18, 3, -2),
(4942, 18, 4, -2),
(4943, 14, 1, -2),
(4944, 14, 2, -2),
(4945, 14, 3, -2),
(4946, 14, 4, -2),
(4947, 5, 3, 3),
(4948, 19, 4, -1),
(4949, 7, 1, 0),
(4950, 7, 1, 0),
(4951, 7, 1, 0),
(4952, 7, 4, 0),
(4953, 20, 1, -1),
(4954, 20, 2, -1),
(4955, 20, 3, -1),
(4956, 20, 4, -1),
(4957, 12, 2, 1),
(4958, 19, 2, 3),
(4959, 19, 2, -3),
(4960, 7, 1, -2),
(4961, 7, 2, -2),
(4962, 7, 3, -2),
(4963, 7, 4, -2),
(4964, 5, 2, 0),
(4965, 5, 2, 3),
(4966, 14, 4, 1),
(4967, 14, 3, 2),
(4968, 6, 4, 2),
(4969, 12, 1, -2),
(4970, 12, 1, -2),
(4971, 12, 3, -2),
(4972, 12, 4, -2),
(4973, 6, 1, 4),
(4974, 10, 2, 3),
(4975, 3, 1, 0),
(4976, 3, 1, 0),
(4977, 3, 1, 0),
(4978, 3, 4, 0),
(4979, 10, 4, 1),
(4980, 5, 1, 0),
(4981, 5, 1, 3),
(4982, 7, 1, -2),
(4983, 7, 2, -2),
(4984, 7, 3, -2),
(4985, 7, 4, -2),
(4986, 3, 1, -3),
(4987, 3, 1, -3),
(4988, 3, 3, -3),
(4989, 3, 4, -3),
(4990, 12, 1, 0),
(4991, 12, 1, 0),
(4992, 12, 1, 0),
(4993, 12, 4, 0),
(4994, 20, 4, 1),
(4995, 15, 1, 0),
(4996, 15, 1, 0),
(4997, 15, 1, 0),
(4998, 15, 4, 0),
(4999, 20, 1, 2),
(5000, 7, 4, 1),
(5001, 12, 1, -2),
(5002, 12, 2, -2),
(5003, 12, 3, -2),
(5004, 12, 4, -2),
(5005, 7, 4, 1),
(5006, 2, 1, -1),
(5007, 2, 2, -1),
(5008, 2, 3, -1),
(5009, 2, 4, -1),
(5010, 7, 1, 6),
(5011, 15, 2, -3),
(5012, 15, 2, -3),
(5013, 15, 3, -3),
(5014, 15, 4, -3),
(5015, 12, 4, 3),
(5016, 1, 1, 0),
(5017, 1, 1, 0),
(5018, 1, 1, 0),
(5019, 1, 4, 0),
(5020, 12, 2, 2),
(5021, 14, 1, 0),
(5022, 14, 1, 3),
(5023, 20, 3, 0),
(5024, 16, 2, 1),
(5025, 12, 1, 0),
(5026, 20, 3, 2),
(5027, 12, 1, 3),
(5028, 11, 2, -3),
(5029, 11, 2, -3),
(5030, 11, 3, -3),
(5031, 11, 4, -3),
(5032, 1, 1, -3),
(5033, 1, 2, -3),
(5034, 1, 3, -3),
(5035, 1, 4, -3),
(5036, 13, 1, 0),
(5037, 13, 1, 0),
(5038, 13, 1, 0),
(5039, 13, 4, 0),
(5040, 12, 3, 3),
(5041, 12, 3, 0),
(5042, 17, 1, -1),
(5043, 17, 1, -1),
(5044, 17, 3, -1),
(5045, 17, 4, -1),
(5046, 13, 1, -2),
(5047, 13, 1, -2),
(5048, 13, 2, -2),
(5049, 13, 4, -2),
(5050, 17, 1, -1),
(5051, 17, 3, -1),
(5052, 17, 3, -1),
(5053, 17, 4, -1),
(5054, 20, 4, 1),
(5055, 20, 1, 2),
(5056, 18, 4, 1),
(5057, 18, 2, 2),
(5058, 13, 1, 0),
(5059, 13, 1, 0),
(5060, 13, 1, 0),
(5061, 13, 4, 0),
(5062, 3, 4, 1),
(5063, 3, 3, 3),
(5064, 13, 1, -1),
(5065, 13, 1, -1),
(5066, 13, 2, -1),
(5067, 13, 4, -1),
(5068, 8, 2, -3),
(5069, 8, 3, -3),
(5070, 8, 3, -3),
(5071, 8, 4, -3),
(5072, 6, 1, -3),
(5073, 6, 2, -3),
(5074, 6, 3, -3),
(5075, 6, 4, -3),
(5076, 10, 1, 0),
(5077, 10, 1, 0),
(5078, 10, 1, 0),
(5079, 10, 4, 0),
(5080, 17, 3, 0),
(5081, 14, 1, 0),
(5082, 14, 1, 0),
(5083, 14, 1, 0),
(5084, 14, 4, 0),
(5085, 17, 4, 1),
(5086, 17, 3, 3),
(5087, 1, 3, 0),
(5088, 14, 1, -2),
(5089, 14, 2, -2),
(5090, 14, 3, -2),
(5091, 14, 4, -2),
(5092, 10, 2, -3),
(5093, 10, 3, -3),
(5094, 10, 3, -3),
(5095, 10, 4, -3),
(5096, 9, 1, 0),
(5097, 9, 1, 0),
(5098, 9, 1, 0),
(5099, 9, 4, 0),
(5100, 18, 2, 1),
(5101, 1, 4, 1),
(5102, 1, 3, 2),
(5103, 5, 1, 0),
(5104, 5, 1, 0),
(5105, 5, 1, 0),
(5106, 5, 4, 0),
(5107, 10, 4, 1),
(5108, 1, 1, 0),
(5109, 9, 1, -3),
(5110, 9, 1, -3),
(5111, 9, 3, -3),
(5112, 9, 4, -3),
(5113, 10, 3, 2),
(5114, 1, 1, 1),
(5115, 14, 4, 2),
(5116, 5, 1, -3),
(5117, 5, 2, -3),
(5118, 5, 3, -3),
(5119, 5, 4, -3),
(5120, 6, 2, 0),
(5121, 6, 2, 2),
(5122, 8, 4, 1),
(5123, 11, 2, -3),
(5124, 11, 2, -3),
(5125, 11, 3, -3),
(5126, 11, 4, -3),
(5127, 8, 3, 0),
(5128, 2, 1, -2),
(5129, 2, 2, -2),
(5130, 15, 2, 0),
(5131, 2, 3, -2),
(5132, 2, 4, -2),
(5133, 8, 3, 2),
(5134, 15, 4, 1),
(5135, 20, 1, 0),
(5136, 20, 1, 0),
(5137, 20, 1, 0),
(5138, 20, 4, 0),
(5139, 13, 4, 1),
(5140, 9, 4, 1),
(5141, 15, 2, 3),
(5142, 13, 1, 3),
(5143, 9, 3, 3),
(5144, 8, 2, 1),
(5145, 14, 1, 0),
(5146, 20, 1, -2),
(5147, 20, 1, -2),
(5148, 20, 3, -2),
(5149, 20, 4, -2),
(5150, 17, 3, 0),
(5151, 14, 1, 3),
(5152, 5, 2, 0),
(5153, 6, 1, -1),
(5154, 6, 1, -1),
(5155, 6, 2, -1),
(5156, 6, 4, -1),
(5157, 17, 3, 3),
(5158, 5, 4, 1),
(5159, 5, 2, 3),
(5160, 15, 4, 1),
(5161, 15, 3, 3),
(5162, 6, 4, 1),
(5163, 6, 1, 3),
(5164, 17, 3, -1),
(5165, 17, 3, -1),
(5166, 17, 3, -1),
(5167, 17, 4, -1),
(5168, 10, 1, 0),
(5169, 10, 1, 0),
(5170, 10, 1, 0),
(5171, 10, 4, 0),
(5172, 12, 1, 0),
(5173, 12, 1, 0),
(5174, 12, 1, 0),
(5175, 12, 4, 0),
(5176, 10, 2, -2),
(5177, 10, 2, -2),
(5178, 10, 3, -2),
(5179, 10, 4, -2),
(5180, 12, 1, -1),
(5181, 12, 3, -1),
(5182, 12, 3, -1),
(5183, 12, 4, -1),
(5184, 12, 1, -1),
(5185, 12, 2, -1),
(5186, 12, 2, -1),
(5187, 12, 4, -1),
(5188, 18, 2, -1),
(5189, 18, 2, -1),
(5190, 18, 2, -1),
(5191, 18, 4, -1),
(5192, 3, 1, 0),
(5193, 3, 1, 0),
(5194, 3, 1, 0),
(5195, 3, 4, 0),
(5196, 12, 1, 0),
(5197, 12, 1, 0),
(5198, 12, 1, 0),
(5199, 12, 4, 0),
(5200, 12, 1, -1),
(5201, 12, 2, -1),
(5202, 12, 3, -1),
(5203, 12, 4, -1),
(5204, 3, 1, -3),
(5205, 3, 1, -3),
(5206, 3, 3, -3),
(5207, 3, 4, -3),
(5208, 14, 1, -1),
(5209, 14, 1, -1),
(5210, 14, 1, -1),
(5211, 14, 4, -1),
(5212, 1, 1, 0),
(5213, 1, 1, 0),
(5214, 1, 1, 0),
(5215, 1, 4, 0),
(5216, 14, 1, -1),
(5217, 14, 1, -1),
(5218, 14, 3, -1),
(5219, 14, 4, -1),
(5220, 1, 1, -1),
(5221, 1, 3, -1),
(5222, 1, 3, -1),
(5223, 1, 4, -1),
(5224, 13, 1, -1),
(5225, 13, 1, -1),
(5226, 13, 1, -1),
(5227, 13, 4, -1),
(5228, 8, 1, 0),
(5229, 8, 1, 0),
(5230, 8, 1, 0),
(5231, 8, 4, 0),
(5232, 2, 2, -1),
(5233, 2, 2, -1),
(5234, 2, 3, -1),
(5235, 2, 4, -1),
(5236, 8, 2, -1),
(5237, 8, 3, -1),
(5238, 8, 3, -1),
(5239, 8, 4, -1),
(5240, 2, 1, -1),
(5241, 2, 1, -1),
(5242, 2, 3, -1),
(5243, 2, 4, -1),
(5244, 9, 3, -1),
(5245, 9, 3, -1),
(5246, 9, 3, -1),
(5247, 9, 4, -1),
(5248, 6, 1, -1),
(5249, 6, 1, -1),
(5250, 6, 3, -1),
(5251, 6, 4, -1),
(5252, 6, 1, -1),
(5253, 6, 2, -1),
(5254, 6, 2, -1),
(5255, 6, 4, -1),
(5256, 15, 1, 0),
(5257, 15, 1, 0),
(5258, 15, 1, 0),
(5259, 15, 4, 0),
(5260, 15, 2, -1),
(5261, 15, 3, -1),
(5262, 15, 3, -1),
(5263, 15, 4, -1),
(5264, 5, 1, 0),
(5265, 5, 1, 0),
(5266, 5, 1, 0),
(5267, 5, 4, 0),
(5268, 7, 1, -2),
(5269, 7, 1, -2),
(5270, 7, 1, -2),
(5271, 7, 4, -2),
(5272, 5, 2, -1),
(5273, 5, 2, -1),
(5274, 5, 2, -1),
(5275, 5, 4, -1),
(5276, 6, 1, -1),
(5277, 6, 1, -1),
(5278, 6, 1, -1),
(5279, 6, 4, -1),
(5280, 16, 1, 1),
(5281, 16, 1, -3),
(5282, 16, 2, -3),
(5283, 16, 2, -3),
(5284, 16, 4, -3),
(5285, 17, 4, 1),
(5286, 17, 3, -1),
(5287, 17, 3, -1),
(5288, 17, 3, -1),
(5289, 17, 4, -1);

-- --------------------------------------------------------

--
-- Table structure for table `onsale`
--

CREATE TABLE `onsale` (
  `idonsale` int(11) NOT NULL,
  `iduser` int(11) NOT NULL,
  `idbahanbaku` int(11) NOT NULL,
  `qty` int(11) NOT NULL,
  `harga` int(11) NOT NULL,
  `currency` varchar(100) NOT NULL,
  `pembeli` int(11) NOT NULL
) ENGINE=InnoDB DEFAULT CHARSET=latin1;

--
-- Dumping data for table `onsale`
--

INSERT INTO `onsale` (`idonsale`, `iduser`, `idbahanbaku`, `qty`, `harga`, `currency`, `pembeli`) VALUES
(2, 14, 3, 2, 160, 'SGD', 20),
(3, 20, 1, 2, 190, 'SGD', 12),
(4, 17, 1, 3, 225, 'IDR', 1),
(5, 12, 2, 2, 200, 'RMB', 5),
(6, 17, 1, 3, 300, 'IDR', 18),
(11, 16, 2, 3, 300, 'IDR', 17),
(13, 3, 3, 3, 280, 'RMB', 18),
(14, 8, 2, 3, 230, 'SGD', 17),
(16, 14, 3, 2, 185, 'IDR', 12),
(17, 20, 1, 2, 220, 'RMB', 5),
(18, 1, 2, 3, 200, 'IDR', 2),
(19, 10, 3, 3, 380, 'RMB', 16),
(21, 19, 2, 2, 250, 'IDR', 13),
(22, 17, 1, 3, 300, 'IDR', 19),
(25, 4, 3, 3, 220, 'SGD', 1),
(26, 14, 3, 1, 90, 'IDR', 2),
(27, 8, 2, 1, 90, 'SGD', 5),
(29, 8, 2, 1, 110, 'SGD', 5),
(30, 20, 1, 2, 220, 'SGD', 1),
(31, 3, 3, 3, 300, 'IDR', 6),
(33, 3, 3, 3, 300, 'RMB', 12),
(34, 10, 3, 3, 360, 'IDR', 2),
(36, 3, 3, 3, 380, 'RMB', 2),
(38, 8, 2, 1, 99, 'SGD', 4),
(40, 3, 3, 3, 300, 'RMB', 20),
(41, 13, 1, 2, 250, 'RMB', 5),
(42, 20, 1, 2, 250, 'RMB', 10),
(43, 11, 2, 3, 275, 'IDR', 20),
(46, 15, 3, 3, 350, 'SGD', 12),
(47, 8, 2, 3, 260, 'SGD', 20),
(48, 16, 2, 4, 300, 'IDR', 13),
(49, 3, 3, 3, 400, 'IDR', 13),
(50, 3, 3, 3, 410, 'SGD', 19),
(51, 14, 3, 2, 220, 'SGD', 18),
(52, 12, 2, 4, 300, 'IDR', 2),
(55, 8, 2, 3, 285, 'SGD', 14),
(58, 15, 3, 2, 130, 'SGD', 11),
(59, 8, 2, 3, 299, 'SGD', 4),
(60, 15, 3, 1, 50, 'IDR', 18),
(61, 20, 1, 3, 450, 'SGD', 12),
(62, 14, 3, 1, 90, 'SGD', 18),
(63, 3, 3, 3, 450, 'SGD', 19),
(64, 13, 1, 3, 200, 'IDR', 5),
(65, 14, 3, 1, 95, 'SGD', 8),
(66, 13, 4, 1, 100, 'SGD', 19),
(70, 16, 1, 2, 120, 'SGD', 8),
(73, 13, 1, 3, 300, 'SGD', 19),
(77, 15, 3, 3, 260, 'IDR', 20),
(79, 10, 4, 1, 100, 'IDR', 16),
(80, 10, 4, 1, 100, 'RMB', 14),
(86, 13, 1, 1, 70, 'IDR', 10),
(87, 17, 1, 1, 60, 'IDR', 14),
(89, 10, 4, 1, 102, 'SGD', 18),
(90, 3, 3, 2, 200, 'IDR', 13),
(91, 19, 4, 1, 110, 'RMB', 12),
(93, 4, 3, 2, 200, 'SGD', 20),
(94, 6, 2, 1, 50, 'IDR', 15),
(96, 6, 1, 1, 50, 'IDR', 10),
(97, 14, 3, 1, 80, 'IDR', 13),
(99, 15, 2, 1, 69, 'IDR', 13),
(100, 4, 4, 1, 95, 'IDR', 14),
(101, 1, 2, 4, 300, 'IDR', 2),
(102, 2, 1, 3, 300, 'IDR', 1),
(105, 12, 2, 2, 200, 'IDR', 13),
(107, 5, 3, 3, 350, 'IDR', 17),
(108, 5, 3, 3, 400, 'IDR', 13),
(109, 3, 3, 2, 280, 'IDR', 1),
(110, 3, 3, 2, 280, 'IDR', 7),
(115, 6, 1, 3, 400, 'SGD', 12),
(116, 18, 2, 2, 250, 'IDR', 7),
(119, 15, 3, 3, 280, 'IDR', 20),
(121, 15, 3, 3, 275, 'IDR', 2),
(124, 14, 3, 1, 100, 'IDR', 1),
(125, 19, 4, 2, 115, 'RMB', 14),
(126, 8, 2, 2, 249, 'IDR', 6),
(127, 6, 1, 3, 450, 'SGD', 18),
(128, 8, 2, 2, 250, 'IDR', 20),
(131, 14, 3, 1, 100, 'IDR', 6),
(132, 10, 3, 2, 260, 'IDR', 18),
(137, 15, 3, 3, 320, 'RMB', 12),
(138, 1, 2, 4, 400, 'IDR', 7),
(140, 13, 1, 3, 350, 'IDR', 1),
(141, 14, 3, 1, 100, 'IDR', 1),
(142, 3, 3, 2, 245, 'IDR', 6),
(143, 3, 3, 2, 250, 'IDR', 7),
(145, 8, 2, 1, 99, 'IDR', 10),
(146, 14, 3, 1, 100, 'IDR', 1),
(147, 8, 2, 2, 199, 'IDR', 10),
(148, 19, 4, 1, 105, 'IDR', 7),
(151, 14, 3, 1, 110, 'IDR', 1),
(152, 12, 2, 3, 300, 'IDR', 13),
(153, 5, 3, 3, 300, 'IDR', 13),
(156, 8, 2, 2, 210, 'IDR', 17),
(157, 10, 3, 2, 220, 'IDR', 20),
(158, 8, 2, 1, 104, 'IDR', 14),
(159, 10, 3, 2, 220, 'IDR', 6),
(162, 15, 3, 3, 300, 'RMB', 12),
(163, 11, 2, 1, 99, 'IDR', 14),
(164, 8, 2, 2, 210, 'IDR', 6),
(165, 20, 1, 3, 450, 'SGD', 12),
(170, 3, 3, 2, 210, 'IDR', 20),
(173, 12, 2, 3, 300, 'IDR', 20),
(175, 2, 1, 1, 120, 'IDR', 10),
(184, 14, 3, 1, 90, 'IDR', 13),
(188, 12, 1, 1, 100, 'IDR', 10),
(190, 11, 4, 1, 90, 'IDR', 17),
(191, 14, 3, 1, 100, 'IDR', 17),
(192, 11, 2, 1, 90, 'IDR', 13),
(196, 17, 1, 1, 60, 'IDR', 18),
(201, 3, 3, 2, 220, 'IDR', 17),
(209, 3, 3, 1, 100, 'SGD', 17),
(216, 8, 2, 2, 200, 'RMB', 12),
(218, 4, 4, 1, 85, 'RMB', 10),
(219, 4, 4, 1, 85, 'RMB', 10),
(221, 19, 2, 2, 58, 'SGD', 18),
(222, 19, 2, 2, 59, 'SGD', 10),
(223, 19, 2, 3, 190, 'IDR', 17),
(224, 19, 2, 3, 200, 'SGD', 10),
(233, 19, 4, 1, 1, 'SGD', 18),
(234, 19, 4, 1, 2, 'IDR', 10),
(237, 12, 4, 2, 100, 'IDR', 3),
(238, 6, 2, 1, 60, 'IDR', 17),
(239, 19, 4, 1, 20, 'SGD', 3),
(240, 19, 4, 1, 30, 'SGD', 10),
(242, 19, 2, 3, 80, 'SGD', 10),
(244, 19, 2, 3, 75, 'SGD', 13),
(246, 19, 4, 1, 1, 'SGD', 10),
(247, 19, 2, 3, 1, 'SGD', 10);

-- --------------------------------------------------------

--
-- Table structure for table `pembelian`
--

CREATE TABLE `pembelian` (
  `idpembelian` int(11) NOT NULL,
  `idbahanbaku` int(11) NOT NULL,
  `iduser` int(11) NOT NULL,
  `qty` int(11) NOT NULL,
  `hsatuan` int(11) NOT NULL,
  `currency` varchar(100) NOT NULL
) ENGINE=InnoDB DEFAULT CHARSET=latin1;

--
-- Dumping data for table `pembelian`
--

INSERT INTO `pembelian` (`idpembelian`, `idbahanbaku`, `iduser`, `qty`, `hsatuan`, `currency`) VALUES
(1, 4, 2, 4, 100, 'IDR'),
(2, 1, 2, 12, 50, 'IDR'),
(3, 4, 9, 4, 100, 'RMB'),
(4, 3, 9, 12, 50, 'RMB'),
(5, 4, 20, 2, 100, 'IDR'),
(6, 1, 20, 6, 50, 'IDR'),
(7, 4, 7, 3, 100, 'IDR'),
(8, 4, 14, 2, 100, 'RMB'),
(9, 1, 7, 8, 50, 'IDR'),
(10, 3, 14, 6, 50, 'RMB'),
(11, 4, 19, 2, 100, 'SGD'),
(12, 2, 19, 6, 50, 'SGD'),
(13, 4, 8, 3, 100, 'SGD'),
(14, 2, 8, 9, 50, 'SGD'),
(15, 4, 17, 4, 103, 'IDR'),
(16, 4, 12, 3, 98, 'SGD'),
(17, 1, 17, 11, 52, 'IDR'),
(18, 2, 12, 9, 49, 'SGD'),
(19, 4, 6, 4, 103, 'IDR'),
(20, 4, 5, 4, 99, 'RMB'),
(21, 3, 5, 12, 50, 'RMB'),
(22, 1, 6, 11, 52, 'IDR'),
(23, 4, 1, 4, 98, 'SGD'),
(24, 2, 1, 9, 49, 'SGD'),
(25, 4, 15, 4, 99, 'RMB'),
(26, 4, 13, 4, 103, 'IDR'),
(27, 1, 13, 12, 52, 'IDR'),
(28, 4, 16, 4, 98, 'SGD'),
(29, 3, 15, 9, 50, 'RMB'),
(30, 2, 16, 12, 49, 'SGD'),
(31, 4, 11, 4, 98, 'SGD'),
(32, 4, 10, 2, 98, 'RMB'),
(33, 3, 10, 6, 47, 'RMB'),
(34, 2, 11, 12, 50, 'SGD'),
(35, 4, 3, 4, 98, 'RMB'),
(36, 3, 3, 12, 47, 'RMB'),
(37, 4, 18, 2, 98, 'SGD'),
(38, 1, 17, 4, 55, 'IDR'),
(39, 2, 18, 6, 50, 'SGD'),
(40, 4, 4, 4, 98, 'RMB'),
(41, 4, 11, 2, 98, 'SGD'),
(42, 3, 4, 12, 47, 'RMB'),
(43, 2, 11, 6, 50, 'SGD'),
(44, 3, 14, 2, 49, 'RMB'),
(45, 4, 20, 2, 95, 'IDR'),
(46, 4, 10, 3, 104, 'RMB'),
(47, 1, 20, 6, 52, 'IDR'),
(48, 3, 10, 9, 49, 'RMB'),
(49, 4, 6, 1, 95, 'IDR'),
(50, 1, 6, 4, 52, 'IDR'),
(52, 4, 9, 4, 104, 'RMB'),
(53, 3, 9, 12, 49, 'RMB'),
(54, 4, 1, 3, 91, 'SGD'),
(55, 2, 1, 6, 47, 'SGD'),
(56, 4, 19, 3, 91, 'SGD'),
(57, 4, 14, 1, 118, 'RMB'),
(58, 2, 19, 9, 47, 'SGD'),
(59, 3, 14, 1, 53, 'RMB'),
(60, 1, 7, 3, 52, 'IDR'),
(61, 4, 12, 1, 91, 'SGD'),
(62, 2, 12, 2, 47, 'SGD'),
(63, 2, 8, 6, 58, 'SGD'),
(64, 4, 5, 1, 110, 'RMB'),
(65, 4, 7, 1, 80, 'IDR'),
(66, 1, 7, 1, 47, 'IDR'),
(67, 4, 18, 2, 111, 'SGD'),
(68, 3, 14, 2, 46, 'RMB'),
(69, 4, 6, 1, 80, 'IDR'),
(70, 1, 6, 3, 47, 'IDR'),
(71, 4, 15, 1, 110, 'RMB'),
(72, 4, 20, 2, 80, 'IDR'),
(74, 1, 20, 6, 47, 'IDR'),
(75, 4, 17, 2, 80, 'IDR'),
(76, 1, 17, 9, 47, 'IDR'),
(77, 4, 1, 2, 106, 'SGD'),
(78, 2, 1, 4, 56, 'SGD'),
(79, 4, 6, 1, 89, 'IDR'),
(80, 3, 3, 3, 45, 'RMB'),
(81, 4, 3, 2, 105, 'RMB'),
(82, 1, 6, 1, 50, 'IDR'),
(83, 4, 13, 1, 89, 'IDR'),
(84, 4, 5, 2, 105, 'RMB'),
(85, 3, 5, 6, 45, 'RMB'),
(86, 1, 13, 6, 50, 'IDR'),
(87, 3, 14, 3, 45, 'RMB'),
(88, 4, 10, 2, 105, 'RMB'),
(89, 3, 10, 6, 45, 'RMB'),
(90, 4, 12, 2, 106, 'SGD'),
(91, 1, 6, 5, 50, 'IDR'),
(92, 2, 12, 6, 56, 'SGD'),
(93, 3, 15, 6, 45, 'RMB'),
(94, 3, 3, 9, 45, 'RMB'),
(95, 4, 16, 4, 106, 'SGD'),
(96, 2, 16, 12, 56, 'SGD'),
(97, 4, 18, 1, 106, 'SGD'),
(98, 2, 18, 6, 56, 'SGD'),
(99, 4, 8, 1, 106, 'SGD'),
(100, 2, 8, 3, 56, 'SGD'),
(101, 1, 7, 3, 50, 'IDR'),
(102, 4, 12, 3, 130, 'SGD'),
(103, 4, 6, 3, 80, 'IDR'),
(104, 2, 12, 9, 60, 'SGD'),
(105, 1, 3, 0, 47, 'IDR'),
(106, 3, 16, 0, 44, 'RMB'),
(107, 1, 3, 2, 47, 'IDR'),
(108, 3, 16, 2, 44, 'RMB'),
(109, 1, 14, 0, 47, 'IDR'),
(110, 4, 14, 1, 80, 'IDR'),
(111, 1, 14, 2, 47, 'IDR'),
(112, 2, 6, 0, 60, 'SGD'),
(113, 3, 3, 4, 44, 'RMB'),
(114, 4, 17, 2, 80, 'IDR'),
(115, 1, 17, 6, 47, 'IDR'),
(116, 3, 7, 0, 44, 'RMB'),
(117, 1, 16, 0, 47, 'IDR'),
(118, 1, 16, 2, 47, 'IDR'),
(119, 2, 10, 0, 60, 'SGD'),
(120, 4, 7, 3, 98, 'RMB'),
(121, 3, 7, 12, 44, 'RMB'),
(122, 4, 10, 1, 130, 'SGD'),
(123, 2, 10, 3, 60, 'SGD'),
(124, 4, 20, 1, 80, 'IDR'),
(125, 1, 20, 4, 47, 'IDR'),
(126, 1, 1, 0, 47, 'IDR'),
(127, 4, 1, 3, 80, 'IDR'),
(128, 1, 1, 3, 47, 'IDR'),
(129, 4, 14, 1, 94, 'RMB'),
(130, 3, 14, 4, 44, 'RMB'),
(131, 3, 17, 0, 44, 'RMB'),
(132, 3, 17, 6, 44, 'RMB'),
(133, 4, 11, 2, 127, 'SGD'),
(134, 4, 15, 4, 94, 'RMB'),
(135, 3, 15, 9, 44, 'RMB'),
(136, 2, 11, 6, 60, 'SGD'),
(137, 1, 7, 9, 47, 'IDR'),
(138, 4, 2, 2, 87, 'IDR'),
(139, 4, 9, 4, 94, 'RMB'),
(140, 2, 1, 3, 60, 'SGD'),
(141, 3, 9, 8, 44, 'RMB'),
(142, 4, 13, 2, 87, 'IDR'),
(143, 4, 19, 1, 127, 'SGD'),
(144, 2, 19, 2, 60, 'SGD'),
(145, 2, 15, 0, 60, 'SGD'),
(146, 2, 15, 3, 60, 'SGD'),
(147, 3, 4, 2, 44, 'RMB'),
(148, 2, 6, 0, 60, 'SGD'),
(149, 2, 6, 4, 60, 'SGD'),
(150, 3, 1, 0, 44, 'RMB'),
(151, 3, 1, 2, 44, 'RMB'),
(152, 4, 12, 2, 123, 'SGD'),
(153, 3, 1, 1, 44, 'RMB'),
(154, 2, 12, 4, 60, 'SGD'),
(155, 3, 13, 0, 44, 'RMB'),
(156, 3, 13, 2, 44, 'RMB'),
(157, 2, 5, 0, 60, 'SGD'),
(158, 4, 5, 1, 123, 'SGD'),
(159, 2, 9, 0, 60, 'SGD'),
(160, 4, 3, 2, 101, 'RMB'),
(161, 3, 3, 9, 44, 'RMB'),
(162, 2, 9, 8, 60, 'SGD'),
(163, 4, 3, 1, 101, 'RMB'),
(164, 2, 7, 0, 60, 'SGD'),
(165, 3, 3, 1, 44, 'RMB'),
(166, 4, 14, 2, 101, 'RMB'),
(167, 2, 7, 6, 60, 'SGD'),
(168, 3, 14, 6, 44, 'RMB'),
(169, 4, 6, 4, 85, 'IDR'),
(170, 1, 6, 4, 47, 'IDR'),
(171, 4, 13, 1, 85, 'IDR'),
(172, 1, 13, 4, 47, 'IDR'),
(173, 3, 11, 0, 44, 'RMB'),
(174, 3, 11, 3, 44, 'RMB'),
(175, 1, 16, 0, 47, 'IDR'),
(176, 2, 5, 0, 60, 'SGD'),
(177, 4, 16, 1, 85, 'IDR'),
(179, 1, 16, 3, 47, 'IDR'),
(180, 4, 4, 2, 101, 'RMB'),
(181, 3, 4, 0, 44, 'RMB'),
(182, 3, 4, 6, 44, 'RMB'),
(183, 1, 11, 0, 47, 'IDR'),
(184, 1, 11, 3, 47, 'IDR'),
(185, 4, 18, 2, 123, 'SGD'),
(186, 2, 2, 0, 60, 'SGD'),
(187, 4, 2, 1, 123, 'SGD'),
(188, 2, 2, 2, 60, 'SGD'),
(189, 2, 5, 0, 60, 'SGD'),
(190, 2, 5, 3, 60, 'SGD'),
(191, 4, 15, 3, 101, 'RMB'),
(192, 3, 15, 8, 47, 'RMB'),
(193, 4, 20, 2, 84, 'IDR'),
(194, 1, 20, 4, 43, 'IDR'),
(195, 2, 3, 0, 60, 'SGD'),
(196, 1, 5, 0, 43, 'IDR'),
(197, 3, 6, 4, 47, 'RMB'),
(198, 1, 5, 2, 43, 'IDR'),
(199, 2, 3, 4, 60, 'SGD'),
(200, 2, 15, 0, 60, 'SGD'),
(201, 4, 7, 4, 84, 'IDR'),
(202, 2, 15, 2, 60, 'SGD'),
(203, 4, 10, 2, 101, 'RMB'),
(204, 4, 12, 2, 115, 'SGD'),
(205, 1, 1, 0, 41, 'IDR'),
(206, 4, 1, 5, 90, 'IDR'),
(207, 2, 12, 6, 61, 'SGD'),
(208, 3, 10, 6, 48, 'RMB'),
(209, 1, 1, 5, 41, 'IDR'),
(210, 2, 6, 0, 61, 'SGD'),
(211, 1, 3, 0, 41, 'IDR'),
(212, 1, 3, 4, 41, 'IDR'),
(213, 2, 6, 3, 61, 'SGD'),
(214, 4, 3, 1, 90, 'IDR'),
(215, 2, 18, 1, 61, 'SGD'),
(216, 4, 2, 1, 90, 'IDR'),
(217, 1, 2, 2, 41, 'IDR'),
(218, 4, 19, 1, 115, 'SGD'),
(219, 4, 20, 0, 104, 'RMB'),
(220, 2, 19, 2, 61, 'SGD'),
(221, 3, 20, 4, 48, 'RMB'),
(222, 4, 11, 1, 115, 'SGD'),
(223, 3, 14, 3, 48, 'RMB'),
(224, 1, 7, 9, 41, 'IDR'),
(225, 4, 9, 4, 104, 'RMB'),
(226, 2, 8, 3, 61, 'SGD'),
(227, 3, 9, 8, 48, 'RMB'),
(228, 4, 18, 2, 113, 'SGD'),
(229, 2, 18, 3, 61, 'SGD'),
(230, 4, 17, 2, 94, 'IDR'),
(231, 1, 20, 3, 41, 'IDR'),
(232, 3, 1, 0, 48, 'RMB'),
(233, 3, 1, 5, 48, 'RMB'),
(234, 4, 5, 2, 102, 'RMB'),
(235, 4, 13, 2, 94, 'IDR'),
(236, 4, 4, 1, 102, 'RMB'),
(237, 3, 4, 3, 48, 'RMB'),
(238, 1, 6, 3, 41, 'IDR'),
(239, 4, 6, 1, 94, 'IDR'),
(240, 4, 19, 1, 113, 'SGD'),
(241, 2, 19, 2, 61, 'SGD'),
(242, 4, 12, 1, 113, 'SGD'),
(243, 2, 12, 2, 60, 'SGD'),
(244, 2, 10, 0, 60, 'SGD'),
(245, 4, 10, 1, 113, 'SGD'),
(246, 2, 10, 3, 60, 'SGD'),
(247, 4, 14, 1, 99, 'RMB'),
(248, 2, 8, 3, 60, 'SGD'),
(249, 3, 14, 2, 51, 'RMB'),
(250, 3, 5, 1, 51, 'RMB'),
(251, 4, 2, 1, 83, 'IDR'),
(252, 4, 2, 1, 83, 'IDR'),
(253, 4, 2, 2, 83, 'IDR'),
(254, 4, 14, 2, 106, 'RMB'),
(255, 1, 2, 6, 30, 'IDR'),
(256, 2, 1, 4, 73, 'SGD'),
(257, 3, 14, 3, 49, 'RMB'),
(258, 4, 4, 1, 106, 'RMB'),
(259, 4, 6, 4, 83, 'IDR'),
(260, 3, 4, 2, 49, 'RMB'),
(261, 4, 19, 1, 120, 'SGD'),
(262, 1, 6, 10, 30, 'IDR'),
(263, 2, 19, 2, 73, 'SGD'),
(264, 3, 12, 0, 49, 'RMB'),
(265, 4, 12, 2, 106, 'RMB'),
(266, 3, 12, 4, 49, 'RMB'),
(267, 1, 16, 0, 30, 'IDR'),
(268, 4, 8, 1, 120, 'SGD'),
(269, 4, 16, 4, 83, 'IDR'),
(270, 2, 8, 1, 73, 'SGD'),
(271, 1, 16, 12, 30, 'IDR'),
(272, 3, 1, 0, 49, 'RMB'),
(273, 4, 1, 4, 106, 'RMB'),
(274, 3, 1, 4, 49, 'RMB'),
(275, 4, 9, 3, 106, 'RMB'),
(276, 4, 17, 2, 83, 'IDR'),
(277, 3, 9, 3, 49, 'RMB'),
(278, 1, 17, 3, 31, 'IDR'),
(279, 1, 8, 0, 31, 'IDR'),
(280, 1, 8, 1, 31, 'IDR'),
(281, 4, 11, 4, 108, 'RMB'),
(282, 2, 12, 2, 72, 'SGD'),
(283, 4, 20, 3, 86, 'IDR'),
(284, 3, 11, 0, 49, 'RMB'),
(285, 3, 11, 6, 49, 'RMB'),
(286, 1, 20, 3, 31, 'IDR'),
(287, 1, 14, 0, 31, 'IDR'),
(288, 2, 9, 0, 72, 'SGD'),
(289, 2, 9, 3, 72, 'SGD'),
(290, 1, 14, 2, 31, 'IDR'),
(291, 1, 15, 0, 31, 'IDR'),
(292, 4, 15, 2, 86, 'IDR'),
(293, 1, 15, 9, 31, 'IDR'),
(294, 3, 6, 0, 49, 'RMB'),
(295, 3, 6, 4, 49, 'RMB'),
(296, 4, 3, 3, 108, 'RMB'),
(297, 3, 3, 6, 49, 'RMB'),
(298, 4, 13, 3, 86, 'IDR'),
(299, 2, 5, 0, 72, 'SGD'),
(300, 4, 5, 2, 116, 'SGD'),
(301, 1, 13, 5, 31, 'IDR'),
(302, 2, 5, 6, 72, 'SGD'),
(303, 4, 10, 1, 108, 'RMB'),
(304, 3, 10, 3, 49, 'RMB'),
(305, 1, 1, 0, 31, 'IDR'),
(306, 2, 6, 0, 72, 'SGD'),
(307, 2, 6, 5, 72, 'SGD'),
(308, 3, 8, 0, 49, 'RMB'),
(309, 1, 1, 5, 32, 'IDR'),
(310, 3, 8, 1, 49, 'RMB'),
(311, 3, 16, 0, 49, 'RMB'),
(312, 1, 9, 0, 32, 'IDR'),
(313, 3, 16, 2, 49, 'RMB'),
(314, 1, 9, 3, 32, 'IDR'),
(315, 2, 11, 4, 71, 'SGD'),
(316, 4, 4, 2, 111, 'RMB'),
(317, 3, 4, 4, 49, 'RMB'),
(318, 4, 19, 1, 110, 'SGD'),
(319, 4, 7, 4, 89, 'IDR'),
(320, 2, 19, 2, 71, 'SGD'),
(321, 1, 7, 12, 32, 'IDR'),
(322, 4, 12, 2, 110, 'SGD'),
(323, 2, 12, 3, 71, 'SGD'),
(324, 4, 15, 1, 111, 'RMB'),
(325, 3, 15, 6, 49, 'RMB'),
(326, 4, 5, 2, 111, 'RMB'),
(327, 1, 3, 0, 32, 'IDR'),
(328, 3, 18, 0, 49, 'RMB'),
(329, 1, 3, 4, 32, 'IDR'),
(330, 4, 18, 2, 111, 'RMB'),
(331, 3, 18, 4, 49, 'RMB'),
(332, 1, 10, 0, 32, 'IDR'),
(333, 4, 10, 2, 89, 'IDR'),
(334, 1, 10, 6, 33, 'IDR'),
(335, 2, 3, 0, 70, 'SGD'),
(336, 2, 3, 4, 70, 'SGD'),
(337, 4, 17, 2, 90, 'IDR'),
(338, 3, 20, 0, 49, 'RMB'),
(339, 1, 17, 6, 33, 'IDR'),
(340, 3, 20, 4, 49, 'RMB'),
(341, 1, 13, 1, 33, 'IDR'),
(342, 1, 14, 0, 33, 'IDR'),
(343, 4, 14, 2, 90, 'IDR'),
(344, 3, 3, 4, 49, 'RMB'),
(345, 1, 14, 3, 33, 'IDR'),
(346, 4, 2, 1, 90, 'IDR'),
(347, 1, 2, 3, 33, 'IDR'),
(348, 4, 19, 1, 106, 'SGD'),
(349, 3, 14, 3, 49, 'RMB'),
(350, 2, 19, 2, 70, 'SGD'),
(351, 2, 18, 2, 70, 'SGD'),
(352, 3, 2, 0, 49, 'RMB'),
(353, 4, 20, 2, 90, 'IDR'),
(354, 2, 1, 6, 70, 'SGD'),
(355, 3, 2, 2, 49, 'RMB'),
(356, 1, 20, 6, 33, 'IDR'),
(357, 3, 4, 3, 48, 'RMB'),
(358, 3, 5, 3, 48, 'RMB'),
(359, 4, 19, 1, 98, 'SGD'),
(360, 4, 5, 1, 102, 'RMB'),
(361, 2, 19, 2, 70, 'SGD'),
(362, 4, 14, 1, 102, 'RMB'),
(363, 3, 14, 3, 48, 'RMB'),
(364, 4, 13, 1, 110, 'IDR'),
(365, 3, 17, 0, 48, 'RMB'),
(366, 1, 13, 6, 34, 'IDR'),
(367, 3, 17, 3, 48, 'RMB'),
(368, 4, 12, 2, 95, 'SGD'),
(369, 1, 5, 0, 33, 'IDR'),
(370, 1, 5, 3, 33, 'IDR'),
(371, 1, 12, 0, 33, 'IDR'),
(372, 1, 12, 3, 33, 'IDR'),
(373, 3, 7, 0, 55, 'RMB'),
(374, 4, 8, 1, 95, 'SGD'),
(375, 4, 7, 3, 109, 'RMB'),
(376, 2, 8, 3, 64, 'SGD'),
(377, 1, 13, 6, 33, 'IDR'),
(378, 2, 20, 0, 64, 'SGD'),
(379, 4, 20, 2, 95, 'SGD'),
(380, 2, 20, 5, 64, 'SGD'),
(381, 3, 7, 6, 55, 'RMB'),
(382, 2, 12, 3, 64, 'SGD'),
(383, 4, 17, 2, 107, 'IDR'),
(384, 1, 17, 2, 33, 'IDR'),
(385, 4, 14, 1, 109, 'RMB'),
(387, 3, 14, 3, 55, 'RMB'),
(388, 4, 6, 2, 107, 'IDR'),
(389, 4, 18, 1, 95, 'SGD'),
(390, 1, 6, 6, 33, 'IDR'),
(391, 2, 9, 0, 64, 'SGD'),
(392, 4, 9, 3, 95, 'SGD'),
(393, 4, 15, 2, 109, 'RMB'),
(394, 1, 18, 0, 33, 'IDR'),
(395, 2, 9, 3, 64, 'SGD'),
(396, 3, 15, 6, 55, 'RMB'),
(397, 1, 18, 6, 33, 'IDR'),
(398, 4, 19, 1, 99, 'SGD'),
(399, 2, 19, 3, 64, 'SGD'),
(400, 1, 9, 0, 33, 'IDR'),
(401, 1, 9, 3, 33, 'IDR'),
(402, 2, 7, 0, 64, 'SGD'),
(403, 4, 7, 3, 99, 'SGD'),
(404, 4, 4, 1, 109, 'RMB'),
(405, 3, 4, 3, 55, 'RMB'),
(406, 2, 7, 9, 64, 'SGD'),
(407, 3, 9, 3, 55, 'RMB'),
(408, 4, 2, 1, 104, 'IDR'),
(409, 1, 2, 2, 33, 'IDR'),
(410, 4, 14, 1, 109, 'RMB'),
(411, 3, 14, 3, 55, 'RMB'),
(412, 2, 11, 1, 64, 'SGD'),
(413, 4, 1, 3, 99, 'SGD'),
(414, 2, 1, 2, 64, 'SGD'),
(415, 4, 10, 2, 104, 'RMB'),
(416, 2, 12, 1, 65, 'SGD'),
(417, 1, 1, 0, 33, 'IDR'),
(418, 1, 1, 4, 33, 'IDR'),
(419, 4, 6, 4, 96, 'IDR'),
(420, 4, 18, 1, 112, 'SGD'),
(421, 3, 10, 2, 54, 'RMB'),
(422, 2, 18, 1, 65, 'SGD'),
(423, 3, 1, 0, 54, 'RMB'),
(424, 3, 1, 4, 54, 'RMB'),
(425, 4, 4, 1, 104, 'RMB'),
(426, 1, 6, 2, 33, 'IDR'),
(427, 2, 19, 1, 65, 'SGD'),
(428, 3, 15, 3, 54, 'RMB'),
(429, 4, 13, 1, 96, 'IDR'),
(430, 2, 10, 0, 65, 'SGD'),
(431, 4, 10, 2, 112, 'SGD'),
(432, 2, 10, 3, 61, 'SGD'),
(433, 4, 3, 4, 102, 'RMB'),
(434, 2, 6, 0, 61, 'SGD'),
(435, 4, 2, 1, 100, 'IDR'),
(436, 3, 3, 7, 59, 'RMB'),
(437, 1, 2, 3, 33, 'IDR'),
(438, 4, 6, 3, 110, 'SGD'),
(439, 1, 16, 0, 33, 'IDR'),
(440, 2, 6, 10, 61, 'SGD'),
(441, 4, 16, 4, 100, 'IDR'),
(442, 1, 16, 12, 33, 'IDR'),
(443, 4, 4, 2, 102, 'RMB'),
(444, 4, 12, 1, 110, 'SGD'),
(445, 2, 12, 2, 61, 'SGD'),
(446, 3, 4, 6, 59, 'RMB'),
(447, 4, 11, 4, 110, 'SGD'),
(448, 2, 11, 12, 61, 'SGD'),
(449, 1, 14, 0, 33, 'IDR'),
(450, 3, 18, 0, 59, 'RMB'),
(451, 4, 14, 2, 100, 'IDR'),
(452, 4, 18, 2, 102, 'RMB'),
(453, 1, 14, 3, 33, 'IDR'),
(454, 3, 18, 2, 59, 'RMB'),
(455, 4, 20, 4, 100, 'IDR'),
(456, 3, 1, 0, 59, 'RMB'),
(457, 1, 20, 5, 33, 'IDR'),
(458, 4, 1, 4, 102, 'RMB'),
(459, 3, 1, 4, 59, 'RMB'),
(460, 1, 3, 0, 33, 'IDR'),
(461, 1, 3, 4, 33, 'IDR'),
(462, 4, 5, 3, 102, 'RMB'),
(463, 2, 2, 0, 61, 'SGD'),
(464, 4, 17, 1, 100, 'IDR'),
(465, 3, 5, 8, 59, 'RMB'),
(466, 4, 2, 2, 109, 'SGD'),
(467, 1, 17, 3, 33, 'IDR'),
(468, 2, 2, 3, 61, 'SGD'),
(469, 4, 13, 1, 100, 'IDR'),
(470, 1, 13, 3, 33, 'IDR'),
(471, 4, 19, 1, 109, 'SGD'),
(472, 2, 19, 2, 61, 'SGD'),
(473, 1, 1, 0, 33, 'IDR'),
(474, 1, 1, 4, 33, 'IDR'),
(475, 4, 8, 2, 109, 'SGD'),
(476, 4, 6, 0, 103, 'RMB'),
(477, 2, 8, 4, 61, 'SGD'),
(478, 4, 6, 3, 103, 'RMB'),
(479, 3, 6, 12, 59, 'RMB'),
(480, 2, 18, 2, 61, 'SGD'),
(481, 1, 10, 0, 33, 'IDR'),
(482, 4, 10, 1, 100, 'IDR'),
(483, 2, 3, 0, 61, 'SGD'),
(484, 2, 3, 4, 61, 'SGD'),
(485, 1, 10, 3, 33, 'IDR'),
(486, 1, 13, 2, 33, 'IDR'),
(487, 2, 16, 3, 61, 'SGD'),
(488, 1, 8, 0, 33, 'IDR'),
(489, 1, 8, 2, 33, 'IDR'),
(490, 2, 5, 0, 61, 'SGD'),
(491, 2, 5, 8, 61, 'SGD'),
(492, 3, 14, 3, 59, 'RMB'),
(493, 4, 7, 4, 100, 'IDR'),
(494, 4, 15, 3, 103, 'RMB'),
(495, 1, 7, 12, 33, 'IDR'),
(496, 2, 14, 0, 61, 'SGD'),
(497, 3, 15, 3, 59, 'RMB'),
(498, 2, 14, 3, 62, 'SGD'),
(499, 1, 5, 0, 35, 'IDR'),
(500, 2, 20, 0, 62, 'SGD'),
(501, 3, 2, 0, 57, 'RMB'),
(502, 2, 20, 6, 62, 'SGD'),
(503, 3, 2, 3, 57, 'RMB'),
(504, 3, 13, 0, 57, 'RMB'),
(505, 3, 13, 2, 57, 'RMB'),
(506, 4, 12, 2, 108, 'SGD'),
(507, 2, 12, 6, 62, 'SGD'),
(508, 4, 9, 4, 104, 'RMB'),
(509, 3, 9, 4, 57, 'RMB'),
(510, 2, 15, 0, 62, 'SGD'),
(511, 4, 4, 3, 104, 'RMB'),
(512, 1, 5, 6, 35, 'IDR'),
(513, 2, 15, 3, 62, 'SGD'),
(514, 2, 9, 0, 62, 'SGD'),
(515, 2, 9, 8, 62, 'SGD'),
(516, 3, 17, 0, 57, 'RMB'),
(517, 4, 17, 1, 104, 'RMB'),
(518, 1, 15, 0, 35, 'IDR'),
(519, 3, 17, 2, 57, 'RMB'),
(520, 1, 15, 3, 35, 'IDR'),
(521, 3, 16, 3, 57, 'RMB'),
(522, 4, 1, 4, 103, 'SGD'),
(523, 3, 16, 0, 57, 'RMB'),
(524, 1, 9, 0, 35, 'IDR'),
(525, 2, 1, 4, 62, 'SGD'),
(526, 1, 9, 8, 35, 'IDR'),
(527, 4, 19, 2, 103, 'SGD'),
(528, 4, 13, 1, 89, 'IDR'),
(529, 2, 19, 3, 62, 'SGD'),
(530, 4, 6, 3, 89, 'IDR'),
(531, 4, 7, 0, 120, 'RMB'),
(532, 4, 7, 2, 120, 'RMB'),
(533, 1, 6, 10, 35, 'IDR'),
(534, 3, 4, 8, 57, 'RMB'),
(535, 3, 10, 3, 57, 'RMB'),
(536, 4, 13, 1, 89, 'IDR'),
(537, 1, 13, 1, 36, 'IDR'),
(538, 1, 14, 0, 36, 'IDR'),
(539, 4, 14, 2, 89, 'IDR'),
(540, 1, 14, 3, 36, 'IDR'),
(541, 4, 5, 3, 115, 'RMB'),
(542, 2, 19, 1, 61, 'SGD'),
(543, 3, 7, 9, 57, 'RMB'),
(544, 2, 19, 2, 61, 'SGD'),
(545, 3, 14, 3, 57, 'RMB'),
(546, 4, 18, 1, 109, 'SGD'),
(547, 3, 17, 0, 57, 'RMB'),
(548, 2, 18, 6, 61, 'SGD'),
(549, 3, 17, 3, 57, 'RMB'),
(550, 1, 13, 3, 33, 'IDR'),
(551, 1, 17, 1, 33, 'IDR'),
(552, 2, 10, 0, 61, 'SGD'),
(553, 2, 10, 3, 61, 'SGD'),
(554, 4, 20, 3, 93, 'IDR'),
(555, 1, 20, 3, 33, 'IDR'),
(557, 4, 13, 1, 93, 'IDR'),
(558, 4, 10, 1, 119, 'RMB'),
(559, 3, 10, 3, 60, 'RMB'),
(560, 4, 2, 2, 93, 'IDR'),
(562, 1, 2, 4, 33, 'IDR'),
(563, 4, 8, 1, 102, 'SGD'),
(564, 1, 12, 0, 33, 'IDR'),
(565, 2, 8, 3, 61, 'SGD'),
(566, 1, 12, 3, 33, 'IDR'),
(567, 4, 11, 2, 102, 'SGD'),
(568, 2, 11, 2, 61, 'SGD'),
(569, 3, 2, 0, 60, 'RMB'),
(570, 1, 11, 0, 33, 'IDR'),
(571, 3, 2, 2, 60, 'RMB'),
(572, 1, 11, 4, 33, 'IDR'),
(573, 4, 8, 1, 106, 'SGD'),
(574, 4, 12, 1, 106, 'SGD'),
(575, 3, 8, 0, 58, 'RMB'),
(576, 1, 1, 0, 36, 'IDR'),
(577, 2, 12, 1, 60, 'SGD'),
(578, 3, 8, 3, 58, 'RMB'),
(579, 1, 1, 4, 36, 'IDR'),
(580, 4, 18, 1, 106, 'SGD'),
(581, 3, 1, 0, 58, 'RMB'),
(582, 2, 18, 3, 60, 'SGD'),
(583, 3, 1, 4, 58, 'RMB'),
(584, 4, 7, 4, 97, 'IDR'),
(585, 2, 1, 4, 60, 'SGD'),
(586, 3, 7, 0, 58, 'RMB'),
(587, 2, 12, 2, 60, 'SGD'),
(588, 4, 17, 1, 97, 'IDR'),
(589, 3, 7, 2, 58, 'RMB'),
(590, 1, 17, 3, 36, 'IDR'),
(591, 3, 14, 2, 58, 'RMB'),
(592, 1, 13, 2, 36, 'IDR'),
(593, 4, 5, 1, 111, 'RMB'),
(594, 4, 5, 1, 111, 'RMB'),
(595, 4, 10, 1, 106, 'RMB'),
(596, 4, 20, 1, 103, 'IDR'),
(597, 1, 20, 2, 36, 'IDR'),
(598, 4, 10, 1, 106, 'RMB'),
(599, 3, 10, 3, 59, 'RMB'),
(600, 4, 9, 4, 120, 'RMB'),
(601, 4, 6, 2, 103, 'IDR'),
(602, 4, 1, 3, 91, 'SGD'),
(603, 3, 9, 4, 70, 'RMB'),
(604, 2, 1, 8, 47, 'SGD'),
(605, 1, 6, 10, 39, 'IDR'),
(606, 4, 2, 4, 103, 'IDR'),
(607, 4, 16, 4, 91, 'SGD'),
(608, 4, 3, 3, 120, 'RMB'),
(609, 1, 2, 12, 39, 'IDR'),
(610, 3, 3, 6, 70, 'RMB'),
(611, 2, 16, 9, 47, 'SGD'),
(612, 4, 7, 4, 103, 'IDR'),
(613, 1, 7, 12, 39, 'IDR'),
(614, 4, 12, 2, 91, 'SGD'),
(615, 2, 12, 5, 47, 'SGD'),
(616, 4, 5, 4, 120, 'RMB'),
(617, 3, 5, 12, 70, 'RMB'),
(618, 4, 11, 4, 91, 'SGD'),
(619, 2, 11, 12, 47, 'SGD'),
(620, 4, 10, 4, 120, 'RMB'),
(621, 3, 10, 12, 66, 'RMB'),
(622, 4, 20, 4, 103, 'IDR'),
(623, 1, 20, 10, 41, 'IDR'),
(624, 4, 18, 2, 91, 'SGD'),
(625, 2, 18, 6, 49, 'SGD'),
(626, 4, 15, 3, 120, 'RMB'),
(627, 4, 17, 3, 103, 'IDR'),
(628, 3, 15, 9, 66, 'RMB'),
(629, 1, 17, 9, 41, 'IDR'),
(630, 4, 19, 3, 91, 'SGD'),
(631, 2, 19, 3, 49, 'SGD'),
(633, 4, 6, 4, 103, 'IDR'),
(634, 2, 8, 3, 49, 'SGD'),
(635, 1, 6, 10, 41, 'IDR'),
(636, 4, 14, 1, 120, 'RMB'),
(637, 3, 14, 3, 66, 'RMB'),
(638, 3, 5, 9, 66, 'RMB'),
(639, 4, 13, 2, 103, 'IDR'),
(640, 1, 13, 6, 41, 'IDR'),
(641, 2, 8, 3, 43, 'SGD'),
(642, 4, 9, 4, 117, 'RMB'),
(643, 3, 9, 12, 69, 'RMB'),
(644, 4, 8, 1, 89, 'SGD'),
(645, 4, 12, 2, 89, 'SGD'),
(646, 2, 12, 6, 43, 'SGD'),
(647, 3, 15, 6, 69, 'RMB'),
(648, 2, 1, 4, 43, 'SGD'),
(649, 3, 14, 3, 69, 'RMB'),
(650, 1, 17, 3, 45, 'IDR'),
(651, 3, 3, 4, 69, 'RMB'),
(652, 2, 8, 3, 43, 'SGD'),
(653, 3, 14, 3, 69, 'RMB'),
(654, 2, 8, 3, 43, 'SGD'),
(655, 4, 16, 3, 89, 'SGD'),
(656, 2, 16, 9, 43, 'SGD'),
(657, 3, 14, 3, 69, 'RMB'),
(658, 4, 18, 2, 89, 'SGD'),
(659, 2, 18, 4, 43, 'SGD'),
(660, 4, 7, 2, 109, 'IDR'),
(662, 4, 19, 2, 96, 'SGD'),
(663, 2, 19, 6, 46, 'SGD'),
(664, 4, 15, 2, 116, 'RMB'),
(665, 3, 15, 6, 72, 'RMB'),
(666, 2, 8, 3, 46, 'SGD'),
(667, 4, 1, 4, 96, 'SGD'),
(668, 2, 1, 4, 46, 'SGD'),
(669, 4, 13, 2, 103, 'IDR'),
(670, 3, 3, 4, 72, 'RMB'),
(671, 3, 14, 3, 72, 'RMB'),
(672, 4, 2, 1, 103, 'IDR'),
(673, 4, 17, 2, 103, 'IDR'),
(674, 1, 17, 6, 39, 'IDR'),
(675, 1, 13, 3, 39, 'IDR'),
(676, 2, 8, 3, 46, 'SGD'),
(677, 2, 8, 3, 47, 'SGD'),
(678, 4, 12, 3, 98, 'SGD'),
(679, 2, 12, 6, 47, 'SGD'),
(680, 4, 13, 2, 103, 'IDR'),
(681, 4, 11, 1, 98, 'SGD'),
(682, 2, 11, 3, 47, 'SGD'),
(683, 4, 9, 3, 114, 'RMB'),
(684, 3, 9, 9, 72, 'RMB'),
(685, 2, 11, 1, 47, 'SGD'),
(686, 4, 7, 4, 103, 'IDR'),
(687, 2, 16, 3, 47, 'SGD'),
(688, 1, 7, 12, 38, 'IDR'),
(689, 3, 5, 3, 72, 'RMB'),
(690, 4, 19, 2, 97, 'SGD'),
(691, 4, 6, 1, 107, 'IDR'),
(692, 1, 6, 6, 38, 'IDR'),
(693, 2, 19, 6, 47, 'SGD'),
(694, 4, 20, 2, 107, 'IDR'),
(695, 4, 18, 1, 97, 'SGD'),
(696, 2, 18, 2, 47, 'SGD'),
(697, 4, 17, 2, 107, 'IDR'),
(698, 4, 8, 2, 97, 'SGD'),
(699, 2, 8, 6, 47, 'SGD'),
(700, 4, 15, 2, 111, 'RMB'),
(701, 3, 15, 6, 72, 'RMB'),
(702, 1, 6, 3, 36, 'IDR'),
(703, 4, 5, 1, 106, 'RMB'),
(704, 3, 5, 3, 70, 'RMB'),
(705, 4, 5, 1, 106, 'RMB'),
(706, 2, 1, 1, 51, 'SGD'),
(707, 1, 8, 0, 40, 'IDR'),
(708, 2, 6, 0, 44, 'SGD'),
(709, 4, 8, 3, 96, 'IDR'),
(710, 4, 6, 4, 86, 'SGD'),
(711, 1, 8, 3, 40, 'IDR'),
(712, 2, 6, 12, 44, 'SGD'),
(713, 4, 20, 4, 96, 'IDR'),
(714, 1, 20, 8, 40, 'IDR'),
(715, 3, 7, 0, 74, 'RMB'),
(716, 3, 7, 2, 74, 'RMB'),
(717, 2, 3, 0, 44, 'SGD'),
(718, 4, 3, 4, 86, 'SGD'),
(719, 4, 7, 1, 130, 'RMB'),
(720, 2, 3, 4, 44, 'SGD'),
(721, 3, 8, 0, 74, 'RMB'),
(722, 2, 5, 0, 44, 'SGD'),
(723, 3, 8, 3, 74, 'RMB'),
(724, 4, 5, 3, 86, 'SGD'),
(725, 1, 6, 12, 40, 'IDR'),
(726, 2, 5, 3, 44, 'SGD'),
(727, 2, 2, 0, 44, 'SGD'),
(728, 4, 9, 4, 130, 'RMB'),
(729, 4, 2, 2, 86, 'SGD'),
(730, 3, 9, 4, 74, 'RMB'),
(731, 2, 2, 4, 44, 'SGD'),
(732, 4, 11, 4, 86, 'SGD'),
(733, 1, 7, 1, 40, 'IDR'),
(734, 2, 11, 10, 44, 'SGD'),
(735, 4, 13, 2, 96, 'IDR'),
(736, 3, 9, 4, 74, 'RMB'),
(737, 1, 13, 5, 40, 'IDR'),
(738, 4, 17, 2, 95, 'IDR'),
(739, 3, 5, 3, 69, 'RMB'),
(740, 1, 17, 6, 42, 'IDR'),
(741, 1, 3, 0, 42, 'IDR'),
(742, 4, 1, 4, 89, 'SGD'),
(743, 2, 1, 4, 47, 'SGD'),
(744, 4, 10, 1, 128, 'RMB'),
(745, 3, 10, 1, 69, 'RMB'),
(746, 1, 3, 4, 42, 'IDR'),
(747, 3, 10, 2, 69, 'RMB'),
(748, 4, 2, 2, 95, 'IDR'),
(749, 4, 12, 3, 89, 'SGD'),
(750, 2, 12, 6, 47, 'SGD'),
(751, 1, 2, 2, 42, 'IDR'),
(752, 3, 6, 0, 69, 'RMB'),
(753, 1, 9, 0, 42, 'IDR'),
(754, 1, 9, 8, 42, 'IDR'),
(755, 4, 16, 4, 89, 'SGD'),
(756, 2, 16, 8, 47, 'SGD'),
(757, 3, 6, 2, 69, 'RMB'),
(758, 1, 5, 0, 42, 'IDR'),
(759, 3, 3, 4, 69, 'RMB'),
(760, 2, 14, 0, 47, 'SGD'),
(761, 1, 5, 3, 42, 'IDR'),
(762, 4, 14, 3, 89, 'SGD'),
(763, 2, 14, 3, 47, 'SGD'),
(764, 1, 12, 0, 42, 'IDR'),
(765, 1, 12, 3, 42, 'IDR'),
(766, 3, 16, 0, 69, 'RMB'),
(767, 1, 1, 0, 42, 'IDR'),
(768, 3, 16, 1, 69, 'RMB'),
(769, 2, 8, 2, 47, 'SGD'),
(770, 1, 1, 4, 42, 'IDR'),
(771, 2, 20, 0, 47, 'SGD'),
(772, 2, 20, 4, 47, 'SGD'),
(773, 3, 14, 3, 69, 'RMB'),
(774, 2, 15, 0, 48, 'SGD'),
(775, 3, 2, 0, 66, 'RMB'),
(776, 1, 10, 0, 44, 'IDR'),
(777, 4, 15, 1, 99, 'SGD'),
(778, 3, 2, 4, 66, 'RMB'),
(779, 2, 15, 3, 48, 'SGD'),
(780, 4, 10, 1, 92, 'IDR'),
(781, 1, 10, 6, 44, 'IDR'),
(782, 2, 7, 0, 48, 'SGD'),
(783, 2, 7, 3, 48, 'SGD'),
(784, 1, 16, 0, 44, 'IDR'),
(785, 3, 20, 4, 66, 'RMB'),
(786, 4, 18, 2, 99, 'SGD'),
(787, 3, 20, 0, 66, 'RMB'),
(788, 1, 16, 4, 44, 'IDR'),
(789, 2, 18, 4, 48, 'SGD'),
(790, 1, 14, 0, 44, 'IDR'),
(791, 2, 9, 0, 48, 'SGD'),
(792, 3, 1, 0, 66, 'RMB'),
(793, 1, 14, 4, 44, 'IDR'),
(794, 3, 1, 4, 66, 'RMB'),
(795, 4, 9, 4, 99, 'SGD'),
(796, 2, 9, 8, 48, 'SGD'),
(799, 2, 10, 0, 48, 'SGD'),
(800, 2, 10, 6, 48, 'SGD'),
(801, 4, 13, 3, 92, 'IDR'),
(802, 4, 5, 2, 121, 'RMB'),
(803, 3, 5, 6, 66, 'RMB'),
(804, 1, 13, 5, 44, 'IDR'),
(805, 4, 19, 1, 99, 'SGD'),
(806, 2, 19, 3, 49, 'SGD'),
(807, 3, 6, 0, 66, 'RMB'),
(808, 3, 6, 6, 66, 'RMB'),
(809, 2, 7, 0, 49, 'SGD'),
(810, 4, 7, 1, 106, 'SGD'),
(811, 2, 7, 2, 49, 'SGD'),
(812, 4, 10, 1, 115, 'RMB'),
(813, 1, 2, 2, 43, 'IDR'),
(814, 4, 4, 1, 115, 'RMB'),
(815, 4, 11, 4, 106, 'SGD'),
(816, 3, 4, 3, 66, 'RMB'),
(817, 2, 11, 12, 49, 'SGD'),
(818, 1, 8, 0, 43, 'IDR'),
(819, 1, 8, 1, 43, 'IDR'),
(820, 3, 7, 0, 66, 'RMB'),
(821, 3, 7, 2, 66, 'RMB'),
(822, 4, 5, 0, 106, 'SGD'),
(823, 3, 18, 0, 66, 'RMB'),
(824, 3, 18, 2, 66, 'RMB'),
(825, 2, 5, 3, 49, 'SGD'),
(826, 2, 6, 0, 49, 'SGD'),
(827, 1, 11, 0, 41, 'IDR'),
(828, 4, 6, 2, 120, 'SGD'),
(829, 1, 11, 3, 41, 'IDR'),
(830, 2, 13, 0, 51, 'SGD'),
(831, 2, 13, 3, 51, 'SGD'),
(832, 4, 19, 1, 120, 'SGD'),
(833, 2, 19, 3, 51, 'SGD'),
(834, 4, 17, 1, 80, 'IDR'),
(835, 2, 15, 0, 51, 'SGD'),
(836, 1, 17, 6, 41, 'IDR'),
(837, 4, 10, 1, 113, 'RMB'),
(838, 4, 15, 1, 120, 'SGD'),
(839, 3, 10, 3, 66, 'RMB'),
(840, 1, 14, 0, 41, 'IDR'),
(841, 2, 15, 3, 51, 'SGD'),
(842, 4, 14, 3, 80, 'IDR'),
(843, 1, 14, 4, 41, 'IDR'),
(844, 2, 7, 0, 51, 'SGD'),
(845, 1, 12, 0, 41, 'IDR'),
(846, 4, 7, 1, 120, 'SGD'),
(847, 2, 7, 1, 51, 'SGD'),
(848, 4, 12, 3, 80, 'IDR'),
(849, 1, 12, 6, 41, 'IDR'),
(850, 3, 7, 0, 66, 'RMB'),
(851, 3, 7, 1, 66, 'RMB'),
(852, 3, 14, 5, 66, 'RMB'),
(853, 2, 12, 3, 51, 'SGD'),
(854, 4, 1, 4, 122, 'SGD'),
(855, 4, 6, 2, 87, 'IDR'),
(856, 2, 1, 6, 51, 'SGD'),
(857, 1, 5, 0, 42, 'IDR'),
(858, 4, 5, 1, 87, 'IDR'),
(859, 4, 5, 1, 87, 'IDR'),
(860, 4, 3, 1, 105, 'RMB'),
(861, 1, 5, 3, 42, 'IDR'),
(862, 3, 3, 3, 65, 'RMB'),
(863, 4, 20, 2, 87, 'IDR'),
(864, 1, 20, 2, 42, 'IDR'),
(865, 4, 19, 1, 122, 'SGD'),
(866, 2, 19, 3, 51, 'SGD'),
(867, 1, 1, 0, 42, 'IDR'),
(868, 4, 4, 1, 105, 'RMB'),
(869, 1, 1, 4, 42, 'IDR'),
(870, 3, 4, 3, 65, 'RMB'),
(871, 4, 17, 1, 87, 'IDR'),
(872, 1, 17, 3, 42, 'IDR'),
(873, 3, 14, 1, 65, 'RMB'),
(874, 3, 9, 8, 63, 'RMB'),
(875, 4, 2, 2, 92, 'IDR'),
(876, 1, 2, 4, 43, 'IDR'),
(877, 3, 18, 0, 63, 'RMB'),
(878, 4, 18, 1, 99, 'RMB'),
(879, 2, 18, 3, 52, 'SGD'),
(880, 3, 2, 0, 63, 'RMB'),
(881, 3, 2, 2, 63, 'RMB'),
(882, 4, 11, 1, 123, 'SGD'),
(883, 4, 7, 1, 99, 'RMB'),
(884, 3, 7, 1, 63, 'RMB'),
(885, 3, 7, 0, 63, 'RMB'),
(886, 1, 20, 2, 43, 'IDR'),
(887, 2, 7, 0, 52, 'SGD'),
(888, 2, 7, 2, 52, 'SGD'),
(890, 3, 4, 3, 67, 'RMB'),
(891, 4, 16, 1, 95, 'IDR'),
(892, 1, 16, 3, 30, 'IDR'),
(893, 4, 4, 1, 102, 'RMB'),
(894, 4, 5, 0, 118, 'SGD'),
(895, 3, 16, 0, 80, 'RMB'),
(896, 4, 6, 4, 95, 'IDR'),
(897, 4, 5, 2, 118, 'SGD'),
(898, 1, 6, 10, 30, 'IDR'),
(899, 4, 16, 2, 102, 'RMB'),
(900, 2, 5, 4, 36, 'SGD'),
(901, 3, 16, 4, 80, 'RMB'),
(902, 4, 1, 2, 118, 'SGD'),
(903, 2, 1, 1, 36, 'SGD'),
(904, 4, 2, 4, 95, 'IDR'),
(906, 1, 2, 4, 30, 'IDR'),
(907, 2, 11, 6, 36, 'SGD'),
(908, 3, 1, 4, 80, 'RMB'),
(909, 1, 12, 0, 30, 'IDR'),
(910, 3, 1, 0, 80, 'RMB'),
(911, 4, 12, 2, 95, 'IDR'),
(912, 1, 12, 5, 30, 'IDR'),
(913, 1, 3, 0, 30, 'IDR'),
(914, 4, 3, 2, 95, 'IDR'),
(915, 1, 3, 4, 30, 'IDR'),
(916, 2, 14, 0, 36, 'SGD'),
(917, 3, 5, 2, 80, 'RMB'),
(918, 4, 14, 1, 118, 'SGD'),
(919, 2, 14, 3, 36, 'SGD'),
(920, 4, 17, 2, 95, 'IDR'),
(921, 2, 2, 0, 36, 'SGD'),
(922, 1, 1, 0, 30, 'IDR'),
(923, 2, 2, 4, 36, 'SGD'),
(924, 3, 15, 6, 80, 'RMB'),
(925, 1, 1, 3, 30, 'IDR'),
(926, 1, 5, 0, 30, 'IDR'),
(927, 4, 18, 2, 118, 'SGD'),
(928, 1, 5, 2, 30, 'IDR'),
(929, 2, 18, 6, 36, 'SGD'),
(930, 4, 14, 2, 102, 'RMB'),
(931, 3, 14, 3, 80, 'RMB'),
(932, 2, 12, 2, 36, 'SGD'),
(933, 4, 13, 2, 95, 'IDR'),
(934, 2, 3, 0, 37, 'SGD'),
(935, 3, 2, 0, 77, 'RMB'),
(936, 3, 2, 4, 77, 'RMB'),
(937, 2, 3, 4, 37, 'SGD'),
(938, 1, 13, 6, 32, 'IDR'),
(939, 3, 1, 0, 77, 'RMB'),
(940, 3, 1, 4, 77, 'RMB'),
(941, 2, 7, 0, 37, 'SGD'),
(942, 4, 1, 4, 85, 'RMB'),
(943, 2, 7, 3, 37, 'SGD'),
(944, 2, 6, 0, 37, 'SGD'),
(945, 1, 15, 0, 32, 'IDR'),
(946, 3, 3, 3, 77, 'RMB'),
(947, 1, 15, 2, 32, 'IDR'),
(948, 4, 6, 4, 103, 'SGD'),
(949, 2, 6, 10, 37, 'SGD'),
(950, 1, 15, 1, 32, 'IDR'),
(951, 4, 14, 2, 85, 'RMB'),
(952, 1, 1, 0, 32, 'IDR'),
(953, 1, 1, 4, 32, 'IDR'),
(954, 4, 4, 2, 85, 'RMB'),
(955, 1, 14, 0, 32, 'IDR'),
(956, 1, 14, 4, 32, 'IDR'),
(957, 3, 7, 0, 77, 'RMB'),
(958, 4, 11, 2, 103, 'SGD'),
(959, 3, 7, 3, 77, 'RMB'),
(960, 1, 16, 0, 32, 'IDR'),
(961, 2, 9, 0, 37, 'SGD'),
(962, 1, 16, 1, 32, 'IDR'),
(963, 4, 7, 3, 85, 'RMB'),
(964, 4, 9, 3, 103, 'SGD'),
(965, 4, 20, 4, 128, 'IDR'),
(966, 2, 9, 7, 37, 'SGD'),
(967, 1, 20, 4, 32, 'IDR'),
(968, 2, 1, 4, 37, 'SGD'),
(969, 3, 6, 4, 77, 'RMB'),
(970, 3, 6, 0, 75, 'RMB'),
(971, 4, 6, 4, 88, 'RMB'),
(972, 2, 20, 0, 39, 'SGD'),
(973, 2, 20, 3, 39, 'SGD'),
(974, 4, 8, 1, 104, 'SGD'),
(975, 3, 20, 3, 61, 'RMB'),
(976, 3, 20, 0, 61, 'RMB'),
(977, 2, 10, 0, 67, 'SGD'),
(978, 4, 17, 2, 112, 'IDR'),
(979, 4, 10, 2, 99, 'SGD'),
(980, 1, 17, 3, 30, 'IDR'),
(981, 2, 10, 6, 67, 'SGD'),
(982, 4, 15, 2, 107, 'RMB'),
(983, 3, 15, 3, 61, 'RMB'),
(984, 1, 11, 0, 30, 'IDR'),
(985, 4, 11, 1, 112, 'IDR'),
(986, 3, 9, 2, 61, 'RMB'),
(987, 4, 9, 4, 107, 'RMB'),
(988, 1, 11, 2, 30, 'IDR'),
(989, 4, 12, 1, 94, 'SGD'),
(990, 1, 9, 0, 30, 'IDR'),
(991, 1, 9, 4, 30, 'IDR'),
(992, 1, 12, 0, 30, 'IDR'),
(993, 1, 12, 3, 30, 'IDR'),
(994, 1, 16, 0, 30, 'IDR'),
(995, 4, 16, 1, 110, 'IDR'),
(996, 3, 14, 4, 63, 'RMB'),
(997, 4, 14, 2, 114, 'RMB'),
(998, 4, 7, 2, 114, 'RMB'),
(999, 3, 7, 0, 64, 'RMB'),
(1000, 4, 19, 4, 88, 'SGD'),
(1001, 2, 19, 12, 56, 'SGD'),
(1002, 4, 13, 2, 104, 'IDR'),
(1003, 1, 13, 4, 40, 'IDR'),
(1004, 2, 7, 0, 56, 'SGD'),
(1005, 2, 7, 4, 56, 'SGD'),
(1006, 4, 6, 1, 104, 'IDR'),
(1007, 3, 13, 0, 64, 'RMB'),
(1008, 4, 12, 2, 88, 'SGD'),
(1009, 1, 12, 0, 40, 'IDR'),
(1010, 1, 12, 6, 40, 'IDR'),
(1011, 4, 18, 1, 88, 'SGD'),
(1012, 2, 18, 2, 56, 'SGD'),
(1013, 2, 13, 0, 56, 'SGD'),
(1014, 2, 13, 4, 56, 'SGD'),
(1015, 4, 8, 1, 88, 'SGD'),
(1016, 2, 5, 0, 56, 'SGD'),
(1017, 3, 8, 0, 64, 'RMB'),
(1018, 4, 5, 1, 88, 'SGD'),
(1019, 3, 8, 2, 64, 'RMB'),
(1020, 2, 5, 1, 56, 'SGD'),
(1021, 3, 1, 0, 61, 'RMB'),
(1022, 4, 1, 4, 116, 'RMB'),
(1023, 3, 1, 4, 61, 'RMB'),
(1024, 3, 14, 2, 61, 'RMB'),
(1025, 2, 1, 4, 59, 'SGD'),
(1026, 4, 20, 3, 101, 'IDR'),
(1028, 1, 20, 5, 40, 'IDR'),
(1029, 4, 19, 3, 102, 'SGD'),
(1030, 2, 19, 9, 59, 'SGD'),
(1031, 1, 17, 3, 40, 'IDR'),
(1032, 1, 1, 0, 40, 'IDR'),
(1033, 1, 1, 4, 40, 'IDR'),
(1034, 1, 16, 0, 40, 'IDR'),
(1035, 4, 16, 1, 101, 'IDR'),
(1036, 1, 16, 3, 40, 'IDR'),
(1037, 2, 15, 0, 59, 'SGD'),
(1038, 3, 20, 0, 61, 'RMB'),
(1039, 4, 15, 3, 102, 'SGD'),
(1040, 3, 20, 3, 61, 'RMB'),
(1041, 2, 15, 3, 59, 'SGD'),
(1042, 4, 2, 4, 101, 'IDR'),
(1043, 1, 2, 4, 40, 'IDR'),
(1044, 2, 11, 1, 59, 'SGD'),
(1045, 4, 9, 1, 113, 'RMB'),
(1046, 3, 9, 3, 61, 'RMB'),
(1047, 2, 7, 0, 59, 'SGD'),
(1048, 4, 7, 2, 105, 'SGD'),
(1049, 2, 7, 2, 59, 'SGD'),
(1050, 3, 15, 6, 61, 'RMB'),
(1051, 2, 2, 0, 59, 'SGD'),
(1052, 4, 6, 3, 102, 'IDR'),
(1053, 2, 2, 4, 59, 'SGD'),
(1054, 3, 7, 2, 61, 'RMB'),
(1055, 3, 7, 0, 61, 'RMB'),
(1056, 3, 2, 0, 61, 'RMB'),
(1057, 3, 2, 4, 61, 'RMB'),
(1058, 4, 5, 4, 107, 'RMB'),
(1059, 4, 6, 4, 109, 'IDR'),
(1060, 4, 8, 2, 105, 'SGD'),
(1061, 3, 5, 4, 69, 'RMB'),
(1062, 2, 8, 4, 59, 'SGD'),
(1063, 1, 6, 10, 32, 'IDR'),
(1064, 1, 9, 0, 32, 'IDR'),
(1065, 3, 8, 0, 69, 'RMB'),
(1066, 4, 9, 4, 109, 'IDR'),
(1067, 3, 8, 2, 69, 'RMB'),
(1068, 2, 5, 0, 59, 'SGD'),
(1069, 1, 9, 8, 32, 'IDR'),
(1070, 2, 5, 4, 59, 'SGD'),
(1071, 3, 6, 0, 69, 'RMB'),
(1072, 3, 6, 6, 69, 'RMB'),
(1073, 2, 7, 0, 59, 'SGD'),
(1074, 4, 7, 3, 105, 'SGD'),
(1075, 4, 13, 4, 109, 'IDR'),
(1076, 1, 13, 12, 33, 'IDR'),
(1077, 2, 7, 3, 58, 'SGD'),
(1078, 1, 12, 0, 33, 'IDR'),
(1079, 2, 14, 0, 58, 'SGD'),
(1080, 4, 14, 2, 103, 'SGD'),
(1081, 4, 10, 1, 104, 'RMB'),
(1082, 2, 14, 5, 58, 'SGD'),
(1083, 3, 10, 7, 69, 'RMB'),
(1084, 4, 12, 4, 115, 'IDR'),
(1085, 2, 9, 0, 58, 'SGD'),
(1086, 2, 9, 8, 58, 'SGD'),
(1087, 1, 12, 2, 33, 'IDR'),
(1088, 3, 11, 0, 69, 'RMB'),
(1089, 1, 3, 0, 33, 'IDR'),
(1090, 4, 11, 4, 104, 'RMB'),
(1091, 4, 3, 4, 115, 'IDR'),
(1092, 3, 11, 12, 69, 'RMB'),
(1093, 1, 3, 8, 33, 'IDR'),
(1094, 1, 16, 0, 33, 'IDR'),
(1095, 2, 20, 0, 58, 'SGD'),
(1096, 4, 20, 3, 103, 'SGD'),
(1097, 4, 16, 4, 115, 'IDR'),
(1098, 2, 20, 3, 58, 'SGD'),
(1099, 1, 16, 12, 33, 'IDR'),
(1100, 2, 12, 4, 58, 'SGD'),
(1101, 2, 6, 0, 58, 'SGD'),
(1102, 2, 6, 6, 58, 'SGD'),
(1103, 3, 7, 0, 69, 'RMB'),
(1104, 3, 7, 3, 69, 'RMB'),
(1105, 4, 17, 3, 115, 'IDR'),
(1106, 1, 17, 6, 33, 'IDR'),
(1107, 3, 3, 4, 69, 'RMB'),
(1108, 1, 5, 0, 33, 'IDR'),
(1109, 4, 18, 1, 103, 'SGD'),
(1110, 1, 5, 4, 33, 'IDR'),
(1111, 2, 18, 1, 58, 'SGD'),
(1112, 1, 14, 0, 39, 'IDR'),
(1113, 4, 14, 2, 120, 'IDR'),
(1114, 2, 15, 0, 56, 'SGD'),
(1115, 1, 14, 5, 39, 'IDR'),
(1117, 3, 9, 8, 65, 'RMB'),
(1118, 1, 10, 0, 39, 'IDR'),
(1119, 4, 10, 1, 120, 'IDR'),
(1120, 1, 10, 6, 39, 'IDR'),
(1121, 1, 1, 0, 39, 'IDR'),
(1122, 3, 12, 0, 65, 'RMB'),
(1123, 4, 15, 2, 101, 'SGD'),
(1124, 3, 12, 4, 65, 'RMB'),
(1125, 2, 15, 3, 56, 'SGD'),
(1126, 4, 1, 4, 120, 'IDR'),
(1127, 1, 1, 4, 39, 'IDR'),
(1128, 3, 20, 3, 65, 'RMB'),
(1129, 3, 20, 0, 65, 'RMB'),
(1130, 1, 7, 3, 39, 'IDR'),
(1131, 2, 1, 4, 56, 'SGD'),
(1132, 3, 14, 6, 65, 'RMB'),
(1133, 4, 2, 4, 120, 'IDR'),
(1134, 4, 15, 1, 101, 'RMB'),
(1135, 1, 2, 4, 39, 'IDR'),
(1136, 3, 15, 6, 65, 'RMB'),
(1137, 2, 2, 0, 56, 'SGD'),
(1139, 1, 20, 3, 39, 'IDR'),
(1140, 3, 17, 0, 65, 'RMB'),
(1141, 2, 2, 8, 53, 'SGD'),
(1142, 3, 17, 5, 67, 'RMB'),
(1143, 4, 13, 4, 129, 'IDR'),
(1144, 3, 1, 0, 67, 'RMB'),
(1145, 1, 13, 11, 40, 'IDR'),
(1146, 3, 1, 4, 67, 'RMB'),
(1147, 4, 11, 2, 100, 'SGD'),
(1148, 2, 11, 6, 53, 'SGD'),
(1149, 3, 2, 0, 67, 'RMB'),
(1150, 3, 2, 8, 67, 'RMB'),
(1151, 4, 17, 2, 129, 'IDR'),
(1152, 4, 6, 3, 129, 'IDR'),
(1153, 4, 8, 2, 100, 'SGD'),
(1154, 2, 8, 4, 53, 'SGD'),
(1155, 3, 8, 0, 67, 'RMB'),
(1156, 3, 8, 2, 67, 'RMB'),
(1157, 4, 2, 4, 129, 'IDR'),
(1158, 1, 2, 4, 40, 'IDR'),
(1159, 3, 6, 0, 67, 'RMB'),
(1160, 3, 6, 6, 67, 'RMB'),
(1161, 3, 7, 0, 67, 'RMB'),
(1162, 4, 7, 4, 84, 'RMB'),
(1163, 3, 7, 4, 67, 'RMB'),
(1164, 2, 7, 0, 53, 'SGD'),
(1165, 2, 7, 4, 53, 'SGD'),
(1166, 4, 18, 2, 83, 'SGD'),
(1167, 2, 18, 2, 52, 'SGD'),
(1168, 4, 12, 4, 83, 'SGD'),
(1169, 1, 7, 4, 30, 'IDR'),
(1170, 3, 18, 2, 79, 'RMB'),
(1171, 3, 18, 0, 79, 'RMB'),
(1172, 2, 12, 2, 52, 'SGD'),
(1173, 4, 20, 1, 116, 'IDR'),
(1174, 1, 20, 3, 30, 'IDR'),
(1175, 1, 5, 0, 30, 'IDR'),
(1176, 4, 5, 4, 116, 'IDR'),
(1177, 2, 6, 0, 52, 'SGD'),
(1178, 1, 5, 4, 30, 'IDR'),
(1179, 4, 6, 3, 83, 'SGD'),
(1180, 1, 18, 0, 30, 'IDR'),
(1181, 2, 6, 6, 52, 'SGD'),
(1182, 1, 18, 2, 30, 'IDR'),
(1183, 1, 12, 0, 30, 'IDR'),
(1184, 2, 5, 0, 52, 'SGD'),
(1185, 2, 5, 4, 52, 'SGD'),
(1186, 1, 12, 4, 30, 'IDR'),
(1187, 1, 9, 0, 30, 'IDR'),
(1188, 4, 9, 3, 116, 'IDR'),
(1189, 3, 5, 4, 79, 'RMB'),
(1190, 2, 14, 0, 52, 'SGD'),
(1191, 4, 10, 0, 116, 'IDR'),
(1192, 4, 14, 2, 83, 'SGD'),
(1193, 2, 14, 3, 52, 'SGD'),
(1194, 3, 14, 2, 78, 'RMB'),
(1195, 1, 6, 3, 30, 'IDR'),
(1196, 4, 10, 2, 102, 'RMB'),
(1197, 1, 18, 0, 30, 'IDR'),
(1198, 1, 18, 2, 30, 'IDR'),
(1199, 4, 17, 1, 118, 'IDR'),
(1200, 1, 17, 1, 30, 'IDR'),
(1201, 2, 18, 1, 52, 'SGD'),
(1202, 4, 13, 1, 118, 'IDR'),
(1203, 1, 13, 3, 30, 'IDR'),
(1204, 3, 9, 1, 78, 'RMB'),
(1205, 4, 16, 1, 89, 'SGD'),
(1206, 2, 16, 3, 52, 'SGD'),
(1207, 4, 6, 3, 121, 'IDR'),
(1208, 4, 2, 4, 121, 'IDR'),
(1209, 1, 2, 4, 37, 'IDR'),
(1210, 2, 20, 0, 50, 'SGD'),
(1211, 3, 9, 1, 74, 'RMB'),
(1212, 4, 20, 2, 84, 'SGD'),
(1213, 1, 1, 0, 37, 'IDR'),
(1214, 2, 20, 3, 50, 'SGD'),
(1215, 3, 15, 1, 74, 'RMB'),
(1216, 4, 1, 4, 121, 'IDR'),
(1217, 3, 20, 3, 74, 'RMB'),
(1218, 1, 1, 4, 37, 'IDR'),
(1219, 3, 20, 0, 74, 'RMB'),
(1220, 2, 2, 0, 50, 'SGD'),
(1221, 2, 2, 4, 50, 'SGD'),
(1222, 3, 2, 0, 74, 'RMB'),
(1223, 2, 1, 4, 50, 'SGD'),
(1224, 3, 1, 4, 74, 'RMB'),
(1225, 3, 1, 0, 74, 'RMB'),
(1226, 2, 7, 0, 51, 'SGD'),
(1227, 4, 13, 4, 130, 'IDR'),
(1228, 4, 7, 4, 80, 'SGD'),
(1229, 2, 7, 4, 51, 'SGD'),
(1230, 2, 6, 0, 51, 'SGD'),
(1231, 4, 6, 4, 80, 'SGD'),
(1232, 3, 7, 0, 74, 'RMB'),
(1233, 2, 6, 6, 51, 'SGD'),
(1234, 3, 7, 4, 74, 'RMB'),
(1236, 1, 13, 6, 36, 'IDR'),
(1237, 4, 15, 3, 94, 'RMB'),
(1238, 4, 17, 3, 130, 'IDR'),
(1239, 4, 8, 2, 80, 'SGD'),
(1240, 1, 17, 6, 36, 'IDR'),
(1241, 3, 15, 3, 74, 'RMB'),
(1242, 2, 8, 4, 51, 'SGD'),
(1243, 1, 5, 0, 36, 'IDR'),
(1244, 4, 11, 4, 85, 'SGD'),
(1245, 2, 11, 12, 52, 'SGD'),
(1246, 4, 5, 4, 129, 'IDR'),
(1247, 3, 6, 0, 73, 'RMB'),
(1248, 1, 5, 4, 36, 'IDR'),
(1249, 4, 6, 3, 90, 'RMB'),
(1250, 3, 6, 8, 73, 'RMB'),
(1251, 1, 7, 4, 36, 'IDR'),
(1252, 1, 9, 0, 36, 'IDR'),
(1253, 4, 9, 4, 129, 'IDR'),
(1254, 1, 9, 3, 36, 'IDR'),
(1255, 3, 8, 0, 73, 'RMB'),
(1256, 2, 14, 0, 52, 'SGD'),
(1257, 3, 8, 2, 73, 'RMB'),
(1258, 4, 14, 3, 85, 'SGD'),
(1259, 1, 3, 0, 36, 'IDR'),
(1260, 4, 10, 1, 90, 'RMB'),
(1261, 2, 14, 6, 52, 'SGD'),
(1262, 4, 3, 2, 129, 'IDR'),
(1263, 3, 10, 6, 73, 'RMB'),
(1264, 1, 3, 12, 36, 'IDR'),
(1265, 4, 12, 4, 85, 'SGD'),
(1266, 3, 2, 0, 73, 'RMB'),
(1267, 2, 12, 3, 52, 'SGD'),
(1268, 3, 2, 4, 73, 'RMB'),
(1269, 1, 16, 0, 36, 'IDR'),
(1270, 4, 18, 1, 85, 'SGD'),
(1271, 3, 17, 0, 73, 'RMB'),
(1272, 2, 18, 1, 52, 'SGD'),
(1274, 4, 16, 1, 129, 'IDR'),
(1275, 2, 15, 0, 52, 'SGD'),
(1276, 4, 20, 1, 129, 'IDR'),
(1277, 2, 15, 6, 52, 'SGD'),
(1278, 1, 20, 3, 36, 'IDR'),
(1279, 3, 17, 3, 73, 'RMB'),
(1280, 3, 5, 4, 73, 'RMB'),
(1281, 1, 13, 12, 36, 'IDR'),
(1282, 3, 9, 4, 72, 'RMB'),
(1283, 4, 11, 2, 87, 'SGD'),
(1285, 3, 14, 5, 72, 'RMB'),
(1287, 1, 6, 7, 39, 'IDR'),
(1288, 3, 3, 3, 72, 'RMB'),
(1289, 1, 12, 0, 39, 'IDR'),
(1290, 4, 1, 3, 87, 'SGD'),
(1291, 1, 12, 6, 39, 'IDR'),
(1292, 2, 1, 3, 50, 'SGD'),
(1293, 3, 18, 0, 72, 'RMB'),
(1294, 2, 5, 0, 50, 'SGD'),
(1295, 3, 18, 2, 72, 'RMB'),
(1296, 2, 5, 4, 50, 'SGD'),
(1297, 1, 1, 0, 39, 'IDR'),
(1298, 1, 1, 3, 39, 'IDR'),
(1299, 3, 11, 0, 72, 'RMB'),
(1301, 3, 11, 6, 72, 'RMB'),
(1302, 1, 14, 0, 39, 'IDR'),
(1303, 1, 14, 5, 39, 'IDR'),
(1304, 4, 16, 1, 87, 'SGD'),
(1305, 2, 16, 5, 50, 'SGD'),
(1306, 3, 12, 0, 72, 'RMB'),
(1307, 3, 12, 4, 72, 'RMB'),
(1308, 3, 1, 0, 72, 'RMB'),
(1309, 3, 1, 3, 72, 'RMB'),
(1310, 1, 16, 2, 39, 'IDR'),
(1311, 3, 8, 0, 74, 'RMB'),
(1312, 4, 8, 3, 80, 'RMB'),
(1313, 2, 20, 0, 48, 'SGD'),
(1314, 2, 20, 2, 48, 'SGD'),
(1315, 3, 8, 6, 74, 'RMB'),
(1316, 4, 16, 1, 110, 'SGD'),
(1317, 3, 20, 0, 74, 'RMB'),
(1318, 2, 8, 3, 48, 'SGD'),
(1319, 3, 20, 2, 74, 'RMB'),
(1320, 4, 2, 4, 118, 'IDR'),
(1321, 4, 20, 1, 80, 'RMB'),
(1322, 1, 2, 4, 39, 'IDR'),
(1323, 4, 13, 3, 118, 'IDR'),
(1324, 2, 2, 0, 48, 'SGD'),
(1325, 2, 2, 4, 48, 'SGD'),
(1326, 4, 17, 1, 118, 'IDR'),
(1327, 1, 17, 2, 39, 'IDR'),
(1328, 3, 2, 0, 74, 'RMB'),
(1329, 3, 2, 4, 74, 'RMB'),
(1330, 1, 9, 0, 37, 'IDR'),
(1331, 3, 17, 0, 76, 'RMB'),
(1332, 3, 17, 3, 76, 'RMB'),
(1333, 4, 9, 3, 127, 'IDR'),
(1334, 1, 9, 6, 37, 'IDR'),
(1335, 4, 14, 2, 80, 'RMB'),
(1336, 3, 9, 3, 76, 'RMB'),
(1337, 4, 5, 3, 80, 'RMB'),
(1338, 3, 5, 3, 76, 'RMB'),
(1339, 2, 5, 0, 48, 'SGD'),
(1340, 2, 5, 3, 48, 'SGD'),
(1341, 4, 14, 1, 80, 'RMB'),
(1342, 3, 14, 2, 76, 'RMB'),
(1343, 4, 6, 2, 127, 'IDR'),
(1344, 1, 6, 4, 37, 'IDR'),
(1345, 1, 5, 0, 39, 'IDR'),
(1346, 1, 5, 3, 39, 'IDR'),
(1347, 4, 20, 1, 130, 'IDR'),
(1348, 1, 20, 2, 39, 'IDR'),
(1349, 4, 7, 1, 130, 'IDR'),
(1350, 4, 7, 1, 130, 'IDR'),
(1351, 1, 7, 6, 39, 'IDR'),
(1352, 4, 12, 3, 91, 'SGD'),
(1353, 2, 12, 2, 44, 'SGD'),
(1354, 1, 14, 0, 39, 'IDR'),
(1355, 1, 14, 3, 39, 'IDR'),
(1356, 3, 20, 0, 79, 'RMB'),
(1357, 2, 16, 1, 44, 'SGD'),
(1358, 1, 12, 0, 39, 'IDR'),
(1359, 3, 20, 2, 79, 'RMB'),
(1360, 1, 12, 3, 39, 'IDR'),
(1361, 3, 12, 3, 79, 'RMB'),
(1362, 3, 12, 0, 79, 'RMB'),
(1363, 4, 20, 1, 130, 'IDR'),
(1364, 1, 20, 2, 39, 'IDR'),
(1365, 4, 18, 1, 91, 'SGD'),
(1366, 2, 18, 2, 44, 'SGD'),
(1367, 4, 3, 1, 87, 'RMB'),
(1368, 3, 3, 3, 79, 'RMB'),
(1369, 3, 17, 0, 79, 'RMB'),
(1370, 4, 17, 1, 80, 'RMB'),
(1371, 3, 17, 3, 78, 'RMB'),
(1372, 3, 1, 0, 78, 'RMB'),
(1373, 2, 18, 1, 42, 'SGD'),
(1374, 4, 1, 1, 80, 'RMB'),
(1375, 3, 1, 2, 78, 'RMB'),
(1376, 4, 10, 1, 80, 'RMB'),
(1377, 1, 1, 0, 42, 'IDR'),
(1378, 3, 10, 2, 78, 'RMB'),
(1379, 1, 1, 1, 42, 'IDR'),
(1380, 4, 14, 2, 80, 'RMB'),
(1381, 2, 6, 0, 42, 'SGD'),
(1382, 2, 6, 2, 42, 'SGD'),
(1383, 4, 8, 1, 80, 'RMB'),
(1384, 3, 8, 0, 78, 'RMB'),
(1385, 2, 15, 0, 42, 'SGD'),
(1386, 3, 8, 2, 78, 'RMB'),
(1387, 4, 15, 1, 95, 'SGD'),
(1388, 4, 13, 1, 130, 'IDR'),
(1389, 4, 9, 1, 80, 'RMB'),
(1390, 2, 15, 3, 42, 'SGD'),
(1391, 1, 13, 3, 42, 'IDR'),
(1392, 3, 9, 3, 78, 'RMB'),
(1393, 2, 8, 1, 42, 'SGD'),
(1394, 1, 14, 0, 42, 'IDR'),
(1395, 3, 17, 0, 78, 'RMB'),
(1396, 1, 14, 3, 42, 'IDR'),
(1397, 2, 5, 0, 42, 'SGD'),
(1398, 3, 17, 3, 78, 'RMB'),
(1399, 4, 5, 1, 95, 'SGD'),
(1400, 2, 5, 3, 42, 'SGD'),
(1401, 4, 15, 1, 80, 'RMB'),
(1402, 3, 15, 3, 78, 'RMB'),
(1403, 4, 6, 1, 130, 'IDR'),
(1404, 1, 6, 3, 42, 'IDR');

-- --------------------------------------------------------

--
-- Table structure for table `penjualan`
--

CREATE TABLE `penjualan` (
  `idpenjualan` int(11) NOT NULL,
  `iduser` int(11) NOT NULL,
  `iddesain` int(11) NOT NULL,
  `qty` int(11) NOT NULL,
  `hsatuan` int(11) NOT NULL,
  `currency` varchar(100) NOT NULL
) ENGINE=InnoDB DEFAULT CHARSET=latin1;

--
-- Dumping data for table `penjualan`
--

INSERT INTO `penjualan` (`idpenjualan`, `iduser`, `iddesain`, `qty`, `hsatuan`, `currency`) VALUES
(1, 14, 3, 1, 300, 'RMB'),
(2, 19, 2, 1, 300, 'SGD'),
(3, 7, 1, 1, 300, 'IDR'),
(4, 8, 2, 1, 300, 'SGD'),
(5, 9, 3, 4, 300, 'RMB'),
(6, 20, 5, 1, 500, 'IDR'),
(7, 12, 6, 2, 500, 'SGD'),
(8, 17, 1, 1, 300, 'IDR'),
(9, 6, 1, 1, 300, 'IDR'),
(10, 5, 9, 1, 500, 'RMB'),
(11, 13, 1, 1, 300, 'IDR'),
(12, 5, 3, 1, 300, 'RMB'),
(13, 1, 6, 3, 500, 'SGD'),
(14, 19, 2, 1, 308, 'SGD'),
(15, 18, 2, 1, 308, 'SGD'),
(16, 7, 1, 1, 300, 'IDR'),
(17, 6, 1, 1, 300, 'IDR'),
(18, 2, 1, 2, 300, 'IDR'),
(19, 20, 5, 1, 500, 'IDR'),
(20, 17, 4, 1, 500, 'IDR'),
(21, 13, 1, 1, 287, 'IDR'),
(22, 18, 10, 1, 700, 'SGD'),
(23, 15, 3, 3, 305, 'RMB'),
(24, 11, 2, 3, 308, 'SGD'),
(25, 16, 2, 1, 308, 'SGD'),
(26, 5, 3, 1, 305, 'RMB'),
(27, 6, 1, 1, 287, 'IDR'),
(28, 1, 2, 2, 308, 'SGD'),
(29, 3, 3, 3, 305, 'RMB'),
(30, 8, 2, 1, 308, 'SGD'),
(31, 14, 3, 1, 302, 'RMB'),
(32, 12, 8, 1, 501, 'SGD'),
(33, 10, 3, 2, 302, 'RMB'),
(34, 19, 2, 1, 305, 'SGD'),
(35, 9, 3, 4, 302, 'RMB'),
(36, 6, 1, 1, 293, 'IDR'),
(37, 16, 8, 2, 501, 'SGD'),
(38, 4, 3, 2, 302, 'RMB'),
(39, 2, 10, 1, 702, 'IDR'),
(40, 18, 10, 1, 697, 'SGD'),
(41, 7, 1, 1, 293, 'IDR'),
(42, 15, 3, 2, 288, 'RMB'),
(43, 6, 1, 1, 299, 'IDR'),
(44, 11, 2, 3, 313, 'SGD'),
(45, 17, 4, 1, 498, 'IDR'),
(46, 20, 1, 1, 299, 'IDR'),
(47, 5, 3, 1, 288, 'RMB'),
(48, 1, 10, 1, 696, 'SGD'),
(49, 6, 1, 1, 299, 'IDR'),
(50, 12, 2, 2, 313, 'SGD'),
(51, 14, 3, 1, 288, 'RMB'),
(52, 13, 1, 1, 302, 'IDR'),
(53, 19, 6, 1, 501, 'SGD'),
(54, 13, 4, 1, 495, 'IDR'),
(55, 20, 1, 1, 302, 'IDR'),
(56, 19, 6, 1, 500, 'SGD'),
(57, 18, 1, 0, 302, 'RMB'),
(58, 18, 10, 1, 705, 'RMB'),
(59, 5, 1, 0, 273, 'IDR'),
(60, 5, 10, 2, 703, 'IDR'),
(61, 3, 7, 2, 505, 'RMB'),
(62, 12, 8, 3, 500, 'SGD'),
(63, 8, 2, 1, 324, 'SGD'),
(64, 14, 7, 1, 505, 'RMB'),
(65, 10, 1, 0, 288, 'IDR'),
(66, 14, 7, 1, 505, 'RMB'),
(67, 10, 9, 1, 494, 'IDR'),
(68, 17, 10, 1, 702, 'IDR'),
(69, 16, 1, 0, 288, 'IDR'),
(70, 16, 10, 1, 702, 'IDR'),
(71, 13, 10, 1, 702, 'IDR'),
(72, 19, 6, 1, 500, 'SGD'),
(73, 9, 9, 3, 505, 'RMB'),
(74, 6, 10, 1, 702, 'IDR'),
(75, 4, 9, 1, 505, 'RMB'),
(76, 18, 2, 1, 295, 'SGD'),
(77, 17, 1, 0, 317, 'RMB'),
(78, 2, 10, 2, 702, 'IDR'),
(79, 17, 10, 2, 705, 'RMB'),
(80, 2, 7, 1, 494, 'IDR'),
(81, 1, 1, 0, 288, 'IDR'),
(82, 15, 9, 2, 505, 'RMB'),
(83, 1, 10, 3, 702, 'IDR'),
(84, 1, 10, 1, 694, 'SGD'),
(85, 20, 10, 2, 702, 'IDR'),
(86, 6, 1, 0, 295, 'SGD'),
(87, 9, 1, 0, 288, 'IDR'),
(88, 6, 10, 2, 696, 'SGD'),
(89, 14, 3, 1, 332, 'RMB'),
(90, 7, 5, 2, 495, 'IDR'),
(91, 12, 8, 2, 501, 'SGD'),
(92, 10, 7, 1, 503, 'RMB'),
(93, 13, 10, 1, 698, 'IDR'),
(94, 11, 10, 1, 695, 'SGD'),
(95, 5, 1, 0, 318, 'IDR'),
(96, 7, 5, 1, 495, 'IDR'),
(97, 7, 7, 1, 495, 'IDR'),
(98, 18, 8, 1, 501, 'SGD'),
(99, 16, 1, 0, 318, 'IDR'),
(100, 10, 7, 1, 503, 'RMB'),
(101, 5, 10, 1, 708, 'RMB'),
(102, 16, 6, 3, 495, 'IDR'),
(103, 6, 5, 2, 495, 'IDR'),
(104, 4, 3, 2, 303, 'RMB'),
(105, 13, 5, 1, 495, 'IDR'),
(106, 11, 10, 1, 694, 'SGD'),
(107, 10, 3, 1, 303, 'RMB'),
(108, 12, 8, 1, 501, 'SGD'),
(109, 14, 3, 1, 303, 'RMB'),
(110, 17, 5, 1, 495, 'IDR'),
(111, 12, 2, 1, 281, 'SGD'),
(112, 19, 8, 1, 501, 'SGD'),
(113, 15, 9, 2, 503, 'RMB'),
(114, 15, 3, 1, 303, 'RMB'),
(115, 18, 8, 1, 501, 'SGD'),
(116, 5, 10, 2, 709, 'RMB'),
(117, 1, 10, 1, 691, 'SGD'),
(118, 3, 10, 2, 709, 'RMB'),
(119, 3, 1, 0, 288, 'SGD'),
(120, 6, 8, 1, 495, 'IDR'),
(121, 1, 1, 0, 284, 'RMB'),
(122, 3, 10, 1, 691, 'SGD'),
(123, 1, 10, 2, 709, 'RMB'),
(124, 12, 2, 1, 288, 'SGD'),
(125, 20, 1, 0, 284, 'RMB'),
(126, 20, 10, 2, 709, 'RMB'),
(127, 7, 5, 2, 495, 'IDR'),
(128, 19, 8, 1, 501, 'SGD'),
(129, 14, 9, 1, 503, 'RMB'),
(130, 2, 6, 2, 495, 'IDR'),
(131, 9, 9, 3, 503, 'RMB'),
(132, 6, 1, 1, 331, 'IDR'),
(133, 18, 2, 1, 281, 'SGD'),
(134, 4, 3, 1, 298, 'RMB'),
(135, 13, 10, 1, 702, 'IDR'),
(136, 20, 10, 1, 702, 'IDR'),
(137, 5, 1, 0, 324, 'IDR'),
(138, 5, 10, 1, 702, 'IDR'),
(139, 3, 1, 0, 324, 'IDR'),
(140, 3, 10, 1, 702, 'IDR'),
(141, 10, 1, 0, 324, 'IDR'),
(142, 10, 9, 1, 494, 'IDR'),
(143, 7, 10, 2, 701, 'IDR'),
(144, 19, 8, 1, 504, 'SGD'),
(145, 4, 9, 1, 505, 'RMB'),
(146, 18, 1, 0, 338, 'IDR'),
(147, 18, 8, 1, 491, 'IDR'),
(148, 14, 10, 1, 709, 'RMB'),
(149, 12, 10, 1, 694, 'SGD'),
(150, 20, 10, 1, 698, 'IDR'),
(151, 17, 1, 1, 338, 'IDR'),
(152, 14, 1, 0, 338, 'IDR'),
(153, 14, 10, 1, 698, 'IDR'),
(154, 1, 10, 2, 694, 'SGD'),
(155, 2, 1, 1, 309, 'IDR'),
(156, 1, 1, 0, 309, 'IDR'),
(157, 1, 10, 2, 698, 'IDR'),
(158, 19, 8, 1, 504, 'SGD'),
(159, 5, 1, 0, 309, 'IDR'),
(160, 5, 10, 1, 698, 'IDR'),
(161, 12, 8, 1, 504, 'SGD'),
(162, 9, 1, 0, 309, 'IDR'),
(163, 12, 10, 1, 694, 'SGD'),
(164, 9, 10, 3, 698, 'IDR'),
(165, 9, 9, 1, 491, 'IDR'),
(166, 8, 10, 0, 697, 'IDR'),
(167, 7, 1, 0, 321, 'RMB'),
(168, 8, 10, 1, 697, 'IDR'),
(169, 17, 1, 1, 280, 'IDR'),
(170, 7, 10, 2, 709, 'RMB'),
(171, 19, 8, 1, 503, 'SGD'),
(172, 7, 4, 2, 506, 'RMB'),
(173, 13, 4, 1, 491, 'IDR'),
(174, 14, 7, 1, 506, 'RMB'),
(175, 6, 1, 0, 321, 'RMB'),
(176, 6, 10, 1, 709, 'RMB'),
(177, 20, 1, 0, 304, 'SGD'),
(178, 20, 5, 2, 503, 'SGD'),
(179, 18, 1, 0, 251, 'IDR'),
(180, 18, 9, 1, 491, 'IDR'),
(181, 11, 1, 0, 251, 'IDR'),
(182, 15, 5, 3, 506, 'RMB'),
(183, 15, 7, 1, 506, 'RMB'),
(184, 11, 9, 2, 491, 'IDR'),
(185, 3, 10, 1, 708, 'RMB'),
(186, 14, 1, 0, 319, 'SGD'),
(187, 1, 1, 0, 336, 'RMB'),
(188, 14, 7, 1, 503, 'SGD'),
(189, 1, 10, 2, 708, 'RMB'),
(190, 6, 4, 2, 491, 'IDR'),
(191, 19, 8, 1, 503, 'SGD'),
(192, 6, 5, 1, 491, 'IDR'),
(193, 5, 1, 0, 251, 'IDR'),
(194, 10, 1, 0, 319, 'SGD'),
(195, 4, 9, 2, 506, 'RMB'),
(196, 5, 9, 1, 491, 'IDR'),
(197, 16, 1, 0, 251, 'IDR'),
(198, 10, 10, 2, 696, 'SGD'),
(199, 16, 5, 2, 490, 'IDR'),
(200, 2, 1, 1, 251, 'IDR'),
(201, 3, 1, 0, 319, 'SGD'),
(202, 2, 5, 1, 490, 'IDR'),
(203, 14, 1, 0, 251, 'IDR'),
(204, 14, 7, 1, 490, 'IDR'),
(205, 3, 10, 2, 696, 'SGD'),
(206, 13, 1, 0, 336, 'RMB'),
(207, 1, 10, 1, 696, 'SGD'),
(208, 17, 5, 1, 490, 'IDR'),
(209, 13, 1, 1, 336, 'RMB'),
(210, 6, 1, 0, 319, 'SGD'),
(211, 6, 10, 2, 696, 'SGD'),
(212, 14, 3, 1, 336, 'RMB'),
(213, 18, 10, 1, 695, 'SGD'),
(214, 17, 5, 1, 489, 'IDR'),
(215, 5, 1, 0, 251, 'IDR'),
(216, 19, 6, 1, 505, 'SGD'),
(217, 5, 9, 1, 489, 'IDR'),
(218, 20, 1, 0, 333, 'SGD'),
(219, 15, 3, 1, 322, 'RMB'),
(220, 16, 1, 0, 251, 'IDR'),
(221, 16, 1, 2, 251, 'IDR'),
(222, 20, 10, 2, 695, 'SGD'),
(223, 13, 1, 1, 251, 'IDR'),
(224, 14, 3, 1, 322, 'RMB'),
(225, 5, 1, 0, 251, 'IDR'),
(226, 12, 6, 2, 505, 'SGD'),
(227, 8, 6, 1, 505, 'SGD'),
(228, 18, 1, 0, 322, 'RMB'),
(229, 2, 5, 1, 489, 'IDR'),
(230, 18, 5, 1, 505, 'RMB'),
(231, 20, 4, 1, 489, 'IDR'),
(232, 11, 9, 1, 505, 'SGD'),
(233, 4, 3, 2, 319, 'RMB'),
(234, 6, 1, 2, 240, 'IDR'),
(235, 18, 10, 1, 693, 'SGD'),
(236, 13, 1, 1, 240, 'IDR'),
(237, 20, 10, 1, 699, 'IDR'),
(238, 15, 3, 1, 319, 'RMB'),
(239, 9, 1, 0, 240, 'IDR'),
(240, 9, 10, 3, 699, 'IDR'),
(241, 7, 10, 3, 699, 'IDR'),
(242, 17, 5, 1, 489, 'IDR'),
(243, 12, 1, 0, 234, 'IDR'),
(244, 7, 1, 0, 313, 'RMB'),
(245, 12, 6, 1, 489, 'IDR'),
(246, 7, 10, 3, 707, 'RMB'),
(247, 1, 1, 0, 234, 'IDR'),
(248, 10, 10, 1, 707, 'RMB'),
(249, 1, 10, 2, 698, 'IDR'),
(250, 4, 3, 2, 313, 'RMB'),
(251, 1, 10, 1, 693, 'SGD'),
(252, 3, 1, 0, 234, 'IDR'),
(253, 1, 1, 0, 313, 'RMB'),
(254, 3, 10, 1, 698, 'IDR'),
(255, 10, 10, 1, 707, 'RMB'),
(256, 19, 6, 1, 505, 'SGD'),
(257, 6, 10, 2, 698, 'IDR'),
(258, 14, 1, 0, 234, 'IDR'),
(259, 3, 10, 1, 707, 'RMB'),
(260, 20, 10, 1, 698, 'IDR'),
(261, 3, 1, 0, 360, 'SGD'),
(262, 14, 1, 0, 248, 'IDR'),
(263, 14, 10, 1, 698, 'IDR'),
(264, 8, 1, 0, 248, 'IDR'),
(265, 3, 10, 1, 693, 'SGD'),
(266, 8, 6, 2, 488, 'IDR'),
(267, 2, 10, 1, 698, 'IDR'),
(268, 18, 10, 2, 693, 'SGD'),
(269, 13, 5, 2, 488, 'IDR'),
(270, 14, 10, 1, 707, 'RMB'),
(271, 12, 1, 0, 248, 'IDR'),
(272, 12, 2, 2, 248, 'IDR'),
(273, 17, 5, 1, 487, 'IDR'),
(274, 5, 1, 0, 248, 'IDR'),
(275, 19, 2, 1, 360, 'SGD'),
(276, 5, 7, 3, 487, 'IDR'),
(277, 2, 8, 1, 487, 'IDR'),
(278, 2, 5, 1, 487, 'IDR'),
(279, 11, 1, 0, 248, 'IDR'),
(280, 1, 1, 0, 284, 'RMB'),
(281, 1, 10, 2, 707, 'RMB'),
(282, 10, 1, 0, 360, 'SGD'),
(283, 11, 2, 4, 234, 'IDR'),
(284, 6, 1, 0, 298, 'RMB'),
(285, 10, 10, 1, 693, 'SGD'),
(286, 6, 10, 2, 707, 'RMB'),
(287, 15, 1, 0, 360, 'SGD'),
(288, 20, 4, 2, 487, 'IDR'),
(289, 16, 1, 0, 234, 'IDR'),
(290, 15, 10, 1, 693, 'SGD'),
(291, 7, 1, 0, 360, 'SGD'),
(292, 16, 4, 1, 487, 'IDR'),
(293, 16, 5, 1, 487, 'IDR'),
(294, 15, 1, 0, 234, 'IDR'),
(295, 4, 3, 1, 298, 'RMB'),
(296, 7, 10, 3, 693, 'SGD'),
(297, 3, 3, 1, 298, 'RMB'),
(298, 17, 5, 1, 487, 'IDR'),
(299, 1, 10, 2, 693, 'SGD'),
(300, 7, 1, 0, 298, 'RMB'),
(301, 5, 1, 0, 234, 'IDR'),
(302, 9, 1, 0, 360, 'SGD'),
(303, 5, 6, 1, 486, 'IDR'),
(304, 7, 5, 3, 510, 'RMB'),
(305, 9, 10, 4, 691, 'SGD'),
(306, 13, 5, 1, 486, 'IDR'),
(307, 14, 1, 0, 360, 'SGD'),
(308, 14, 7, 1, 503, 'SGD'),
(309, 15, 10, 1, 707, 'RMB'),
(310, 20, 4, 1, 486, 'IDR'),
(311, 4, 3, 1, 298, 'RMB'),
(312, 5, 1, 0, 221, 'IDR'),
(313, 5, 9, 1, 486, 'IDR'),
(314, 10, 10, 2, 707, 'RMB'),
(315, 17, 7, 1, 486, 'IDR'),
(316, 20, 5, 1, 485, 'IDR'),
(317, 5, 1, 0, 236, 'IDR'),
(318, 16, 5, 1, 504, 'SGD'),
(319, 16, 1, 1, 360, 'SGD'),
(320, 14, 7, 1, 510, 'RMB'),
(321, 5, 6, 1, 485, 'IDR'),
(322, 6, 1, 0, 360, 'SGD'),
(323, 5, 4, 2, 485, 'IDR'),
(324, 10, 9, 1, 510, 'RMB'),
(325, 6, 7, 2, 504, 'SGD'),
(326, 6, 4, 1, 504, 'SGD'),
(327, 2, 5, 2, 485, 'IDR'),
(328, 12, 1, 0, 236, 'IDR'),
(329, 12, 4, 1, 485, 'IDR'),
(330, 7, 1, 0, 269, 'RMB'),
(331, 18, 2, 2, 331, 'SGD'),
(332, 7, 5, 3, 511, 'RMB'),
(333, 19, 2, 1, 331, 'SGD'),
(334, 11, 4, 2, 504, 'SGD'),
(335, 18, 2, 1, 331, 'SGD'),
(336, 20, 10, 2, 700, 'IDR'),
(337, 17, 5, 1, 484, 'IDR'),
(338, 6, 10, 2, 700, 'IDR'),
(339, 8, 8, 1, 504, 'SGD'),
(340, 8, 9, 1, 504, 'SGD'),
(341, 13, 10, 1, 700, 'IDR'),
(342, 6, 10, 1, 699, 'IDR'),
(343, 1, 10, 1, 691, 'SGD'),
(344, 3, 10, 1, 707, 'RMB'),
(345, 9, 10, 4, 707, 'RMB'),
(346, 7, 5, 2, 484, 'IDR'),
(347, 1, 10, 2, 691, 'SGD'),
(348, 12, 2, 1, 304, 'SGD'),
(349, 16, 10, 1, 691, 'SGD'),
(350, 5, 3, 1, 298, 'RMB'),
(351, 13, 10, 1, 700, 'IDR'),
(352, 17, 5, 1, 481, 'IDR'),
(353, 14, 7, 1, 512, 'RMB'),
(354, 19, 2, 1, 304, 'SGD'),
(355, 14, 7, 1, 512, 'RMB'),
(356, 7, 10, 2, 700, 'IDR'),
(357, 5, 3, 1, 298, 'RMB'),
(358, 1, 10, 3, 691, 'SGD'),
(359, 13, 10, 1, 700, 'IDR'),
(360, 15, 3, 1, 298, 'RMB'),
(361, 2, 10, 3, 700, 'IDR'),
(362, 6, 1, 1, 278, 'IDR'),
(363, 20, 10, 1, 700, 'IDR'),
(364, 17, 5, 1, 481, 'IDR'),
(365, 6, 10, 1, 700, 'IDR'),
(366, 13, 5, 1, 481, 'IDR'),
(367, 12, 10, 3, 691, 'SGD'),
(368, 10, 10, 1, 707, 'RMB'),
(369, 20, 5, 1, 481, 'IDR'),
(370, 17, 5, 1, 479, 'IDR'),
(371, 11, 2, 3, 316, 'SGD'),
(372, 3, 3, 1, 302, 'RMB'),
(373, 7, 4, 2, 479, 'IDR'),
(374, 18, 8, 1, 507, 'SGD'),
(375, 9, 3, 4, 302, 'RMB'),
(376, 16, 2, 1, 316, 'SGD'),
(377, 2, 1, 1, 249, 'IDR'),
(378, 2, 4, 1, 479, 'IDR'),
(379, 5, 3, 1, 302, 'RMB'),
(380, 19, 2, 2, 316, 'SGD'),
(381, 17, 4, 1, 479, 'IDR'),
(382, 14, 9, 1, 512, 'RMB'),
(383, 1, 10, 2, 691, 'SGD'),
(384, 15, 3, 1, 298, 'RMB'),
(385, 8, 2, 1, 312, 'SGD'),
(386, 11, 2, 2, 312, 'SGD'),
(387, 20, 6, 1, 479, 'IDR'),
(388, 17, 1, 1, 257, 'IDR'),
(389, 6, 1, 2, 262, 'IDR'),
(390, 5, 3, 1, 303, 'RMB'),
(391, 18, 6, 2, 508, 'SGD'),
(392, 10, 9, 1, 512, 'RMB'),
(393, 1, 10, 1, 688, 'SGD'),
(394, 12, 10, 2, 688, 'SGD'),
(395, 20, 7, 1, 478, 'IDR'),
(396, 17, 1, 1, 262, 'IDR'),
(397, 9, 3, 3, 303, 'RMB'),
(398, 16, 2, 2, 301, 'SGD'),
(399, 5, 3, 1, 303, 'RMB'),
(400, 18, 6, 1, 508, 'SGD'),
(401, 15, 3, 1, 297, 'RMB'),
(402, 6, 1, 2, 263, 'IDR'),
(403, 5, 1, 0, 249, 'IDR'),
(404, 5, 10, 3, 701, 'IDR'),
(405, 13, 4, 1, 478, 'IDR'),
(406, 13, 5, 1, 478, 'IDR'),
(407, 6, 10, 1, 701, 'IDR'),
(408, 7, 10, 1, 701, 'IDR'),
(409, 8, 1, 0, 249, 'IDR'),
(410, 8, 10, 2, 700, 'IDR'),
(411, 17, 5, 1, 475, 'IDR'),
(412, 20, 10, 1, 700, 'IDR'),
(413, 11, 2, 3, 320, 'SGD'),
(414, 14, 1, 0, 249, 'IDR'),
(415, 14, 10, 1, 700, 'IDR'),
(416, 3, 1, 0, 249, 'IDR'),
(417, 3, 10, 2, 700, 'IDR'),
(418, 14, 1, 0, 249, 'IDR'),
(419, 14, 10, 1, 700, 'IDR'),
(420, 15, 1, 0, 320, 'SGD'),
(421, 6, 10, 1, 700, 'IDR'),
(422, 2, 10, 2, 700, 'IDR'),
(423, 15, 2, 1, 320, 'SGD'),
(424, 12, 1, 0, 249, 'IDR'),
(425, 1, 1, 0, 297, 'RMB'),
(426, 19, 2, 1, 320, 'SGD'),
(427, 1, 10, 1, 710, 'RMB'),
(428, 12, 6, 3, 472, 'IDR'),
(429, 14, 10, 1, 711, 'RMB'),
(430, 17, 1, 1, 262, 'IDR'),
(431, 10, 9, 1, 515, 'RMB'),
(432, 1, 10, 1, 688, 'SGD'),
(433, 20, 4, 1, 472, 'IDR'),
(434, 20, 5, 1, 472, 'IDR'),
(435, 7, 8, 1, 472, 'IDR'),
(436, 1, 1, 0, 262, 'IDR'),
(437, 1, 8, 1, 472, 'IDR'),
(438, 1, 5, 1, 472, 'IDR'),
(439, 5, 1, 0, 262, 'IDR'),
(440, 6, 1, 0, 310, 'RMB'),
(441, 6, 10, 1, 711, 'RMB'),
(442, 6, 1, 0, 293, 'SGD'),
(443, 5, 9, 1, 472, 'IDR'),
(444, 3, 10, 2, 711, 'RMB'),
(445, 6, 10, 1, 688, 'SGD'),
(446, 20, 5, 1, 470, 'IDR'),
(447, 9, 1, 0, 233, 'IDR'),
(448, 19, 2, 1, 308, 'SGD'),
(449, 9, 9, 3, 470, 'IDR'),
(450, 4, 3, 1, 325, 'RMB'),
(451, 7, 8, 1, 470, 'IDR'),
(452, 14, 7, 1, 516, 'RMB'),
(453, 2, 8, 1, 470, 'IDR'),
(454, 2, 5, 1, 470, 'IDR'),
(455, 18, 1, 0, 233, 'IDR'),
(456, 18, 8, 2, 469, 'IDR'),
(457, 15, 1, 0, 247, 'IDR'),
(458, 13, 4, 1, 469, 'IDR'),
(459, 6, 6, 1, 469, 'IDR'),
(460, 20, 6, 1, 469, 'IDR'),
(461, 16, 1, 0, 247, 'IDR'),
(462, 11, 6, 2, 513, 'SGD'),
(463, 16, 6, 2, 469, 'IDR'),
(464, 16, 4, 1, 469, 'IDR'),
(465, 17, 1, 2, 247, 'IDR'),
(466, 19, 2, 1, 315, 'SGD'),
(467, 12, 1, 0, 218, 'IDR'),
(468, 14, 1, 0, 315, 'SGD'),
(469, 4, 3, 1, 332, 'RMB'),
(470, 14, 7, 2, 514, 'SGD'),
(471, 12, 4, 1, 467, 'IDR'),
(472, 6, 1, 0, 332, 'RMB'),
(473, 10, 1, 0, 315, 'SGD'),
(474, 11, 1, 0, 218, 'IDR'),
(475, 6, 7, 1, 517, 'RMB'),
(476, 6, 4, 2, 517, 'RMB'),
(477, 10, 9, 1, 514, 'SGD'),
(478, 12, 1, 0, 332, 'RMB'),
(479, 12, 4, 1, 517, 'RMB'),
(480, 16, 8, 1, 514, 'SGD'),
(481, 1, 1, 0, 332, 'RMB'),
(482, 13, 1, 1, 218, 'IDR'),
(483, 1, 6, 3, 517, 'RMB'),
(484, 2, 1, 0, 315, 'SGD'),
(485, 2, 5, 1, 514, 'SGD'),
(486, 9, 1, 0, 315, 'SGD'),
(487, 17, 5, 1, 468, 'IDR'),
(488, 13, 10, 3, 699, 'IDR'),
(489, 7, 10, 3, 699, 'IDR'),
(490, 9, 10, 3, 685, 'SGD'),
(491, 15, 3, 1, 332, 'RMB'),
(492, 6, 10, 3, 699, 'IDR'),
(493, 20, 10, 2, 699, 'IDR'),
(494, 16, 1, 0, 218, 'IDR'),
(495, 16, 10, 2, 699, 'IDR'),
(496, 8, 10, 1, 685, 'SGD'),
(497, 5, 1, 0, 315, 'SGD'),
(498, 14, 1, 0, 233, 'IDR'),
(499, 5, 10, 1, 685, 'SGD'),
(500, 14, 10, 1, 697, 'IDR'),
(501, 8, 1, 0, 233, 'IDR'),
(502, 8, 2, 1, 233, 'IDR'),
(503, 10, 1, 0, 330, 'SGD'),
(504, 1, 1, 0, 303, 'RMB'),
(505, 1, 10, 1, 715, 'RMB'),
(506, 1, 1, 0, 233, 'IDR'),
(507, 10, 10, 1, 685, 'SGD'),
(508, 1, 10, 1, 697, 'IDR'),
(509, 15, 7, 2, 519, 'RMB'),
(510, 17, 1, 0, 345, 'SGD'),
(511, 9, 1, 0, 210, 'IDR'),
(512, 17, 5, 1, 516, 'SGD'),
(513, 12, 4, 2, 516, 'SGD'),
(514, 8, 1, 0, 318, 'RMB'),
(515, 12, 10, 1, 685, 'SGD'),
(516, 9, 10, 3, 697, 'IDR'),
(517, 8, 2, 1, 318, 'RMB'),
(518, 3, 1, 0, 345, 'SGD'),
(519, 18, 1, 0, 210, 'IDR'),
(520, 18, 2, 1, 210, 'IDR'),
(521, 3, 10, 2, 685, 'SGD'),
(522, 14, 1, 0, 345, 'SGD'),
(523, 14, 10, 2, 685, 'SGD'),
(524, 13, 1, 0, 359, 'SGD'),
(525, 13, 4, 1, 516, 'SGD'),
(526, 7, 1, 0, 359, 'SGD'),
(527, 3, 10, 2, 715, 'RMB'),
(528, 20, 1, 0, 311, 'RMB'),
(529, 18, 6, 0, 465, 'IDR'),
(530, 18, 6, 1, 465, 'IDR'),
(531, 20, 10, 2, 715, 'RMB'),
(532, 7, 10, 4, 685, 'SGD'),
(533, 6, 1, 0, 311, 'RMB'),
(534, 1, 10, 2, 684, 'SGD'),
(535, 5, 1, 0, 359, 'SGD'),
(536, 6, 10, 2, 715, 'RMB'),
(537, 5, 10, 3, 684, 'SGD'),
(538, 10, 10, 2, 715, 'RMB'),
(539, 15, 1, 0, 359, 'SGD'),
(540, 1, 1, 0, 311, 'RMB'),
(541, 15, 7, 1, 515, 'SGD'),
(542, 11, 6, 2, 515, 'SGD'),
(543, 1, 10, 4, 715, 'RMB'),
(544, 16, 4, 1, 515, 'SGD'),
(545, 14, 7, 1, 520, 'RMB'),
(546, 20, 1, 0, 311, 'RMB'),
(547, 16, 8, 2, 515, 'SGD'),
(548, 17, 1, 0, 359, 'SGD'),
(549, 20, 5, 1, 520, 'RMB'),
(550, 17, 5, 1, 515, 'SGD'),
(551, 20, 10, 1, 713, 'RMB'),
(552, 12, 1, 1, 359, 'SGD'),
(553, 15, 1, 0, 359, 'SGD'),
(554, 15, 3, 1, 359, 'SGD'),
(555, 9, 10, 3, 713, 'RMB'),
(556, 5, 1, 0, 359, 'SGD'),
(557, 5, 9, 1, 515, 'SGD'),
(558, 7, 1, 0, 311, 'RMB'),
(559, 6, 1, 0, 359, 'SGD'),
(560, 6, 4, 2, 515, 'SGD'),
(561, 7, 4, 2, 520, 'RMB'),
(562, 6, 6, 1, 514, 'SGD'),
(563, 6, 5, 1, 514, 'SGD'),
(564, 13, 1, 0, 330, 'SGD'),
(565, 10, 10, 2, 712, 'RMB'),
(566, 8, 1, 0, 325, 'RMB'),
(567, 8, 9, 1, 520, 'RMB'),
(568, 13, 4, 2, 514, 'SGD'),
(569, 12, 4, 2, 514, 'SGD'),
(570, 14, 1, 0, 330, 'SGD'),
(571, 14, 7, 2, 514, 'SGD'),
(572, 9, 3, 1, 325, 'RMB'),
(573, 17, 1, 0, 325, 'RMB'),
(574, 17, 1, 1, 325, 'RMB'),
(575, 11, 2, 1, 330, 'SGD'),
(576, 13, 1, 0, 330, 'SGD'),
(577, 6, 1, 0, 311, 'RMB'),
(578, 13, 4, 1, 512, 'SGD'),
(579, 6, 7, 1, 521, 'RMB'),
(580, 6, 4, 1, 521, 'RMB'),
(581, 6, 6, 1, 521, 'RMB'),
(582, 18, 1, 0, 238, 'IDR'),
(583, 7, 1, 0, 311, 'RMB'),
(584, 18, 2, 1, 238, 'IDR'),
(585, 7, 10, 2, 709, 'RMB'),
(586, 2, 1, 0, 311, 'RMB'),
(587, 1, 10, 2, 686, 'SGD'),
(588, 20, 1, 0, 330, 'SGD'),
(589, 2, 10, 4, 709, 'RMB'),
(590, 20, 5, 2, 512, 'SGD'),
(591, 15, 1, 0, 345, 'SGD'),
(592, 1, 1, 0, 326, 'RMB'),
(593, 1, 10, 2, 709, 'RMB'),
(594, 15, 9, 2, 512, 'SGD'),
(595, 2, 1, 0, 345, 'SGD'),
(596, 2, 10, 4, 686, 'SGD'),
(597, 8, 8, 2, 511, 'SGD'),
(598, 13, 1, 0, 345, 'SGD'),
(599, 13, 1, 3, 345, 'SGD'),
(600, 13, 4, 1, 508, 'SGD'),
(601, 6, 1, 0, 317, 'SGD'),
(602, 6, 10, 3, 685, 'SGD'),
(603, 10, 1, 0, 317, 'SGD'),
(604, 10, 10, 2, 685, 'SGD'),
(605, 5, 1, 0, 317, 'SGD'),
(606, 5, 10, 2, 685, 'SGD'),
(607, 12, 10, 4, 684, 'SGD'),
(608, 20, 10, 1, 704, 'IDR'),
(609, 7, 1, 0, 317, 'SGD'),
(610, 3, 5, 2, 525, 'RMB'),
(611, 7, 10, 3, 684, 'SGD'),
(612, 18, 2, 1, 317, 'SGD'),
(613, 5, 1, 0, 317, 'SGD'),
(614, 5, 10, 2, 684, 'SGD'),
(615, 14, 1, 0, 317, 'SGD'),
(616, 20, 1, 0, 340, 'RMB'),
(617, 20, 10, 1, 710, 'RMB'),
(618, 14, 10, 3, 684, 'SGD'),
(619, 9, 10, 4, 712, 'RMB'),
(620, 6, 1, 0, 355, 'RMB'),
(621, 16, 1, 3, 288, 'SGD'),
(622, 3, 1, 0, 288, 'SGD'),
(623, 6, 10, 3, 712, 'RMB'),
(624, 3, 5, 1, 506, 'SGD'),
(625, 10, 10, 2, 712, 'RMB'),
(626, 11, 9, 3, 506, 'SGD'),
(627, 17, 1, 0, 288, 'SGD'),
(628, 14, 10, 2, 712, 'RMB'),
(629, 1, 1, 0, 355, 'RMB'),
(630, 17, 7, 1, 506, 'SGD'),
(631, 1, 10, 2, 712, 'RMB'),
(632, 17, 4, 2, 506, 'SGD'),
(633, 3, 5, 1, 522, 'RMB'),
(634, 17, 9, 1, 505, 'SGD'),
(635, 16, 1, 0, 360, 'RMB'),
(636, 13, 1, 0, 260, 'SGD'),
(637, 16, 1, 1, 360, 'RMB'),
(638, 2, 10, 3, 707, 'RMB'),
(639, 8, 1, 0, 360, 'RMB'),
(640, 13, 1, 4, 260, 'SGD'),
(641, 8, 8, 2, 522, 'RMB'),
(642, 11, 9, 3, 505, 'SGD'),
(643, 20, 1, 0, 260, 'SGD'),
(644, 15, 9, 1, 522, 'RMB'),
(645, 6, 10, 3, 708, 'IDR'),
(646, 20, 4, 1, 505, 'SGD'),
(647, 1, 1, 0, 360, 'RMB'),
(648, 20, 5, 1, 505, 'SGD'),
(649, 1, 7, 1, 522, 'RMB'),
(650, 17, 1, 0, 260, 'SGD'),
(651, 1, 6, 1, 522, 'RMB'),
(652, 17, 5, 1, 504, 'SGD'),
(653, 12, 1, 0, 360, 'RMB'),
(654, 12, 4, 2, 522, 'RMB'),
(655, 5, 5, 2, 522, 'RMB'),
(656, 18, 1, 0, 266, 'IDR'),
(657, 13, 1, 0, 360, 'RMB'),
(658, 13, 1, 1, 360, 'RMB'),
(659, 14, 8, 1, 522, 'RMB'),
(660, 18, 10, 2, 708, 'IDR'),
(661, 14, 9, 1, 522, 'RMB'),
(662, 5, 8, 1, 522, 'RMB'),
(663, 9, 7, 3, 522, 'RMB'),
(664, 7, 10, 3, 708, 'IDR'),
(665, 5, 8, 1, 522, 'RMB'),
(666, 15, 3, 1, 331, 'RMB'),
(667, 16, 2, 1, 256, 'SGD'),
(668, 6, 10, 2, 707, 'IDR'),
(669, 10, 1, 0, 256, 'SGD'),
(670, 2, 1, 0, 331, 'RMB'),
(671, 10, 10, 3, 682, 'SGD'),
(672, 2, 10, 4, 707, 'RMB'),
(673, 20, 1, 0, 256, 'SGD'),
(674, 1, 1, 0, 281, 'IDR'),
(675, 20, 10, 1, 682, 'SGD'),
(676, 1, 10, 1, 708, 'IDR'),
(677, 1, 10, 2, 682, 'SGD'),
(678, 1, 1, 0, 324, 'RMB'),
(679, 1, 10, 1, 707, 'RMB'),
(680, 8, 8, 2, 506, 'SGD'),
(681, 20, 1, 0, 249, 'SGD'),
(682, 20, 10, 1, 682, 'SGD'),
(683, 2, 1, 0, 249, 'SGD'),
(684, 2, 10, 4, 679, 'SGD'),
(685, 13, 1, 0, 249, 'SGD'),
(686, 17, 1, 0, 324, 'RMB'),
(687, 17, 5, 2, 519, 'RMB'),
(688, 17, 10, 1, 709, 'RMB'),
(689, 13, 1, 4, 249, 'SGD'),
(690, 6, 10, 4, 710, 'IDR'),
(691, 9, 1, 0, 249, 'SGD'),
(692, 9, 10, 4, 679, 'SGD'),
(693, 14, 1, 0, 222, 'SGD'),
(694, 14, 10, 2, 677, 'SGD'),
(695, 5, 1, 0, 222, 'SGD'),
(696, 20, 10, 1, 710, 'IDR'),
(697, 5, 10, 4, 677, 'SGD'),
(698, 18, 10, 2, 677, 'SGD'),
(699, 14, 10, 2, 711, 'RMB'),
(700, 7, 1, 0, 222, 'SGD'),
(701, 20, 10, 1, 710, 'IDR'),
(702, 7, 10, 2, 677, 'SGD'),
(703, 12, 5, 2, 504, 'SGD'),
(704, 3, 1, 0, 222, 'SGD'),
(705, 7, 10, 2, 712, 'IDR'),
(706, 3, 5, 3, 501, 'SGD'),
(707, 12, 1, 0, 309, 'IDR'),
(708, 15, 1, 0, 222, 'SGD'),
(709, 12, 10, 2, 712, 'IDR'),
(710, 2, 10, 1, 712, 'IDR'),
(711, 15, 8, 3, 501, 'SGD'),
(712, 1, 1, 0, 309, 'IDR'),
(713, 11, 8, 3, 501, 'SGD'),
(714, 1, 10, 3, 712, 'IDR'),
(715, 13, 1, 0, 222, 'SGD'),
(716, 17, 5, 1, 478, 'IDR'),
(717, 13, 4, 2, 501, 'SGD'),
(718, 17, 7, 1, 478, 'IDR'),
(719, 13, 1, 0, 338, 'RMB'),
(720, 13, 4, 1, 517, 'RMB'),
(721, 8, 9, 3, 501, 'SGD'),
(722, 6, 10, 3, 712, 'IDR'),
(723, 10, 1, 0, 222, 'SGD'),
(724, 14, 1, 0, 309, 'IDR'),
(725, 14, 10, 2, 709, 'IDR'),
(726, 10, 9, 3, 496, 'SGD'),
(727, 9, 1, 0, 222, 'SGD'),
(728, 5, 1, 0, 309, 'IDR'),
(729, 9, 5, 3, 496, 'SGD'),
(730, 5, 10, 3, 709, 'IDR'),
(731, 11, 8, 3, 496, 'SGD'),
(732, 2, 10, 2, 709, 'IDR'),
(733, 20, 1, 0, 222, 'SGD'),
(734, 20, 5, 2, 496, 'SGD'),
(735, 6, 4, 1, 480, 'IDR'),
(736, 17, 3, 1, 309, 'IDR'),
(737, 10, 1, 0, 237, 'SGD'),
(738, 12, 1, 0, 280, 'IDR'),
(739, 10, 8, 2, 493, 'SGD'),
(740, 12, 7, 1, 482, 'IDR'),
(741, 12, 6, 1, 482, 'IDR'),
(742, 18, 2, 1, 237, 'SGD'),
(743, 3, 1, 0, 280, 'IDR'),
(744, 12, 1, 0, 353, 'RMB'),
(745, 12, 10, 1, 715, 'RMB'),
(746, 3, 5, 3, 482, 'IDR'),
(747, 14, 1, 1, 353, 'RMB'),
(748, 1, 1, 0, 280, 'IDR'),
(749, 14, 5, 1, 522, 'RMB'),
(750, 1, 7, 1, 482, 'IDR'),
(751, 13, 1, 1, 280, 'IDR'),
(752, 8, 1, 0, 353, 'RMB'),
(753, 2, 8, 1, 482, 'IDR'),
(754, 8, 9, 1, 522, 'RMB'),
(755, 2, 5, 1, 482, 'IDR'),
(756, 9, 3, 1, 353, 'RMB'),
(757, 6, 5, 1, 482, 'IDR'),
(758, 6, 6, 1, 482, 'IDR'),
(759, 15, 1, 0, 237, 'SGD'),
(760, 15, 9, 1, 493, 'SGD'),
(761, 5, 1, 0, 237, 'SGD'),
(762, 7, 1, 2, 280, 'IDR'),
(763, 5, 2, 1, 237, 'SGD'),
(764, 6, 1, 1, 276, 'IDR'),
(765, 16, 6, 3, 494, 'SGD'),
(766, 17, 3, 1, 276, 'IDR');

-- --------------------------------------------------------

--
-- Table structure for table `saham`
--

CREATE TABLE `saham` (
  `idsaham` int(11) NOT NULL,
  `nama` varchar(100) NOT NULL
) ENGINE=InnoDB DEFAULT CHARSET=latin1;

--
-- Dumping data for table `saham`
--

INSERT INTO `saham` (`idsaham`, `nama`) VALUES
(1, 'Sampoerna'),
(2, 'Freeport'),
(3, 'Ciputra');

-- --------------------------------------------------------

--
-- Table structure for table `setting`
--

CREATE TABLE `setting` (
  `idsetting` int(11) NOT NULL,
  `namasetting` varchar(100) NOT NULL,
  `harga1` int(11) NOT NULL,
  `harga2` int(11) NOT NULL,
  `harga3` int(11) NOT NULL
) ENGINE=InnoDB DEFAULT CHARSET=latin1;

--
-- Dumping data for table `setting`
--

INSERT INTO `setting` (`idsetting`, `namasetting`, `harga1`, `harga2`, `harga3`) VALUES
(1, 'exportimport', 80, 80, 80),
(2, 'bungapinjam', 10, 0, 0),
(3, 'bungatabung', 8, 0, 0);

-- --------------------------------------------------------

--
-- Table structure for table `tcurrency`
--

CREATE TABLE `tcurrency` (
  `idtcurrency` int(11) NOT NULL,
  `iduser` int(11) NOT NULL,
  `currency1` varchar(100) NOT NULL,
  `currency2` varchar(100) NOT NULL,
  `nominal` int(11) NOT NULL
) ENGINE=InnoDB DEFAULT CHARSET=latin1;

--
-- Dumping data for table `tcurrency`
--

INSERT INTO `tcurrency` (`idtcurrency`, `iduser`, `currency1`, `currency2`, `nominal`) VALUES
(1, 8, 'SGD', 'RMB', 100),
(2, 16, 'SGD', 'IDR', 500),
(3, 8, 'SGD', 'RMB', 50),
(4, 7, 'RMB', 'SGD', 400),
(5, 5, 'RMB', 'SGD', 200),
(6, 8, 'SGD', 'IDR', 25),
(7, 10, 'IDR', 'RMB', 500),
(8, 8, 'IDR', 'SGD', 18),
(9, 8, 'RMB', 'SGD', 137),
(10, 12, 'SGD', 'RMB', 400),
(11, 2, 'IDR', 'RMB', 200),
(12, 2, 'IDR', 'SGD', 200),
(13, 10, 'RMB', 'SGD', 300),
(14, 1, 'SGD', 'RMB', 500),
(15, 8, 'SGD', 'IDR', 79),
(16, 8, 'SGD', 'RMB', 50),
(17, 6, 'IDR', 'RMB', 200),
(18, 16, 'IDR', 'RMB', 400),
(19, 2, 'IDR', 'RMB', 300),
(20, 11, 'SGD', 'IDR', 936),
(21, 8, 'RMB', 'SGD', 36),
(22, 4, 'RMB', 'IDR', 200),
(23, 5, 'RMB', 'IDR', 50),
(24, 9, 'RMB', 'SGD', 435),
(25, 18, 'SGD', 'RMB', 320),
(26, 8, 'SGD', 'IDR', 40),
(27, 10, 'RMB', 'SGD', 100),
(28, 6, 'RMB', 'SGD', 200),
(29, 12, 'SGD', 'RMB', 200),
(30, 18, 'RMB', 'IDR', 312),
(31, 5, 'RMB', 'SGD', 150),
(32, 18, 'RMB', 'IDR', 5),
(33, 11, 'SGD', 'RMB', 325),
(34, 5, 'RMB', 'SGD', 500),
(35, 6, 'SGD', 'RMB', 300),
(36, 1, 'SGD', 'IDR', 200),
(37, 9, 'RMB', 'SGD', 160),
(38, 17, 'RMB', 'SGD', 279),
(39, 17, 'RMB', 'SGD', 50),
(40, 17, 'RMB', 'IDR', 600),
(41, 8, 'RMB', 'SGD', 1),
(42, 10, 'RMB', 'SGD', 300),
(43, 4, 'RMB', 'SGD', 255),
(44, 12, 'SGD', 'RMB', 120),
(45, 18, 'SGD', 'IDR', 115),
(46, 8, 'SGD', 'IDR', 250),
(47, 8, 'SGD', 'RMB', 105),
(48, 11, 'SGD', 'RMB', 650),
(49, 6, 'SGD', 'RMB', 100),
(50, 5, 'SGD', 'RMB', 200),
(51, 18, 'SGD', 'RMB', 200),
(52, 5, 'IDR', 'SGD', 1500),
(53, 5, 'SGD', 'RMB', 1000),
(54, 7, 'IDR', 'SGD', 1000),
(55, 19, 'SGD', 'RMB', 300),
(56, 17, 'IDR', 'SGD', 100),
(57, 16, 'IDR', 'SGD', 900),
(58, 4, 'IDR', 'SGD', 56),
(59, 16, 'IDR', 'SGD', 200),
(60, 8, 'SGD', 'IDR', 75),
(61, 12, 'SGD', 'IDR', 200),
(62, 12, 'SGD', 'RMB', 200),
(63, 5, 'IDR', 'SGD', 500),
(64, 9, 'IDR', 'SGD', 1000),
(65, 17, 'IDR', 'RMB', 100),
(66, 8, 'IDR', 'SGD', 200),
(67, 10, 'IDR', 'SGD', 80),
(68, 11, 'IDR', 'SGD', 1062),
(69, 5, 'IDR', 'SGD', 716),
(70, 6, 'IDR', 'SGD', 100),
(71, 10, 'SGD', 'RMB', 700),
(72, 10, 'SGD', 'RMB', 300),
(73, 5, 'SGD', 'IDR', 400),
(74, 6, 'SGD', 'RMB', 300),
(75, 2, 'IDR', 'SGD', 380),
(76, 16, 'IDR', 'RMB', 200),
(77, 5, 'IDR', 'SGD', 400),
(78, 2, 'IDR', 'RMB', 190),
(79, 5, 'SGD', 'RMB', 1200),
(80, 12, 'RMB', 'IDR', 200),
(81, 18, 'SGD', 'RMB', 600),
(82, 12, 'IDR', 'RMB', 500),
(83, 17, 'IDR', 'RMB', 150),
(84, 9, 'IDR', 'RMB', 1500),
(85, 8, 'IDR', 'RMB', 100),
(86, 8, 'RMB', 'SGD', 184),
(87, 18, 'RMB', 'SGD', 550),
(88, 5, 'SGD', 'IDR', 400),
(89, 8, 'IDR', 'SGD', 300),
(90, 6, 'IDR', 'RMB', 50),
(91, 10, 'RMB', 'IDR', 200),
(92, 8, 'IDR', 'RMB', 300),
(93, 17, 'IDR', 'RMB', 200),
(94, 8, 'IDR', 'SGD', 150),
(95, 15, 'RMB', 'SGD', 200),
(96, 8, 'IDR', 'SGD', 100),
(97, 2, 'IDR', 'SGD', 470),
(98, 11, 'IDR', 'SGD', 800),
(99, 5, 'IDR', 'SGD', 1500),
(100, 2, 'IDR', 'RMB', 47),
(101, 12, 'RMB', 'IDR', 100),
(102, 15, 'RMB', 'IDR', 500),
(103, 4, 'SGD', 'RMB', 57),
(104, 10, 'RMB', 'IDR', 500),
(105, 5, 'IDR', 'SGD', 1500),
(106, 5, 'SGD', 'RMB', 2000),
(107, 2, 'IDR', 'SGD', 900),
(108, 19, 'SGD', 'IDR', 550),
(109, 12, 'IDR', 'SGD', 200),
(110, 4, 'IDR', 'SGD', 95),
(111, 12, 'IDR', 'SGD', 300),
(112, 1, 'SGD', 'IDR', 500),
(113, 1, 'SGD', 'IDR', 700),
(114, 8, 'IDR', 'SGD', 300),
(115, 5, 'IDR', 'SGD', 1800),
(116, 5, 'SGD', 'RMB', 1500),
(117, 12, 'SGD', 'RMB', 200),
(118, 12, 'SGD', 'RMB', 200),
(119, 10, 'SGD', 'RMB', 100),
(120, 18, 'SGD', 'RMB', 300),
(121, 19, 'RMB', 'SGD', 253),
(122, 4, 'SGD', 'RMB', 401),
(123, 10, 'RMB', 'SGD', 200),
(124, 2, 'SGD', 'RMB', 500),
(125, 1, 'SGD', 'IDR', 400),
(126, 5, 'IDR', 'SGD', 2000),
(127, 5, 'SGD', 'RMB', 1500),
(128, 12, 'IDR', 'RMB', 500),
(129, 8, 'IDR', 'SGD', 1500),
(130, 10, 'SGD', 'IDR', 400),
(131, 16, 'SGD', 'RMB', 412),
(132, 19, 'IDR', 'SGD', 326),
(133, 10, 'IDR', 'RMB', 200),
(134, 16, 'IDR', 'RMB', 200),
(135, 8, 'IDR', 'RMB', 200),
(136, 12, 'SGD', 'RMB', 1500),
(137, 8, 'IDR', 'RMB', 400),
(138, 12, 'RMB', 'IDR', 1000),
(139, 18, 'SGD', 'RMB', 1000),
(140, 8, 'IDR', 'RMB', 403),
(141, 18, 'RMB', 'IDR', 1000),
(142, 5, 'SGD', 'RMB', 1500),
(143, 5, 'RMB', 'IDR', 1500),
(144, 2, 'IDR', 'RMB', 900),
(145, 1, 'RMB', 'IDR', 400),
(146, 10, 'RMB', 'IDR', 200),
(147, 10, 'RMB', 'SGD', 300),
(148, 12, 'SGD', 'RMB', 500),
(149, 11, 'SGD', 'RMB', 900),
(150, 2, 'RMB', 'SGD', 440),
(151, 12, 'SGD', 'RMB', 700),
(152, 8, 'SGD', 'RMB', 500),
(153, 5, 'SGD', 'RMB', 1500),
(154, 8, 'SGD', 'RMB', 1000),
(155, 17, 'SGD', 'RMB', 3696),
(156, 8, 'SGD', 'RMB', 243),
(157, 11, 'SGD', 'RMB', 1700),
(158, 19, 'RMB', 'SGD', 347);

-- --------------------------------------------------------

--
-- Table structure for table `timer`
--

CREATE TABLE `timer` (
  `id` int(11) NOT NULL,
  `time` int(11) NOT NULL
) ENGINE=InnoDB DEFAULT CHARSET=latin1;

--
-- Dumping data for table `timer`
--

INSERT INTO `timer` (`id`, `time`) VALUES
(1, 1509102340);

-- --------------------------------------------------------

--
-- Table structure for table `tpinjaman`
--

CREATE TABLE `tpinjaman` (
  `idtpinjaman` int(11) NOT NULL,
  `iduser` int(11) NOT NULL,
  `nominal` int(11) NOT NULL,
  `currency` varchar(100) NOT NULL
) ENGINE=InnoDB DEFAULT CHARSET=latin1;

--
-- Dumping data for table `tpinjaman`
--

INSERT INTO `tpinjaman` (`idtpinjaman`, `iduser`, `nominal`, `currency`) VALUES
(1, 20, 100, 'IDR'),
(2, 20, 1000, 'IDR'),
(3, 2, 150, 'IDR'),
(4, 2, 1500, 'IDR'),
(5, 20, 25, 'SGD'),
(6, 20, 250, 'SGD'),
(7, 20, 25, 'RMB'),
(8, 20, 250, 'RMB'),
(9, 9, 100, 'RMB'),
(10, 9, 1000, 'RMB'),
(11, 14, 50, 'RMB'),
(12, 14, 500, 'RMB'),
(13, 7, 70, 'IDR'),
(14, 7, 700, 'IDR'),
(15, 7, 40, 'SGD'),
(16, 7, 400, 'SGD'),
(17, 7, 40, 'RMB'),
(18, 7, 400, 'RMB'),
(19, 19, 25, 'IDR'),
(20, 19, 250, 'IDR'),
(21, 19, 100, 'SGD'),
(22, 19, 1000, 'SGD'),
(23, 8, 100, 'SGD'),
(24, 8, 1000, 'SGD'),
(25, 19, 25, 'RMB'),
(26, 19, 250, 'RMB'),
(27, 12, 80, 'SGD'),
(28, 12, 800, 'SGD'),
(29, 1, 30, 'IDR'),
(30, 1, 300, 'IDR'),
(31, 17, 100, 'IDR'),
(32, 17, 1000, 'IDR'),
(33, 1, 90, 'SGD'),
(34, 1, 900, 'SGD'),
(35, 17, 25, 'SGD'),
(36, 17, 250, 'SGD'),
(37, 1, 30, 'RMB'),
(38, 17, 25, 'RMB'),
(39, 1, 300, 'RMB'),
(40, 17, 250, 'RMB'),
(41, 6, 100, 'IDR'),
(42, 6, 1000, 'IDR'),
(43, 16, 150, 'SGD'),
(44, 16, 1500, 'SGD'),
(45, 6, 20, 'SGD'),
(46, 6, 200, 'SGD'),
(47, 6, 20, 'RMB'),
(48, 6, 200, 'RMB'),
(49, 5, 150, 'RMB'),
(50, 5, 1500, 'RMB'),
(51, 15, 30, 'SGD'),
(52, 15, 300, 'SGD'),
(53, 15, 90, 'RMB'),
(54, 15, 900, 'RMB'),
(55, 10, 100, 'RMB'),
(56, 10, 1000, 'RMB'),
(57, 11, 150, 'SGD'),
(58, 11, 1500, 'SGD'),
(59, 3, 100, 'RMB'),
(60, 3, 1000, 'RMB'),
(61, 13, 110, 'IDR'),
(62, 13, 1100, 'IDR'),
(63, 18, 25, 'IDR'),
(64, 18, 250, 'IDR'),
(65, 18, 75, 'SGD'),
(66, 18, 750, 'SGD'),
(67, 18, 25, 'RMB'),
(68, 18, 250, 'RMB'),
(69, 4, 150, 'RMB'),
(70, 4, 1500, 'RMB'),
(71, 12, 20, 'SGD'),
(72, 12, 200, 'SGD'),
(73, 10, 50, 'IDR'),
(74, 10, 500, 'IDR'),
(75, 18, 5, 'IDR'),
(76, 18, 50, 'IDR'),
(77, 18, 5, 'RMB'),
(78, 18, 50, 'RMB'),
(79, 14, 20, 'SGD'),
(80, 14, 200, 'SGD'),
(81, 7, -400, 'SGD'),
(82, 7, -40, 'SGD'),
(83, 12, 20, 'IDR'),
(84, 12, 200, 'IDR'),
(85, 14, -220, 'SGD'),
(86, 14, 10, 'RMB'),
(87, 14, 100, 'RMB'),
(88, 20, -500, 'IDR'),
(89, 20, -200, 'RMB'),
(90, 18, -600, 'SGD'),
(91, 9, -1100, 'RMB'),
(92, 17, -250, 'RMB'),
(93, 20, -275, 'SGD'),
(94, 14, -206, 'RMB'),
(95, 8, -110, 'SGD'),
(96, 10, -250, 'RMB'),
(97, 1, -330, 'RMB'),
(98, 15, -990, 'RMB'),
(99, 16, -200, 'SGD'),
(100, 17, -500, 'IDR'),
(101, 1, 33, 'IDR'),
(102, 1, 0, 'RMB'),
(103, 1, 99, 'SGD'),
(104, 2, 165, 'IDR'),
(105, 3, 110, 'RMB'),
(106, 4, 165, 'RMB'),
(107, 5, 165, 'RMB'),
(108, 6, 110, 'IDR'),
(109, 6, 22, 'RMB'),
(110, 6, 22, 'SGD'),
(111, 7, 77, 'IDR'),
(112, 7, 44, 'RMB'),
(113, 7, 0, 'SGD'),
(114, 8, 99, 'SGD'),
(115, 9, 0, 'RMB'),
(116, 10, 55, 'IDR'),
(117, 10, 85, 'RMB'),
(118, 11, 165, 'SGD'),
(119, 12, 22, 'IDR'),
(120, 12, 110, 'SGD'),
(121, 13, 121, 'IDR'),
(122, 14, 45, 'RMB'),
(123, 14, 0, 'SGD'),
(124, 15, 0, 'RMB'),
(125, 15, 33, 'SGD'),
(126, 16, 145, 'SGD'),
(127, 17, 60, 'IDR'),
(128, 17, 3, 'RMB'),
(129, 17, 28, 'SGD'),
(130, 18, 33, 'IDR'),
(131, 18, 33, 'RMB'),
(132, 18, 23, 'SGD'),
(133, 19, 28, 'IDR'),
(134, 19, 28, 'RMB'),
(135, 19, 110, 'SGD'),
(136, 20, 60, 'IDR'),
(137, 20, 8, 'RMB'),
(138, 20, 0, 'SGD'),
(139, 17, 50, 'IDR'),
(140, 17, 500, 'IDR'),
(141, 17, 50, 'RMB'),
(142, 17, 500, 'RMB'),
(143, 7, 110, 'RMB'),
(144, 7, 1100, 'RMB'),
(145, 7, 40, 'IDR'),
(146, 7, 400, 'IDR'),
(147, 15, 85, 'RMB'),
(148, 15, 850, 'RMB'),
(149, 1, 50, 'IDR'),
(150, 1, 500, 'IDR'),
(151, 19, -200, 'SGD'),
(152, 9, 88, 'RMB'),
(153, 9, 880, 'RMB'),
(154, 20, 10, 'RMB'),
(155, 20, 100, 'RMB'),
(156, 4, -700, 'RMB'),
(157, 19, -500, 'SGD'),
(158, 5, 50, 'IDR'),
(159, 5, 500, 'IDR'),
(160, 6, -242, 'RMB'),
(161, 18, -363, 'RMB'),
(163, 2, -451, 'IDR'),
(164, 3, -1210, 'RMB'),
(165, 14, -499, 'RMB'),
(166, 12, -500, 'SGD'),
(167, 9, 8, 'IDR'),
(168, 9, 80, 'IDR'),
(169, 9, 8, 'SGD'),
(170, 9, 80, 'SGD'),
(171, 17, -1210, 'IDR'),
(172, 5, -550, 'IDR'),
(173, 20, 10, 'SGD'),
(174, 20, 100, 'SGD'),
(175, 5, 100, 'RMB'),
(176, 5, 1000, 'RMB'),
(177, 10, 10, 'SGD'),
(178, 10, 100, 'SGD'),
(179, 10, -605, 'IDR'),
(180, 17, -578, 'RMB'),
(181, 2, -1364, 'IDR'),
(182, 19, -510, 'SGD'),
(183, 8, -300, 'SGD'),
(184, 20, -660, 'IDR'),
(185, 1, -913, 'IDR'),
(186, 20, -193, 'RMB'),
(187, 1, -1048, 'SGD'),
(188, 6, -242, 'SGD'),
(189, 13, -1000, 'IDR'),
(190, 7, -900, 'IDR'),
(191, 9, -968, 'RMB'),
(192, 9, -88, 'SGD'),
(193, 20, 30, 'RMB'),
(194, 20, 300, 'RMB'),
(195, 17, -303, 'SGD'),
(196, 9, 40, 'RMB'),
(197, 9, 400, 'RMB'),
(198, 1, 50, 'RMB'),
(199, 1, 500, 'RMB'),
(200, 1, -41, 'SGD'),
(201, 12, -200, 'IDR'),
(202, 5, -915, 'RMB'),
(203, 6, -1000, 'IDR'),
(204, 13, -300, 'IDR'),
(205, 4, -225, 'RMB'),
(206, 7, -387, 'IDR'),
(207, 10, -500, 'RMB'),
(208, 12, -42, 'IDR'),
(209, 12, -710, 'SGD'),
(210, 5, -1400, 'RMB'),
(211, 15, 0, 'RMB'),
(212, 15, 0, 'RMB'),
(213, 18, -248, 'SGD'),
(214, 13, -31, 'IDR'),
(215, 1, -550, 'RMB'),
(216, 7, -198, 'RMB'),
(217, 8, -100, 'SGD'),
(218, 9, -440, 'RMB'),
(219, 10, 297, 'RMB'),
(220, 13, 92, 'IDR'),
(221, 15, -935, 'RMB'),
(222, 1, 0, 'IDR'),
(223, 1, 0, 'RMB'),
(224, 1, 0, 'SGD'),
(225, 2, 0, 'IDR'),
(226, 3, 0, 'RMB'),
(227, 4, 89, 'RMB'),
(228, 5, 0, 'IDR'),
(229, 5, 60, 'RMB'),
(230, 6, 21, 'IDR'),
(231, 6, 0, 'RMB'),
(232, 6, 0, 'SGD'),
(233, 7, 0, 'IDR'),
(234, 7, 150, 'RMB'),
(235, 7, 0, 'SGD'),
(236, 8, 69, 'SGD'),
(237, 9, 9, 'IDR'),
(238, 9, 0, 'RMB'),
(239, 9, 0, 'SGD'),
(240, 10, 0, 'IDR'),
(241, 10, 73, 'RMB'),
(242, 10, 11, 'SGD'),
(243, 11, 182, 'SGD'),
(244, 12, 0, 'IDR'),
(245, 12, 0, 'SGD'),
(246, 13, 9, 'IDR'),
(247, 14, 0, 'RMB'),
(248, 14, 0, 'SGD'),
(249, 15, 0, 'RMB'),
(250, 15, 36, 'SGD'),
(251, 16, 160, 'SGD'),
(252, 17, 0, 'IDR'),
(253, 17, 0, 'RMB'),
(254, 17, 0, 'SGD'),
(255, 18, 36, 'IDR'),
(256, 18, 0, 'RMB'),
(257, 18, 0, 'SGD'),
(258, 19, 30, 'IDR'),
(259, 19, 30, 'RMB'),
(260, 19, 0, 'SGD'),
(261, 20, 0, 'IDR'),
(262, 20, 33, 'RMB'),
(263, 20, 11, 'SGD'),
(264, 1, 0, 'SGD'),
(265, 9, 35, 'IDR'),
(266, 9, 350, 'IDR'),
(267, 9, 65, 'SGD'),
(268, 9, 654, 'SGD'),
(269, 14, 15, 'IDR'),
(270, 14, 150, 'IDR'),
(271, 15, 60, 'IDR'),
(272, 15, 600, 'IDR'),
(273, 13, -101, 'IDR'),
(274, 5, 30, 'SGD'),
(275, 5, 300, 'SGD'),
(276, 12, 20, 'SGD'),
(277, 12, 200, 'SGD'),
(278, 20, -363, 'RMB'),
(279, 20, -121, 'SGD'),
(280, 19, -333, 'RMB'),
(281, 18, -399, 'IDR'),
(282, 6, -231, 'IDR'),
(283, 14, 10, 'IDR'),
(284, 14, 100, 'IDR'),
(285, 16, -1400, 'SGD'),
(286, 14, -275, 'IDR'),
(287, 5, -330, 'SGD'),
(288, 5, -660, 'RMB'),
(289, 16, -355, 'SGD'),
(290, 10, -121, 'SGD'),
(291, 7, 8, 'RMB'),
(292, 7, 80, 'RMB'),
(293, 12, -220, 'SGD'),
(294, 9, -719, 'SGD'),
(295, 9, -482, 'IDR'),
(296, 7, -1734, 'RMB'),
(297, 4, -579, 'RMB'),
(298, 11, -997, 'SGD'),
(299, 10, -805, 'RMB'),
(300, 1, 0, 'IDR'),
(301, 1, 0, 'RMB'),
(302, 1, 0, 'SGD'),
(303, 2, 0, 'IDR'),
(304, 3, 0, 'RMB'),
(305, 4, 40, 'RMB'),
(306, 5, 0, 'IDR'),
(307, 5, 0, 'RMB'),
(308, 5, 0, 'SGD'),
(309, 6, 0, 'IDR'),
(310, 6, 0, 'RMB'),
(311, 6, 0, 'SGD'),
(312, 7, 0, 'IDR'),
(313, 7, 0, 'RMB'),
(314, 7, 0, 'SGD'),
(315, 8, 76, 'SGD'),
(316, 9, 0, 'IDR'),
(317, 9, 0, 'RMB'),
(318, 9, 0, 'SGD'),
(319, 10, 0, 'IDR'),
(320, 10, 0, 'RMB'),
(321, 10, 0, 'SGD'),
(322, 11, 100, 'SGD'),
(323, 12, 0, 'IDR'),
(324, 12, 0, 'SGD'),
(325, 13, 0, 'IDR'),
(326, 14, 0, 'IDR'),
(327, 14, 0, 'RMB'),
(328, 14, 0, 'SGD'),
(329, 15, 66, 'IDR'),
(330, 15, 0, 'RMB'),
(331, 15, 40, 'SGD'),
(332, 16, 0, 'SGD'),
(333, 17, 0, 'IDR'),
(334, 17, 0, 'RMB'),
(335, 17, 0, 'SGD'),
(336, 18, 0, 'IDR'),
(337, 18, 0, 'RMB'),
(338, 18, 0, 'SGD'),
(339, 19, 33, 'IDR'),
(340, 19, 0, 'RMB'),
(341, 19, 0, 'SGD'),
(342, 20, 0, 'IDR'),
(343, 20, 0, 'RMB'),
(344, 20, 0, 'SGD'),
(345, 10, 135, 'RMB'),
(346, 15, 14, 'IDR'),
(347, 15, 140, 'IDR'),
(348, 7, 5, 'RMB'),
(349, 7, 50, 'RMB'),
(350, 10, -135, 'RMB'),
(351, 8, -834, 'SGD'),
(352, 4, -440, 'RMB'),
(353, 15, -439, 'SGD'),
(354, 15, -200, 'IDR'),
(355, 8, 84, 'SGD'),
(356, 1, 0, 'IDR'),
(357, 1, 0, 'RMB'),
(358, 1, 0, 'SGD'),
(359, 2, 0, 'IDR'),
(360, 3, 0, 'RMB'),
(361, 4, 0, 'RMB'),
(362, 5, 0, 'IDR'),
(363, 5, 0, 'RMB'),
(364, 5, 0, 'SGD'),
(365, 6, 0, 'IDR'),
(366, 6, 0, 'RMB'),
(367, 6, 0, 'SGD'),
(368, 7, 0, 'IDR'),
(369, 7, 6, 'RMB'),
(370, 7, 0, 'SGD'),
(371, 8, 8, 'SGD'),
(372, 9, 0, 'IDR'),
(373, 9, 0, 'RMB'),
(374, 9, 0, 'SGD'),
(375, 10, 0, 'IDR'),
(376, 10, 0, 'RMB'),
(377, 10, 0, 'SGD'),
(378, 11, 110, 'SGD'),
(379, 12, 0, 'IDR'),
(380, 12, 0, 'SGD'),
(381, 13, 0, 'IDR'),
(382, 14, 0, 'IDR'),
(383, 14, 0, 'RMB'),
(384, 14, 0, 'SGD'),
(385, 15, 68, 'IDR'),
(386, 15, 0, 'RMB'),
(387, 15, 0, 'SGD'),
(388, 16, 0, 'SGD'),
(389, 17, 0, 'IDR'),
(390, 17, 0, 'RMB'),
(391, 17, 0, 'SGD'),
(392, 18, 0, 'IDR'),
(393, 18, 0, 'RMB'),
(394, 18, 0, 'SGD'),
(395, 19, 37, 'IDR'),
(396, 19, 0, 'RMB'),
(397, 19, 0, 'SGD'),
(398, 20, 0, 'IDR'),
(399, 20, 0, 'RMB'),
(400, 20, 0, 'SGD'),
(401, 7, -55, 'RMB'),
(402, 19, -403, 'IDR'),
(403, 8, -92, 'SGD'),
(404, 15, -748, 'IDR'),
(405, 11, -1210, 'SGD'),
(406, 1, 0, 'IDR'),
(407, 1, 0, 'RMB'),
(408, 1, 0, 'SGD'),
(409, 2, 0, 'IDR'),
(410, 3, 0, 'RMB'),
(411, 4, 0, 'RMB'),
(412, 5, 0, 'IDR'),
(413, 5, 0, 'RMB'),
(414, 5, 0, 'SGD'),
(415, 6, 0, 'IDR'),
(416, 6, 0, 'RMB'),
(417, 6, 0, 'SGD'),
(418, 7, 0, 'IDR'),
(419, 7, 1, 'RMB'),
(420, 7, 0, 'SGD'),
(421, 8, 0, 'SGD'),
(422, 9, 0, 'IDR'),
(423, 9, 0, 'RMB'),
(424, 9, 0, 'SGD'),
(425, 10, 0, 'IDR'),
(426, 10, 0, 'RMB'),
(427, 10, 0, 'SGD'),
(428, 11, 0, 'SGD'),
(429, 12, 0, 'IDR'),
(430, 12, 0, 'SGD'),
(431, 13, 0, 'IDR'),
(432, 14, 0, 'IDR'),
(433, 14, 0, 'RMB'),
(434, 14, 0, 'SGD'),
(435, 15, 0, 'IDR'),
(436, 15, 0, 'RMB'),
(437, 15, 0, 'SGD'),
(438, 16, 0, 'SGD'),
(439, 17, 0, 'IDR'),
(440, 17, 0, 'RMB'),
(441, 17, 0, 'SGD'),
(442, 18, 0, 'IDR'),
(443, 18, 0, 'RMB'),
(444, 18, 0, 'SGD'),
(445, 19, 0, 'IDR'),
(446, 19, 0, 'RMB'),
(447, 19, 0, 'SGD'),
(448, 20, 0, 'IDR'),
(449, 20, 0, 'RMB'),
(450, 20, 0, 'SGD'),
(451, 16, 70, 'RMB'),
(452, 16, 700, 'RMB'),
(453, 7, -7, 'RMB'),
(454, 14, 8, 'SGD'),
(455, 14, 80, 'SGD'),
(456, 14, -88, 'SGD'),
(457, 10, 184, 'RMB'),
(458, 1, 0, 'IDR'),
(459, 1, 0, 'RMB'),
(460, 1, 0, 'SGD'),
(461, 2, 0, 'IDR'),
(462, 3, 0, 'RMB'),
(463, 4, 0, 'RMB'),
(464, 5, 0, 'IDR'),
(465, 5, 0, 'RMB'),
(466, 5, 0, 'SGD'),
(467, 6, 0, 'IDR'),
(468, 6, 0, 'RMB'),
(469, 6, 0, 'SGD'),
(470, 7, 0, 'IDR'),
(471, 7, 0, 'RMB'),
(472, 7, 0, 'SGD'),
(473, 8, 0, 'SGD'),
(474, 9, 0, 'IDR'),
(475, 9, 0, 'RMB'),
(476, 9, 0, 'SGD'),
(477, 10, 0, 'IDR'),
(478, 10, 18, 'RMB'),
(479, 10, 0, 'SGD'),
(480, 11, 0, 'SGD'),
(481, 12, 0, 'IDR'),
(482, 12, 0, 'SGD'),
(483, 13, 0, 'IDR'),
(484, 14, 0, 'IDR'),
(485, 14, 0, 'RMB'),
(486, 14, 0, 'SGD'),
(487, 15, 0, 'IDR'),
(488, 15, 0, 'RMB'),
(489, 15, 0, 'SGD'),
(490, 16, 77, 'RMB'),
(491, 16, 0, 'SGD'),
(492, 17, 0, 'IDR'),
(493, 17, 0, 'RMB'),
(494, 17, 0, 'SGD'),
(495, 18, 0, 'IDR'),
(496, 18, 0, 'RMB'),
(497, 18, 0, 'SGD'),
(498, 19, 0, 'IDR'),
(499, 19, 0, 'RMB'),
(500, 19, 0, 'SGD'),
(501, 20, 0, 'IDR'),
(502, 20, 0, 'RMB'),
(503, 20, 0, 'SGD'),
(504, 10, -202, 'RMB'),
(505, 16, -700, 'RMB'),
(506, 16, -147, 'RMB'),
(507, 19, 150, 'SGD'),
(508, 19, 1500, 'SGD'),
(509, 1, 0, 'IDR'),
(510, 1, 0, 'RMB'),
(511, 1, 0, 'SGD'),
(512, 2, 0, 'IDR'),
(513, 3, 0, 'RMB'),
(514, 4, 0, 'RMB'),
(515, 5, 0, 'IDR'),
(516, 5, 0, 'RMB'),
(517, 5, 0, 'SGD'),
(518, 6, 0, 'IDR'),
(519, 6, 0, 'RMB'),
(520, 6, 0, 'SGD'),
(521, 7, 0, 'IDR'),
(522, 7, 0, 'RMB'),
(523, 7, 0, 'SGD'),
(524, 8, 0, 'SGD'),
(525, 9, 0, 'IDR'),
(526, 9, 0, 'RMB'),
(527, 9, 0, 'SGD'),
(528, 10, 0, 'IDR'),
(529, 10, 0, 'RMB'),
(530, 10, 0, 'SGD'),
(531, 11, 0, 'SGD'),
(532, 12, 0, 'IDR'),
(533, 12, 0, 'SGD'),
(534, 13, 0, 'IDR'),
(535, 14, 0, 'IDR'),
(536, 14, 0, 'RMB'),
(537, 14, 0, 'SGD'),
(538, 15, 0, 'IDR'),
(539, 15, 0, 'RMB'),
(540, 15, 0, 'SGD'),
(541, 16, 0, 'RMB'),
(542, 16, 0, 'SGD'),
(543, 17, 0, 'IDR'),
(544, 17, 0, 'RMB'),
(545, 17, 0, 'SGD'),
(546, 18, 0, 'IDR'),
(547, 18, 0, 'RMB'),
(548, 18, 0, 'SGD'),
(549, 19, 0, 'IDR'),
(550, 19, 0, 'RMB'),
(551, 19, 165, 'SGD'),
(552, 20, 0, 'IDR'),
(553, 20, 0, 'RMB'),
(554, 20, 0, 'SGD'),
(555, 19, 3495, 'SGD'),
(556, 19, 39, 'SGD'),
(557, 2, 260, 'IDR'),
(558, 1, 0, 'IDR'),
(559, 1, 0, 'RMB'),
(560, 1, 0, 'SGD'),
(561, 2, 26, 'IDR'),
(562, 3, 0, 'RMB'),
(563, 4, 0, 'RMB'),
(564, 5, 0, 'IDR'),
(565, 5, 0, 'RMB'),
(566, 5, 0, 'SGD'),
(567, 6, 0, 'IDR'),
(568, 6, 0, 'RMB'),
(569, 6, 0, 'SGD'),
(570, 7, 0, 'IDR'),
(571, 7, 0, 'RMB'),
(572, 7, 0, 'SGD'),
(573, 8, 0, 'SGD'),
(574, 9, 0, 'IDR'),
(575, 9, 0, 'RMB'),
(576, 9, 0, 'SGD'),
(577, 10, 0, 'IDR'),
(578, 10, 0, 'RMB'),
(579, 10, 0, 'SGD'),
(580, 11, 0, 'SGD'),
(581, 12, 0, 'IDR'),
(582, 12, 0, 'SGD'),
(583, 13, 0, 'IDR'),
(584, 14, 0, 'IDR'),
(585, 14, 0, 'RMB'),
(586, 14, 0, 'SGD'),
(587, 15, 0, 'IDR'),
(588, 15, 0, 'RMB'),
(589, 15, 0, 'SGD'),
(590, 16, 0, 'RMB'),
(591, 16, 0, 'SGD'),
(592, 17, 0, 'IDR'),
(593, 17, 0, 'RMB'),
(594, 17, 0, 'SGD'),
(595, 18, 0, 'IDR'),
(596, 18, 0, 'RMB'),
(597, 18, 0, 'SGD'),
(598, 19, 0, 'IDR'),
(599, 19, 0, 'RMB'),
(600, 19, 535, 'SGD'),
(601, 20, 0, 'IDR'),
(602, 20, 0, 'RMB'),
(603, 20, 0, 'SGD'),
(604, 2, -286, 'IDR');

-- --------------------------------------------------------

--
-- Table structure for table `tsaham`
--

CREATE TABLE `tsaham` (
  `idtsaham` int(11) NOT NULL,
  `iduser` int(11) NOT NULL,
  `idsaham` int(11) NOT NULL,
  `qty` int(11) NOT NULL,
  `hsatuan` int(11) NOT NULL,
  `currency` varchar(100) NOT NULL
) ENGINE=InnoDB DEFAULT CHARSET=latin1;

-- --------------------------------------------------------

--
-- Table structure for table `ttabungan`
--

CREATE TABLE `ttabungan` (
  `idttabungan` int(11) NOT NULL,
  `iduser` int(11) NOT NULL,
  `nominal` int(11) NOT NULL,
  `currency` varchar(100) NOT NULL
) ENGINE=InnoDB DEFAULT CHARSET=latin1;

--
-- Dumping data for table `ttabungan`
--

INSERT INTO `ttabungan` (`idttabungan`, `iduser`, `nominal`, `currency`) VALUES
(1, 7, 300, 'IDR'),
(2, 15, 300, 'SGD'),
(3, 15, 54, 'RMB'),
(4, 7, 15, 'IDR'),
(5, 15, 3, 'RMB'),
(6, 15, 15, 'SGD'),
(7, 11, 253, 'IDR'),
(8, 15, -300, 'SGD'),
(9, 7, -315, 'IDR'),
(10, 12, 200, 'RMB'),
(11, 1, 500, 'IDR'),
(12, 14, 95, 'RMB'),
(13, 14, 60, 'SGD'),
(14, 2, 281, 'RMB'),
(15, 14, 250, 'RMB'),
(16, 1, 25, 'IDR'),
(17, 2, 14, 'RMB'),
(18, 7, 0, 'IDR'),
(19, 11, 13, 'IDR'),
(20, 12, 10, 'RMB'),
(21, 14, 17, 'RMB'),
(22, 14, 3, 'SGD'),
(23, 15, 3, 'RMB'),
(24, 15, 1, 'SGD'),
(25, 12, -210, 'RMB'),
(26, 15, 200, 'RMB'),
(27, 1, 600, 'SGD'),
(28, 18, 100, 'IDR'),
(29, 1, 600, 'IDR'),
(30, 14, 100, 'IDR'),
(31, 3, 200, 'IDR'),
(32, 3, 300, 'SGD'),
(33, 3, 200, 'RMB'),
(34, 2, 500, 'IDR'),
(35, 12, 500, 'SGD'),
(36, 18, -7, 'IDR'),
(37, 11, -26, 'IDR'),
(38, 11, -80, 'IDR'),
(39, 1, 56, 'IDR'),
(40, 1, 30, 'SGD'),
(41, 2, 25, 'IDR'),
(42, 2, 15, 'RMB'),
(43, 3, 10, 'IDR'),
(44, 3, 10, 'RMB'),
(45, 3, 15, 'SGD'),
(46, 7, 0, 'IDR'),
(47, 11, 8, 'IDR'),
(48, 12, 0, 'RMB'),
(49, 12, 25, 'SGD'),
(50, 14, 5, 'IDR'),
(51, 14, 18, 'RMB'),
(52, 14, 3, 'SGD'),
(53, 15, 13, 'RMB'),
(54, 15, 1, 'SGD'),
(55, 18, 5, 'IDR'),
(56, 14, 300, 'RMB'),
(57, 1, 750, 'RMB'),
(58, 14, 200, 'SGD'),
(59, 14, 100, 'IDR'),
(60, 17, 206, 'SGD'),
(61, 13, 200, 'IDR'),
(62, 13, 200, 'SGD'),
(63, 13, 200, 'RMB'),
(64, 2, 500, 'IDR'),
(65, 1, 1000, 'IDR'),
(66, 1, 400, 'SGD'),
(67, 20, 1000, 'SGD'),
(68, 3, 300, 'IDR'),
(69, 3, 1000, 'SGD'),
(70, 18, 600, 'SGD'),
(71, 6, 1000, 'IDR'),
(72, 18, 1000, 'SGD'),
(73, 3, 500, 'SGD'),
(74, 3, 500, 'RMB'),
(75, 12, 500, 'RMB'),
(76, 1, 250, 'IDR'),
(77, 12, 400, 'IDR'),
(78, 2, 700, 'IDR'),
(79, 12, -100, 'SGD'),
(80, 11, -80, 'IDR'),
(81, 1, 122, 'IDR'),
(82, 1, 38, 'RMB'),
(83, 1, 52, 'SGD'),
(84, 2, 86, 'IDR'),
(85, 2, 16, 'RMB'),
(86, 3, 26, 'IDR'),
(87, 3, 36, 'RMB'),
(88, 3, 91, 'SGD'),
(89, 6, 50, 'IDR'),
(90, 7, 0, 'IDR'),
(91, 11, 4, 'IDR'),
(92, 12, 20, 'IDR'),
(93, 12, 25, 'RMB'),
(94, 12, 21, 'SGD'),
(95, 13, 10, 'IDR'),
(96, 13, 10, 'RMB'),
(97, 13, 10, 'SGD'),
(98, 14, 10, 'IDR'),
(99, 14, 34, 'RMB'),
(100, 14, 13, 'SGD'),
(101, 15, 14, 'RMB'),
(102, 15, 1, 'SGD'),
(103, 17, 10, 'SGD'),
(104, 18, 5, 'IDR'),
(105, 18, 80, 'SGD'),
(106, 20, 50, 'SGD'),
(107, 20, 3000, 'IDR'),
(108, 2, -700, 'IDR'),
(109, 14, 400, 'RMB'),
(110, 14, 240, 'SGD'),
(111, 14, 56, 'IDR'),
(112, 7, 2500, 'RMB'),
(113, 17, 1000, 'IDR'),
(114, 7, 1500, 'SGD'),
(115, 12, -425, 'SGD'),
(116, 1, 200, 'SGD'),
(117, 13, 400, 'IDR'),
(118, 16, 1500, 'IDR'),
(119, 3, 200, 'IDR'),
(120, 3, 200, 'SGD'),
(121, 3, 200, 'RMB'),
(122, 2, -400, 'IDR'),
(123, 19, 300, 'RMB'),
(124, 18, 500, 'SGD'),
(125, 1, 300, 'SGD'),
(126, 3, 300, 'IDR'),
(127, 3, 200, 'IDR'),
(128, 9, 1355, 'IDR'),
(129, 9, 2890, 'SGD'),
(130, 9, 3000, 'RMB'),
(131, 4, 236, 'RMB'),
(132, 4, 400, 'SGD'),
(133, 6, 1000, 'SGD'),
(134, 18, -500, 'SGD'),
(135, 1, 300, 'IDR'),
(136, 13, -210, 'SGD'),
(137, 13, -210, 'RMB'),
(138, 18, -450, 'SGD'),
(139, 2, 2000, 'IDR'),
(140, 2, 1500, 'SGD'),
(141, 19, 200, 'IDR'),
(142, 1, 1000, 'SGD'),
(143, 15, 200, 'SGD'),
(144, 3, 400, 'IDR'),
(145, 12, 500, 'IDR'),
(146, 12, 1000, 'SGD'),
(147, 12, -200, 'SGD'),
(148, 1, 143, 'IDR'),
(149, 1, 39, 'RMB'),
(150, 1, 129, 'SGD'),
(151, 2, 136, 'IDR'),
(152, 2, 16, 'RMB'),
(153, 2, 75, 'SGD'),
(154, 3, 82, 'IDR'),
(155, 3, 47, 'RMB'),
(156, 3, 105, 'SGD'),
(157, 4, 12, 'RMB'),
(158, 4, 20, 'SGD'),
(159, 6, 53, 'IDR'),
(160, 6, 50, 'SGD'),
(161, 7, 0, 'IDR'),
(162, 7, 125, 'RMB'),
(163, 7, 75, 'SGD'),
(164, 9, 68, 'IDR'),
(165, 9, 150, 'RMB'),
(166, 9, 145, 'SGD'),
(167, 11, 5, 'IDR'),
(168, 12, 46, 'IDR'),
(169, 12, 26, 'RMB'),
(170, 12, 41, 'SGD'),
(171, 13, 31, 'IDR'),
(172, 13, 0, 'RMB'),
(173, 13, 0, 'SGD'),
(174, 14, 14, 'IDR'),
(175, 14, 56, 'RMB'),
(176, 14, 26, 'SGD'),
(177, 15, 14, 'RMB'),
(178, 15, 11, 'SGD'),
(179, 16, 75, 'IDR'),
(180, 17, 50, 'IDR'),
(181, 17, 11, 'SGD'),
(182, 18, 5, 'IDR'),
(183, 18, 62, 'SGD'),
(184, 19, 10, 'IDR'),
(185, 19, 15, 'RMB'),
(186, 20, 150, 'IDR'),
(187, 20, 53, 'SGD'),
(188, 9, -1423, 'IDR'),
(189, 9, -3035, 'SGD'),
(190, 9, -3150, 'RMB'),
(191, 4, -400, 'SGD'),
(192, 14, 200, 'IDR'),
(193, 14, 500, 'RMB'),
(194, 4, -236, 'RMB'),
(195, 17, 1000, 'IDR'),
(196, 13, 500, 'IDR'),
(197, 18, 1000, 'SGD'),
(198, 15, -200, 'SGD'),
(199, 10, 1000, 'RMB'),
(200, 3, -400, 'RMB'),
(201, 15, 150, 'IDR'),
(202, 3, 300, 'IDR'),
(203, 2, -300, 'RMB'),
(204, 2, -500, 'SGD'),
(205, 2, 700, 'IDR'),
(206, 19, -100, 'IDR'),
(207, 1, 1000, 'SGD'),
(208, 1, -400, 'IDR'),
(209, 2, -200, 'IDR'),
(210, 2, -42, 'RMB'),
(211, 5, 4000, 'SGD'),
(212, 5, 3000, 'RMB'),
(213, 8, 1500, 'IDR'),
(214, 16, -1500, 'IDR'),
(215, 12, 1000, 'IDR'),
(216, 3, 1889, 'IDR'),
(217, 3, 32, 'SGD'),
(218, 3, 495, 'RMB'),
(219, 6, 1000, 'IDR'),
(220, 6, -500, 'SGD'),
(221, 1, 300, 'IDR'),
(222, 1, 250, 'RMB'),
(223, 12, 600, 'SGD'),
(224, 2, 1500, 'IDR'),
(225, 1, 500, 'RMB'),
(226, 7, -1575, 'SGD'),
(227, 7, -2625, 'RMB'),
(228, 2, -50, 'SGD'),
(229, 8, -1500, 'IDR'),
(230, 1, 145, 'IDR'),
(231, 1, 79, 'RMB'),
(232, 1, 186, 'SGD'),
(233, 2, 242, 'IDR'),
(234, 2, 0, 'RMB'),
(235, 2, 51, 'SGD'),
(236, 3, 195, 'IDR'),
(237, 3, 54, 'RMB'),
(238, 3, 112, 'SGD'),
(239, 4, 1, 'RMB'),
(240, 4, 1, 'SGD'),
(241, 5, 150, 'RMB'),
(242, 5, 200, 'SGD'),
(243, 6, 105, 'IDR'),
(244, 6, 28, 'SGD'),
(245, 7, 0, 'IDR'),
(246, 7, 0, 'RMB'),
(247, 7, 0, 'SGD'),
(248, 8, 0, 'IDR'),
(249, 9, 0, 'IDR'),
(250, 9, 0, 'RMB'),
(251, 9, 0, 'SGD'),
(252, 10, 50, 'RMB'),
(253, 11, 5, 'IDR'),
(254, 12, 98, 'IDR'),
(255, 12, 28, 'RMB'),
(256, 12, 73, 'SGD'),
(257, 13, 57, 'IDR'),
(258, 13, 0, 'RMB'),
(259, 13, 0, 'SGD'),
(260, 14, 24, 'IDR'),
(261, 14, 84, 'RMB'),
(262, 14, 27, 'SGD'),
(263, 15, 8, 'IDR'),
(264, 15, 15, 'RMB'),
(265, 15, 1, 'SGD'),
(266, 16, 4, 'IDR'),
(267, 17, 103, 'IDR'),
(268, 17, 11, 'SGD'),
(269, 18, 5, 'IDR'),
(270, 18, 115, 'SGD'),
(271, 19, 6, 'IDR'),
(272, 19, 16, 'RMB'),
(273, 20, 158, 'IDR'),
(274, 20, 55, 'SGD'),
(275, 12, -600, 'IDR'),
(276, 12, -400, 'SGD'),
(277, 3, -300, 'IDR'),
(278, 14, 500, 'IDR'),
(279, 3, -500, 'SGD'),
(280, 14, 300, 'SGD'),
(281, 14, 500, 'RMB'),
(282, 10, -202, 'RMB'),
(283, 15, -301, 'RMB'),
(284, 18, -292, 'SGD'),
(285, 13, 2750, 'IDR'),
(286, 1, 1000, 'RMB'),
(287, 7, 1000, 'IDR'),
(288, 7, 1000, 'SGD'),
(289, 7, 2300, 'RMB'),
(290, 15, -158, 'IDR'),
(291, 17, -238, 'SGD'),
(292, 20, -3308, 'IDR'),
(293, 7, 2000, 'IDR'),
(294, 13, -3000, 'IDR'),
(295, 5, 1050, 'RMB'),
(296, 19, -116, 'IDR'),
(297, 11, -102, 'IDR'),
(298, 12, 3000, 'RMB'),
(299, 16, 2900, 'IDR'),
(300, 3, 1742, 'SGD'),
(301, 12, -1000, 'RMB'),
(302, 14, -300, 'RMB'),
(303, 8, 1500, 'SGD'),
(304, 12, 1000, 'IDR'),
(305, 3, 1800, 'RMB'),
(306, 18, -1500, 'SGD'),
(307, 2, -1400, 'IDR'),
(308, 2, -500, 'IDR'),
(309, 1, 152, 'IDR'),
(310, 1, 133, 'RMB'),
(311, 1, 195, 'SGD'),
(312, 2, 159, 'IDR'),
(313, 2, 0, 'RMB'),
(314, 2, 54, 'SGD'),
(315, 3, 190, 'IDR'),
(316, 3, 147, 'RMB'),
(317, 3, 180, 'SGD'),
(318, 4, 1, 'RMB'),
(319, 4, 1, 'SGD'),
(320, 5, 210, 'RMB'),
(321, 5, 210, 'SGD'),
(322, 6, 110, 'IDR'),
(323, 6, 29, 'SGD'),
(324, 7, 150, 'IDR'),
(325, 7, 115, 'RMB'),
(326, 7, 50, 'SGD'),
(327, 8, 0, 'IDR'),
(328, 8, 75, 'SGD'),
(329, 9, 0, 'IDR'),
(330, 9, 0, 'RMB'),
(331, 9, 0, 'SGD'),
(332, 10, 42, 'RMB'),
(333, 11, 0, 'IDR'),
(334, 12, 123, 'IDR'),
(335, 12, 129, 'RMB'),
(336, 12, 57, 'SGD'),
(337, 13, 47, 'IDR'),
(338, 13, 0, 'RMB'),
(339, 13, 0, 'SGD'),
(340, 14, 50, 'IDR'),
(341, 14, 98, 'RMB'),
(342, 14, 44, 'SGD'),
(343, 15, 0, 'IDR'),
(344, 15, 1, 'RMB'),
(345, 15, 2, 'SGD'),
(346, 16, 149, 'IDR'),
(347, 17, 108, 'IDR'),
(348, 17, 0, 'SGD'),
(349, 18, 6, 'IDR'),
(350, 18, 31, 'SGD'),
(351, 19, 0, 'IDR'),
(352, 19, 17, 'RMB'),
(353, 20, 0, 'IDR'),
(354, 20, 58, 'SGD'),
(355, 3, -900, 'IDR'),
(356, 12, -1000, 'IDR'),
(357, 3, -600, 'SGD'),
(358, 14, 500, 'IDR'),
(359, 3, -600, 'RMB'),
(360, 14, 1000, 'SGD'),
(361, 16, -800, 'IDR'),
(362, 4, 290, 'RMB'),
(363, 4, 1, 'RMB'),
(364, 17, -2261, 'IDR'),
(365, 10, 1500, 'RMB'),
(366, 10, 200, 'SGD'),
(367, 1, 1500, 'SGD'),
(368, 2, 1500, 'RMB'),
(369, 18, -640, 'SGD'),
(370, 1, 2500, 'RMB'),
(371, 15, 1000, 'SGD'),
(372, 2, 2000, 'SGD'),
(373, 9, 3000, 'IDR'),
(374, 9, 3000, 'SGD'),
(375, 9, 3429, 'RMB'),
(376, 18, -119, 'IDR'),
(377, 2, -1000, 'IDR'),
(378, 16, 1545, 'SGD'),
(379, 16, -1545, 'SGD'),
(380, 5, 2000, 'IDR'),
(381, 8, 500, 'SGD'),
(382, 8, 600, 'RMB'),
(383, 1, 500, 'IDR'),
(384, 1, 500, 'RMB'),
(385, 3, 200, 'IDR'),
(386, 3, 400, 'SGD'),
(387, 3, 600, 'RMB'),
(388, 2, -600, 'IDR'),
(389, 16, 1545, 'SGD'),
(390, 10, 1400, 'SGD'),
(391, 12, 2000, 'SGD'),
(392, 2, 400, 'RMB'),
(393, 2, 500, 'SGD'),
(394, 3, 1000, 'RMB'),
(395, 12, 1500, 'RMB'),
(396, 3, 200, 'RMB'),
(397, 8, -500, 'SGD'),
(398, 1, 300, 'RMB'),
(399, 1, 200, 'RMB'),
(400, 8, -1000, 'SGD'),
(401, 8, 1000, 'RMB'),
(402, 3, -300, 'IDR'),
(403, 2, -500, 'IDR'),
(404, 2, -600, 'SGD'),
(405, 1, -200, 'IDR'),
(406, 8, -575, 'SGD'),
(407, 1, 279, 'IDR'),
(408, 1, 503, 'RMB'),
(409, 1, 447, 'SGD'),
(410, 2, 100, 'IDR'),
(411, 2, 152, 'RMB'),
(412, 2, 242, 'SGD'),
(413, 3, 239, 'IDR'),
(414, 3, 343, 'RMB'),
(415, 3, 286, 'SGD'),
(416, 4, 24, 'RMB'),
(417, 4, 2, 'SGD'),
(418, 5, 160, 'IDR'),
(419, 5, 353, 'RMB'),
(420, 5, 353, 'SGD'),
(421, 6, 185, 'IDR'),
(422, 6, 49, 'SGD'),
(423, 7, 252, 'IDR'),
(424, 7, 193, 'RMB'),
(425, 7, 84, 'SGD'),
(426, 8, 0, 'IDR'),
(427, 8, 128, 'RMB'),
(428, 8, 0, 'SGD'),
(429, 9, 240, 'IDR'),
(430, 9, 274, 'RMB'),
(431, 9, 240, 'SGD'),
(432, 10, 191, 'RMB'),
(433, 10, 128, 'SGD'),
(434, 11, 0, 'IDR'),
(435, 12, 127, 'IDR'),
(436, 12, 337, 'RMB'),
(437, 12, 255, 'SGD'),
(438, 13, 80, 'IDR'),
(439, 13, 0, 'RMB'),
(440, 13, 0, 'SGD'),
(441, 14, 125, 'IDR'),
(442, 14, 164, 'RMB'),
(443, 14, 153, 'SGD'),
(444, 15, 0, 'IDR'),
(445, 15, 1, 'RMB'),
(446, 15, 83, 'SGD'),
(447, 16, 186, 'IDR'),
(448, 16, 124, 'SGD'),
(449, 17, 0, 'IDR'),
(450, 17, 0, 'SGD'),
(451, 18, 0, 'IDR'),
(452, 18, 0, 'SGD'),
(453, 19, 0, 'IDR'),
(454, 19, 28, 'RMB'),
(455, 20, 0, 'IDR'),
(456, 20, 97, 'SGD'),
(457, 14, -400, 'IDR'),
(458, 3, -2900, 'IDR'),
(459, 12, -1000, 'RMB'),
(460, 3, -2000, 'SGD'),
(461, 15, -1115, 'SGD'),
(462, 3, -2000, 'RMB'),
(463, 5, -1000, 'IDR'),
(464, 9, -3000, 'IDR'),
(465, 1, -100, 'IDR'),
(466, 9, -3000, 'SGD'),
(467, 9, -3429, 'RMB'),
(468, 13, -1000, 'IDR'),
(469, 4, -24, 'SGD'),
(470, 4, -329, 'RMB'),
(471, 1, 1800, 'RMB'),
(472, 1, 500, 'SGD'),
(473, 1, 400, 'RMB'),
(474, 7, 3454, 'SGD'),
(475, 2, 4574, 'RMB'),
(476, 2, -1348, 'IDR'),
(477, 20, -1313, 'SGD'),
(478, 7, 1084, 'RMB'),
(479, 20, 5243, 'IDR'),
(480, 7, -3402, 'IDR'),
(481, 18, 5000, 'IDR'),
(482, 1, 300, 'RMB'),
(483, 1, 300, 'SGD'),
(484, 1, -3500, 'IDR'),
(485, 19, -347, 'RMB'),
(486, 2, 2000, 'SGD'),
(487, 2, -1000, 'RMB'),
(488, 1, 654, 'SGD'),
(489, 1, -172, 'IDR'),
(490, 7, -80, 'SGD'),
(491, 1, 214, 'RMB'),
(492, 6, 6075, 'IDR'),
(493, 6, 4500, 'RMB'),
(494, 20, 710, 'IDR'),
(495, 20, 710, 'IDR'),
(496, 7, 1354, 'SGD'),
(497, 2, 842, 'SGD'),
(498, 2, 624, 'RMB'),
(499, 1, -600, 'RMB'),
(500, 13, -75, 'IDR'),
(501, 2, -80, 'SGD');

-- --------------------------------------------------------

--
-- Table structure for table `user`
--

CREATE TABLE `user` (
  `iduser` int(11) NOT NULL,
  `nama` varchar(100) NOT NULL,
  `password` varchar(100) NOT NULL,
  `cash1` int(11) NOT NULL,
  `cash2` int(11) NOT NULL,
  `cash3` int(11) NOT NULL,
  `maxweight` int(11) NOT NULL
) ENGINE=InnoDB DEFAULT CHARSET=latin1;

--
-- Dumping data for table `user`
--

INSERT INTO `user` (`iduser`, `nama`, `password`, `cash1`, `cash2`, `cash3`, `maxweight`) VALUES
(1, 'tim1', 'tim1', 6850, 0, 284, 50),
(2, 'tim2', 'tim2', 3528, 80, 0, 50),
(3, 'tim3', 'tim3', 3802, 4189, 1997, 50),
(4, 'tim4', 'tim4', 0, 24, 334, 50),
(5, 'tim5', 'tim5', 2247, 4686, 3494, 50),
(6, 'tim6', 'tim6', 4198, 2889, 1094, 50),
(7, 'tim7', 'tim7', 7595, 80, 0, 50),
(8, 'tim8', 'tim8', 0, 2465, 1574, 50),
(9, 'tim9', 'tim9', 1721, 7242, 7246, 50),
(10, 'tim10', 'tim10', 89, 4452, 145, 50),
(11, 'tim11', 'tim11', 10, 3612, 1049, 50),
(12, 'tim12', 'tim12', 2452, 682, 2605, 50),
(13, 'tim13', 'tim13', 332, 6435, 1031, 50),
(14, 'tim14', 'tim14', 1376, 3605, 3719, 50),
(15, 'tim15', 'tim15', 70, 2422, 100, 50),
(16, 'tim16', 'tim16', 0, 1866, 483, 50),
(17, 'tim17', 'tim17', 2341, 0, 3701, 50),
(18, 'tim18', 'tim18', 27, 1816, 63, 50),
(19, 'tim19', 'tim19', 192, 404, 0, 50),
(20, 'tim20', 'tim20', 584, 5099, 2394, 50);

--
-- Indexes for dumped tables
--

--
-- Indexes for table `bahanbaku`
--
ALTER TABLE `bahanbaku`
  ADD PRIMARY KEY (`idbahanbaku`);

--
-- Indexes for table `currency`
--
ALTER TABLE `currency`
  ADD PRIMARY KEY (`idcurrency`);

--
-- Indexes for table `desain`
--
ALTER TABLE `desain`
  ADD PRIMARY KEY (`iddesain`);

--
-- Indexes for table `detildesain`
--
ALTER TABLE `detildesain`
  ADD PRIMARY KEY (`iddetildesain`);

--
-- Indexes for table `event`
--
ALTER TABLE `event`
  ADD PRIMARY KEY (`idevent`);

--
-- Indexes for table `hargasaham`
--
ALTER TABLE `hargasaham`
  ADD PRIMARY KEY (`idhargasaham`);

--
-- Indexes for table `inventory`
--
ALTER TABLE `inventory`
  ADD PRIMARY KEY (`idinventory`);

--
-- Indexes for table `onsale`
--
ALTER TABLE `onsale`
  ADD PRIMARY KEY (`idonsale`);

--
-- Indexes for table `pembelian`
--
ALTER TABLE `pembelian`
  ADD PRIMARY KEY (`idpembelian`);

--
-- Indexes for table `penjualan`
--
ALTER TABLE `penjualan`
  ADD PRIMARY KEY (`idpenjualan`);

--
-- Indexes for table `saham`
--
ALTER TABLE `saham`
  ADD PRIMARY KEY (`idsaham`);

--
-- Indexes for table `setting`
--
ALTER TABLE `setting`
  ADD PRIMARY KEY (`idsetting`);

--
-- Indexes for table `tcurrency`
--
ALTER TABLE `tcurrency`
  ADD PRIMARY KEY (`idtcurrency`);

--
-- Indexes for table `timer`
--
ALTER TABLE `timer`
  ADD PRIMARY KEY (`id`);

--
-- Indexes for table `tpinjaman`
--
ALTER TABLE `tpinjaman`
  ADD PRIMARY KEY (`idtpinjaman`);

--
-- Indexes for table `tsaham`
--
ALTER TABLE `tsaham`
  ADD PRIMARY KEY (`idtsaham`);

--
-- Indexes for table `ttabungan`
--
ALTER TABLE `ttabungan`
  ADD PRIMARY KEY (`idttabungan`);

--
-- Indexes for table `user`
--
ALTER TABLE `user`
  ADD PRIMARY KEY (`iduser`);

--
-- AUTO_INCREMENT for dumped tables
--

--
-- AUTO_INCREMENT for table `bahanbaku`
--
ALTER TABLE `bahanbaku`
  MODIFY `idbahanbaku` int(11) NOT NULL AUTO_INCREMENT, AUTO_INCREMENT=8;
--
-- AUTO_INCREMENT for table `currency`
--
ALTER TABLE `currency`
  MODIFY `idcurrency` int(11) NOT NULL AUTO_INCREMENT, AUTO_INCREMENT=4;
--
-- AUTO_INCREMENT for table `desain`
--
ALTER TABLE `desain`
  MODIFY `iddesain` int(11) NOT NULL AUTO_INCREMENT, AUTO_INCREMENT=11;
--
-- AUTO_INCREMENT for table `detildesain`
--
ALTER TABLE `detildesain`
  MODIFY `iddetildesain` int(11) NOT NULL AUTO_INCREMENT, AUTO_INCREMENT=41;
--
-- AUTO_INCREMENT for table `event`
--
ALTER TABLE `event`
  MODIFY `idevent` int(11) NOT NULL AUTO_INCREMENT;
--
-- AUTO_INCREMENT for table `hargasaham`
--
ALTER TABLE `hargasaham`
  MODIFY `idhargasaham` int(11) NOT NULL AUTO_INCREMENT, AUTO_INCREMENT=74;
--
-- AUTO_INCREMENT for table `inventory`
--
ALTER TABLE `inventory`
  MODIFY `idinventory` int(11) NOT NULL AUTO_INCREMENT, AUTO_INCREMENT=5290;
--
-- AUTO_INCREMENT for table `onsale`
--
ALTER TABLE `onsale`
  MODIFY `idonsale` int(11) NOT NULL AUTO_INCREMENT, AUTO_INCREMENT=248;
--
-- AUTO_INCREMENT for table `pembelian`
--
ALTER TABLE `pembelian`
  MODIFY `idpembelian` int(11) NOT NULL AUTO_INCREMENT, AUTO_INCREMENT=1405;
--
-- AUTO_INCREMENT for table `penjualan`
--
ALTER TABLE `penjualan`
  MODIFY `idpenjualan` int(11) NOT NULL AUTO_INCREMENT, AUTO_INCREMENT=767;
--
-- AUTO_INCREMENT for table `saham`
--
ALTER TABLE `saham`
  MODIFY `idsaham` int(11) NOT NULL AUTO_INCREMENT, AUTO_INCREMENT=4;
--
-- AUTO_INCREMENT for table `setting`
--
ALTER TABLE `setting`
  MODIFY `idsetting` int(11) NOT NULL AUTO_INCREMENT, AUTO_INCREMENT=4;
--
-- AUTO_INCREMENT for table `tcurrency`
--
ALTER TABLE `tcurrency`
  MODIFY `idtcurrency` int(11) NOT NULL AUTO_INCREMENT, AUTO_INCREMENT=159;
--
-- AUTO_INCREMENT for table `timer`
--
ALTER TABLE `timer`
  MODIFY `id` int(11) NOT NULL AUTO_INCREMENT, AUTO_INCREMENT=2;
--
-- AUTO_INCREMENT for table `tpinjaman`
--
ALTER TABLE `tpinjaman`
  MODIFY `idtpinjaman` int(11) NOT NULL AUTO_INCREMENT, AUTO_INCREMENT=605;
--
-- AUTO_INCREMENT for table `tsaham`
--
ALTER TABLE `tsaham`
  MODIFY `idtsaham` int(11) NOT NULL AUTO_INCREMENT;
--
-- AUTO_INCREMENT for table `ttabungan`
--
ALTER TABLE `ttabungan`
  MODIFY `idttabungan` int(11) NOT NULL AUTO_INCREMENT, AUTO_INCREMENT=502;
--
-- AUTO_INCREMENT for table `user`
--
ALTER TABLE `user`
  MODIFY `iduser` int(11) NOT NULL AUTO_INCREMENT, AUTO_INCREMENT=21;
/*!40101 SET CHARACTER_SET_CLIENT=@OLD_CHARACTER_SET_CLIENT */;
/*!40101 SET CHARACTER_SET_RESULTS=@OLD_CHARACTER_SET_RESULTS */;
/*!40101 SET COLLATION_CONNECTION=@OLD_COLLATION_CONNECTION */;
