-- phpMyAdmin SQL Dump
-- version 4.5.1
-- http://www.phpmyadmin.net
--
-- Host: 127.0.0.1
-- Generation Time: Oct 27, 2017 at 08:21 AM
-- Server version: 10.1.16-MariaDB
-- PHP Version: 5.6.24

SET SQL_MODE = "NO_AUTO_VALUE_ON_ZERO";
SET time_zone = "+00:00";


/*!40101 SET @OLD_CHARACTER_SET_CLIENT=@@CHARACTER_SET_CLIENT */;
/*!40101 SET @OLD_CHARACTER_SET_RESULTS=@@CHARACTER_SET_RESULTS */;
/*!40101 SET @OLD_COLLATION_CONNECTION=@@COLLATION_CONNECTION */;
/*!40101 SET NAMES utf8mb4 */;

--
-- Database: `ic2017`
--

-- --------------------------------------------------------

--
-- Table structure for table `bahanbaku`
--

CREATE TABLE `bahanbaku` (
  `idbahanbaku` int(11) NOT NULL,
  `nama` varchar(100) NOT NULL,
  `harga1` int(11) NOT NULL,
  `harga2` int(11) NOT NULL,
  `harga3` int(11) NOT NULL,
  `weight` int(11) NOT NULL,
  `stok1` int(11) NOT NULL,
  `stok2` int(11) NOT NULL,
  `stok3` int(11) NOT NULL,
  `laststok1` int(11) NOT NULL,
  `laststok2` int(11) NOT NULL,
  `laststok3` int(11) NOT NULL
) ENGINE=InnoDB DEFAULT CHARSET=latin1;

--
-- Dumping data for table `bahanbaku`
--

INSERT INTO `bahanbaku` (`idbahanbaku`, `nama`, `harga1`, `harga2`, `harga3`, `weight`, `stok1`, `stok2`, `stok3`, `laststok1`, `laststok2`, `laststok3`) VALUES
(1, 'BenangMerah', 30, 50, 50, 1, 815, 1000, 1000, 815, 1000, 1000),
(2, 'BenangKuning', 50, 73, 50, 1, 1000, 790, 1000, 790, 790, 1000),
(3, 'BenangBiru', 50, 50, 49, 1, 1000, 1000, 745, 745, 1000, 745),
(4, 'Template', 83, 120, 106, 3, 928, 933, 924, 930, 933, 924),
(5, 'Transportasi', 800, 800, 800, 0, 1000, 1000, 1000, 1000, 1000, 1000),
(6, 'Visa', 1000, 1000, 1000, 0, 1000, 1000, 1000, 1000, 1000, 1000),
(7, 'Inventory', 400, 400, 400, 0, 1000, 1000, 1000, 1000, 1000, 1000);

-- --------------------------------------------------------

--
-- Table structure for table `currency`
--

CREATE TABLE `currency` (
  `idcurrency` int(11) NOT NULL,
  `nama` varchar(100) NOT NULL,
  `hjual` int(11) NOT NULL,
  `hbeli` int(11) NOT NULL
) ENGINE=InnoDB DEFAULT CHARSET=latin1;

--
-- Dumping data for table `currency`
--

INSERT INTO `currency` (`idcurrency`, `nama`, `hjual`, `hbeli`) VALUES
(1, 'IDR', 30, 0),
(2, 'SGD', 68, 0),
(3, 'RMB', 85, 0);

-- --------------------------------------------------------

--
-- Table structure for table `desain`
--

CREATE TABLE `desain` (
  `iddesain` int(11) NOT NULL,
  `nama` varchar(25) NOT NULL,
  `harga1` int(11) NOT NULL,
  `harga2` int(11) NOT NULL,
  `harga3` int(11) NOT NULL,
  `stok1` int(11) NOT NULL,
  `stok2` int(11) NOT NULL,
  `stok3` int(11) NOT NULL,
  `laststok1` int(11) NOT NULL,
  `laststok2` int(11) NOT NULL,
  `laststok3` int(11) NOT NULL
) ENGINE=InnoDB DEFAULT CHARSET=latin1;

--
-- Dumping data for table `desain`
--

INSERT INTO `desain` (`iddesain`, `nama`, `harga1`, `harga2`, `harga3`, `stok1`, `stok2`, `stok3`, `laststok1`, `laststok2`, `laststok3`) VALUES
(1, '3M 0K 0B', 324, 281, 298, 9982, 9978, 9967, 9982, 9979, 9968),
(2, '0M 3K 0B', 300, 300, 300, 10000, 10000, 10000, 10000, 10000, 10000),
(3, '0M 0K 3B', 300, 300, 300, 10000, 10000, 10000, 10000, 10000, 10000),
(4, '2M 1K 0B', 494, 502, 503, 7, 9, 11, 7, 9, 11),
(5, '2M 0K 1B', 500, 500, 500, 30, 30, 30, 30, 30, 30),
(6, '1M 2K 0B', 500, 500, 500, 30, 30, 30, 30, 30, 30),
(7, '1M 0K 2B', 500, 500, 500, 30, 30, 30, 30, 30, 30),
(8, '0M 2K 1B', 500, 500, 500, 30, 30, 30, 30, 30, 30),
(9, '0M 1K 2B', 500, 500, 500, 30, 30, 30, 30, 30, 30),
(10, '1M 1K 1B', 702, 692, 707, 0, 5, 3, 0, 5, 3);

-- --------------------------------------------------------

--
-- Table structure for table `detildesain`
--

CREATE TABLE `detildesain` (
  `iddetildesain` int(11) NOT NULL,
  `iddesain` int(11) NOT NULL,
  `idbahanbaku` int(11) NOT NULL
) ENGINE=InnoDB DEFAULT CHARSET=latin1;

--
-- Dumping data for table `detildesain`
--

INSERT INTO `detildesain` (`iddetildesain`, `iddesain`, `idbahanbaku`) VALUES
(1, 1, 1),
(2, 1, 1),
(3, 1, 1),
(4, 2, 2),
(5, 2, 2),
(6, 2, 2),
(7, 3, 3),
(8, 3, 3),
(9, 3, 3),
(10, 4, 1),
(11, 4, 1),
(12, 4, 2),
(13, 5, 1),
(14, 5, 1),
(15, 5, 3),
(16, 6, 1),
(17, 6, 2),
(18, 6, 2),
(19, 7, 1),
(20, 7, 3),
(21, 7, 3),
(22, 8, 2),
(23, 8, 2),
(24, 8, 3),
(25, 9, 2),
(26, 9, 3),
(27, 9, 3),
(28, 10, 1),
(29, 10, 2),
(30, 10, 3),
(31, 1, 4),
(32, 2, 4),
(33, 3, 4),
(34, 4, 4),
(35, 5, 4),
(36, 6, 4),
(37, 7, 4),
(38, 8, 4),
(39, 9, 4),
(40, 10, 4);

-- --------------------------------------------------------

--
-- Table structure for table `event`
--

CREATE TABLE `event` (
  `idevent` int(11) NOT NULL,
  `cash1` int(11) NOT NULL,
  `cash2` int(11) NOT NULL,
  `cash3` int(11) NOT NULL
) ENGINE=InnoDB DEFAULT CHARSET=latin1;

-- --------------------------------------------------------

--
-- Table structure for table `hargasaham`
--

CREATE TABLE `hargasaham` (
  `idhargasaham` int(11) NOT NULL,
  `idsaham` int(11) NOT NULL,
  `hjual1` int(11) NOT NULL,
  `hjual2` int(11) NOT NULL,
  `hjual3` int(11) NOT NULL,
  `hbeli1` int(11) NOT NULL,
  `hbeli2` int(11) NOT NULL,
  `hbeli3` int(11) NOT NULL
) ENGINE=InnoDB DEFAULT CHARSET=latin1;

--
-- Dumping data for table `hargasaham`
--

INSERT INTO `hargasaham` (`idhargasaham`, `idsaham`, `hjual1`, `hjual2`, `hjual3`, `hbeli1`, `hbeli2`, `hbeli3`) VALUES
(1, 0, 2550, 3250, 1550, 0, 0, 0),
(2, 0, 2343, 4932, 5696, 0, 0, 0),
(3, 0, 2141, 3668, 3406, 0, 0, 0),
(4, 0, 2368, 6128, 4720, 0, 0, 0),
(5, 0, 3742, 4834, 6379, 0, 0, 0),
(6, 0, 2443, 6520, 7826, 0, 0, 0),
(7, 0, 3206, 6870, 7242, 0, 0, 0),
(8, 0, 4007, 7009, 6207, 0, 0, 0),
(9, 0, 4254, 6379, 8379, 0, 0, 0),
(10, 0, 5399, 7434, 6475, 0, 0, 0),
(11, 0, 9249, 5472, 7524, 0, 0, 0),
(12, 0, 6185, 5075, 6170, 0, 0, 0),
(13, 0, 7045, 4884, 6251, 0, 0, 0),
(14, 0, 6580, 5983, 5677, 0, 0, 0),
(15, 0, 9024, 7133, 11646, 0, 0, 0);

-- --------------------------------------------------------

--
-- Table structure for table `inventory`
--

CREATE TABLE `inventory` (
  `idinventory` int(11) NOT NULL,
  `iduser` int(11) NOT NULL,
  `idbahanbaku` int(11) NOT NULL,
  `qty` int(11) NOT NULL
) ENGINE=InnoDB DEFAULT CHARSET=latin1;

--
-- Dumping data for table `inventory`
--

INSERT INTO `inventory` (`idinventory`, `iduser`, `idbahanbaku`, `qty`) VALUES
(1, 2, 4, 4),
(2, 2, 1, 12),
(3, 9, 4, 4),
(4, 9, 3, 12),
(5, 20, 4, 2),
(6, 20, 1, 6),
(7, 7, 4, 3),
(8, 14, 4, 2),
(9, 7, 1, 8),
(10, 14, 3, 6),
(11, 19, 4, 2),
(12, 19, 2, 6),
(13, 8, 4, 3),
(14, 8, 2, 9),
(15, 17, 4, 4),
(16, 12, 4, 3),
(17, 17, 1, 11),
(18, 14, 3, -2),
(19, 12, 2, 9),
(20, 14, 3, 2),
(21, 6, 4, 4),
(22, 5, 4, 4),
(23, 14, 3, -2),
(24, 5, 3, 12),
(25, 6, 1, 11),
(26, 1, 4, 4),
(27, 1, 2, 9),
(28, 20, 1, -2),
(29, 17, 1, -3),
(30, 7, 1, -2),
(31, 15, 4, 4),
(32, 13, 4, 4),
(33, 13, 1, 12),
(34, 16, 4, 4),
(35, 15, 3, 9),
(36, 16, 2, 12),
(37, 12, 2, -2),
(38, 1, 1, 3),
(39, 5, 2, 2),
(40, 20, 3, 2),
(41, 11, 4, 4),
(42, 10, 4, 2),
(43, 10, 3, 6),
(44, 11, 2, 12),
(45, 17, 1, -3),
(46, 14, 3, -1),
(47, 14, 3, -1),
(48, 14, 3, -1),
(49, 14, 4, -1),
(50, 12, 1, 2),
(51, 3, 4, 4),
(52, 3, 3, 12),
(53, 18, 4, 2),
(54, 19, 2, -1),
(55, 19, 2, -1),
(56, 19, 2, -1),
(57, 19, 4, -1),
(58, 17, 1, 4),
(59, 18, 2, 6),
(60, 1, 2, -2),
(61, 2, 1, -3),
(62, 7, 1, -1),
(63, 7, 1, -1),
(64, 7, 1, -1),
(65, 7, 4, -1),
(66, 4, 4, 4),
(67, 11, 4, 2),
(68, 6, 1, -1),
(69, 6, 1, -1),
(70, 6, 1, -1),
(71, 6, 4, -1),
(72, 4, 3, 12),
(73, 2, 1, 3),
(74, 11, 2, 6),
(75, 17, 1, -3),
(76, 2, 1, -3),
(77, 8, 2, -1),
(78, 8, 2, -1),
(79, 8, 2, -1),
(80, 8, 4, -1),
(81, 2, 1, 3),
(82, 16, 2, -3),
(83, 9, 3, -4),
(84, 9, 3, -4),
(85, 9, 3, -4),
(86, 9, 4, -4),
(87, 20, 1, -1),
(88, 20, 1, -1),
(89, 20, 3, -1),
(90, 20, 4, -1),
(91, 12, 1, -2),
(92, 12, 2, -2),
(93, 12, 2, -2),
(94, 12, 4, -2),
(95, 14, 3, 2),
(96, 2, 1, -3),
(97, 17, 1, -1),
(98, 17, 1, -1),
(99, 17, 1, -1),
(100, 17, 4, -1),
(101, 17, 2, 3),
(102, 20, 4, 2),
(103, 10, 4, 3),
(104, 20, 1, 6),
(105, 3, 3, -3),
(106, 10, 3, 9),
(107, 6, 1, -1),
(108, 6, 1, -1),
(109, 6, 1, -1),
(110, 6, 4, -1),
(111, 8, 2, -3),
(112, 18, 3, 3),
(113, 6, 4, 1),
(114, 6, 1, 4),
(115, 4, 4, 4),
(116, 17, 2, 3),
(117, 18, 1, 3),
(118, 4, 4, -4),
(119, 9, 4, 4),
(120, 5, 2, -1),
(121, 5, 3, -1),
(122, 5, 3, -1),
(123, 5, 4, -1),
(124, 13, 1, -1),
(125, 13, 1, -1),
(126, 13, 1, -1),
(127, 13, 4, -1),
(128, 9, 3, 12),
(129, 5, 3, -1),
(130, 5, 3, -1),
(131, 5, 3, -1),
(132, 5, 4, -1),
(133, 13, 1, -1),
(134, 13, 1, -1),
(135, 13, 1, -1),
(136, 13, 4, -1),
(137, 1, 1, -3),
(138, 1, 2, -3),
(139, 1, 2, -2),
(140, 1, 4, -3),
(141, 1, 4, 3),
(142, 19, 2, -1),
(143, 19, 2, -1),
(144, 19, 2, -1),
(145, 19, 4, -1),
(146, 12, 2, -1),
(147, 1, 2, 6),
(148, 14, 3, -2),
(149, 18, 2, -1),
(150, 18, 2, -1),
(151, 18, 2, -1),
(152, 18, 4, -1),
(153, 19, 4, 3),
(154, 14, 4, 1),
(155, 20, 1, -2),
(156, 19, 2, 9),
(157, 14, 3, 1),
(158, 5, 1, 2),
(159, 7, 1, -1),
(160, 7, 1, -1),
(161, 7, 1, -1),
(162, 7, 4, -1),
(163, 6, 1, -1),
(164, 6, 1, -1),
(165, 6, 1, -1),
(166, 6, 4, -1),
(167, 1, 2, 2),
(168, 12, 3, 2),
(169, 1, 2, -3),
(170, 7, 1, 3),
(171, 2, 1, -2),
(172, 2, 1, -2),
(173, 2, 1, -2),
(174, 2, 4, -2),
(175, 17, 1, 3),
(176, 20, 1, -1),
(177, 20, 1, -1),
(178, 20, 3, -1),
(179, 20, 4, -1),
(180, 2, 2, 3),
(181, 12, 4, 1),
(182, 10, 3, -3),
(183, 12, 2, 2),
(184, 17, 1, -1),
(185, 17, 1, -1),
(186, 17, 2, -1),
(187, 17, 4, -1),
(188, 17, 2, -3),
(189, 19, 2, -2),
(190, 13, 1, -1),
(191, 13, 1, -1),
(192, 13, 1, -1),
(193, 13, 4, -1),
(194, 18, 1, -1),
(195, 18, 2, -1),
(196, 18, 3, -1),
(197, 18, 4, -1),
(198, 8, 2, 6),
(199, 16, 3, 3),
(200, 15, 3, -3),
(201, 15, 3, -3),
(202, 15, 3, -3),
(203, 15, 4, -3),
(204, 5, 4, 1),
(205, 7, 4, 1),
(206, 2, 1, 3),
(207, 11, 2, -3),
(208, 11, 2, -3),
(209, 11, 2, -3),
(210, 11, 4, -3),
(211, 7, 1, 1),
(212, 17, 2, 3),
(213, 18, 4, 2),
(214, 14, 3, 2),
(215, 16, 2, -1),
(216, 16, 2, -1),
(217, 5, 3, -1),
(218, 16, 2, -1),
(219, 5, 3, -1),
(220, 16, 4, -1),
(221, 5, 3, -1),
(222, 5, 4, -1),
(223, 17, 1, -3),
(224, 13, 1, -3),
(225, 2, 1, -3),
(226, 6, 1, -1),
(227, 6, 1, -1),
(228, 6, 1, -1),
(229, 6, 4, -1),
(230, 4, 3, -3),
(231, 6, 4, 1),
(232, 6, 1, 3),
(233, 1, 3, 3),
(234, 15, 4, 1),
(235, 20, 4, 2),
(236, 14, 3, -1),
(237, 4, 3, 6),
(238, 20, 1, 6),
(239, 1, 2, -2),
(240, 1, 2, -2),
(241, 1, 2, -2),
(242, 1, 4, -2),
(243, 17, 4, 2),
(244, 2, 3, 1),
(245, 17, 1, 9),
(246, 3, 3, -3),
(247, 3, 3, -3),
(248, 3, 3, -3),
(249, 3, 4, -3),
(250, 8, 2, -1),
(251, 8, 2, -1),
(252, 8, 2, -1),
(253, 8, 4, -1),
(254, 2, 1, 3),
(255, 8, 2, -1),
(256, 1, 4, 2),
(257, 1, 2, 4),
(258, 6, 4, 1),
(259, 5, 2, 1),
(260, 3, 3, 3),
(261, 14, 3, -1),
(262, 14, 3, -1),
(263, 14, 3, -1),
(264, 14, 4, -1),
(265, 12, 2, -1),
(266, 12, 2, -1),
(267, 12, 3, -1),
(268, 12, 4, -1),
(269, 20, 4, -1),
(270, 3, 4, 2),
(271, 12, 2, -1),
(272, 12, 2, -1),
(273, 12, 3, -1),
(274, 12, 4, -1),
(275, 6, 1, 1),
(276, 10, 3, -2),
(277, 10, 3, -2),
(278, 10, 3, -2),
(279, 10, 4, -2),
(280, 13, 4, 1),
(281, 5, 4, 2),
(282, 5, 3, 6),
(283, 19, 2, -1),
(284, 19, 2, -1),
(285, 19, 2, -1),
(286, 19, 4, -1),
(287, 13, 1, 6),
(288, 8, 2, -1),
(289, 13, 2, 2),
(290, 9, 3, -4),
(291, 9, 3, -4),
(292, 9, 3, -4),
(293, 9, 4, -4),
(294, 20, 1, -2),
(295, 16, 2, -1),
(296, 16, 2, -1),
(297, 16, 3, -1),
(298, 16, 4, -1),
(299, 14, 3, 3),
(300, 5, 2, 1),
(301, 3, 3, -3),
(302, 6, 1, -1),
(303, 6, 1, -1),
(304, 6, 1, -1),
(305, 6, 4, -1),
(306, 16, 2, -2),
(307, 16, 2, -2),
(308, 16, 3, -2),
(309, 16, 4, -2),
(310, 1, 1, 2),
(311, 10, 4, 2),
(312, 10, 3, 6),
(313, 4, 3, -2),
(314, 4, 3, -2),
(315, 4, 3, -2),
(316, 4, 4, -2),
(317, 4, 3, -1),
(318, 4, 3, -1),
(319, 4, 3, -1),
(320, 4, 4, -1),
(321, 12, 4, 2),
(322, 2, 1, -1),
(323, 2, 2, -1),
(324, 2, 3, -1),
(325, 2, 4, -1),
(326, 18, 1, -1),
(327, 18, 2, -1),
(328, 18, 3, -1),
(329, 18, 4, -1),
(330, 6, 1, 5),
(331, 12, 2, 6),
(332, 19, 1, 3),
(333, 7, 1, -1),
(334, 7, 1, -1),
(335, 7, 1, -1),
(336, 7, 4, -1),
(337, 15, 3, 6),
(338, 3, 3, 9),
(339, 16, 4, 4),
(340, 17, 1, -1),
(341, 17, 1, -1),
(342, 17, 2, -1),
(343, 17, 4, -1),
(344, 15, 3, -2),
(345, 15, 3, -2),
(346, 15, 3, -2),
(347, 15, 4, -2),
(348, 16, 2, 12),
(349, 6, 1, -1),
(350, 6, 1, -1),
(351, 6, 1, -1),
(352, 6, 4, -1),
(353, 11, 2, -3),
(354, 11, 2, -3),
(355, 11, 2, -3),
(356, 11, 4, -3),
(357, 18, 4, 1),
(358, 17, 1, -1),
(359, 17, 1, -1),
(360, 17, 2, -1),
(361, 17, 4, -1),
(362, 18, 2, 6),
(363, 7, 1, -1),
(364, 6, 3, 3),
(365, 4, 3, -6),
(366, 3, 3, -3),
(367, 7, 1, 1),
(368, 8, 4, 1),
(369, 20, 1, -1),
(370, 20, 1, -1),
(371, 20, 1, -1),
(372, 20, 4, -1),
(373, 5, 3, -1),
(374, 5, 3, -1),
(375, 5, 3, -1),
(376, 5, 4, -1),
(377, 8, 2, 3),
(378, 12, 3, 3),
(379, 1, 1, -1),
(380, 1, 2, -1),
(381, 1, 3, -1),
(382, 1, 4, -1),
(383, 7, 1, 3),
(384, 10, 3, -3),
(385, 6, 1, -1),
(386, 6, 1, -1),
(387, 6, 1, -1),
(388, 6, 4, -1),
(389, 12, 2, -2),
(390, 12, 2, -2),
(391, 12, 2, -2),
(392, 12, 4, -2),
(393, 18, 2, -3),
(394, 14, 3, -1),
(395, 14, 3, -1),
(396, 14, 3, -1),
(397, 14, 4, -1),
(398, 2, 3, 3),
(399, 13, 1, -1),
(400, 3, 3, -3),
(401, 13, 1, -1),
(402, 13, 1, -1),
(403, 13, 4, -1),
(404, 10, 3, -3),
(405, 2, 3, 3),
(406, 12, 2, 1),
(407, 12, 4, 3),
(408, 6, 4, 3),
(409, 19, 1, -1),
(410, 19, 2, -1),
(411, 19, 2, -1),
(412, 19, 4, -1),
(413, 12, 2, 9),
(414, 13, 1, -1),
(415, 13, 1, -1),
(416, 13, 2, -1),
(417, 13, 4, -1),
(418, 3, 1, 0),
(419, 16, 3, 0),
(420, 3, 1, 2),
(421, 20, 1, -1),
(422, 20, 1, -1),
(423, 20, 1, -1),
(424, 20, 4, -1),
(425, 16, 3, 2),
(426, 14, 1, 0),
(427, 14, 4, 1),
(428, 14, 1, 2),
(429, 6, 2, 0),
(430, 3, 3, 4),
(431, 8, 2, -1),
(432, 17, 4, 2),
(433, 17, 1, 6),
(434, 12, 2, -4),
(435, 7, 3, 0),
(436, 16, 1, 0),
(437, 16, 1, 2),
(438, 10, 2, 0),
(439, 7, 4, 3),
(440, 7, 3, 12),
(441, 10, 4, 1),
(442, 10, 2, 3),
(443, 20, 4, 1),
(444, 20, 1, 4),
(445, 3, 3, -3),
(446, 1, 1, 0),
(447, 4, 2, 1),
(448, 1, 4, 3),
(449, 1, 1, 3),
(450, 14, 4, 1),
(451, 19, 1, -1),
(452, 19, 2, -1),
(453, 19, 2, -1),
(454, 19, 4, -1),
(455, 14, 3, 4),
(456, 13, 1, 3),
(457, 18, 1, 0),
(458, 18, 1, 0),
(459, 18, 1, 0),
(460, 18, 4, 0),
(461, 18, 1, -1),
(462, 18, 2, -1),
(463, 18, 3, -1),
(464, 18, 4, -1),
(465, 20, 3, 3),
(466, 17, 3, 0),
(467, 2, 1, -1),
(468, 17, 3, 6),
(469, 13, 1, -2),
(470, 5, 1, 0),
(471, 5, 1, 0),
(472, 5, 1, 0),
(473, 5, 4, 0),
(474, 7, 3, -1),
(475, 11, 4, 2),
(476, 5, 1, 2),
(477, 15, 4, 4),
(478, 15, 3, 9),
(479, 20, 1, -2),
(480, 11, 2, 6),
(481, 5, 1, -2),
(482, 5, 2, -2),
(483, 5, 3, -2),
(484, 5, 4, -2),
(485, 7, 1, 9),
(486, 2, 4, 2),
(487, 9, 4, 4),
(488, 1, 2, 3),
(489, 3, 1, -2),
(490, 3, 3, -2),
(491, 3, 3, -2),
(492, 3, 4, -2),
(493, 9, 3, 8),
(494, 12, 2, -3),
(495, 12, 2, -3),
(496, 12, 3, -3),
(497, 12, 4, -3),
(498, 13, 4, 2),
(499, 8, 2, -1),
(500, 8, 2, -1),
(501, 8, 2, -1),
(502, 8, 4, -1),
(503, 19, 4, 1),
(504, 19, 2, 2),
(505, 11, 2, -3),
(506, 15, 2, 0),
(507, 10, 1, 2),
(508, 20, 2, 3),
(509, 14, 1, -1),
(510, 14, 3, -1),
(511, 14, 3, -1),
(512, 14, 4, -1),
(513, 12, 2, 4),
(514, 15, 2, 3),
(515, 4, 3, 2),
(516, 20, 4, 1),
(517, 12, 2, -4),
(518, 10, 1, 0),
(519, 10, 1, 0),
(520, 10, 1, 0),
(521, 10, 4, 0),
(522, 6, 2, 0),
(523, 14, 1, -1),
(524, 14, 3, -1),
(525, 14, 3, -1),
(526, 14, 4, -1),
(527, 6, 2, 4),
(528, 1, 3, 0),
(529, 1, 3, 2),
(530, 12, 4, 2),
(531, 1, 3, 1),
(532, 12, 2, 4),
(533, 15, 3, -3),
(534, 13, 3, 0),
(535, 10, 2, -2),
(536, 10, 3, -2),
(537, 10, 3, -2),
(538, 10, 4, -2),
(539, 13, 3, 2),
(540, 5, 2, 0),
(541, 10, 2, -1),
(542, 10, 3, -1),
(543, 10, 3, -1),
(544, 10, 4, -1),
(545, 5, 4, 1),
(546, 17, 1, -1),
(547, 17, 2, -1),
(548, 17, 3, -1),
(549, 17, 4, -1),
(550, 15, 3, 3),
(551, 15, 3, -3),
(552, 16, 1, 0),
(553, 16, 1, 0),
(554, 16, 1, 0),
(555, 16, 4, 0),
(556, 9, 2, 0),
(557, 3, 4, 2),
(558, 8, 2, -3),
(559, 3, 3, 9),
(560, 16, 1, -1),
(561, 16, 2, -1),
(562, 16, 3, -1),
(563, 16, 4, -1),
(564, 9, 2, 8),
(565, 16, 1, -1),
(566, 16, 2, -1),
(567, 16, 3, -1),
(568, 16, 4, -1),
(569, 16, 2, -4),
(570, 15, 2, -1),
(571, 13, 2, 4),
(572, 12, 3, 3),
(573, 3, 3, -3),
(574, 10, 3, 3),
(575, 18, 2, 3),
(576, 3, 4, 1),
(577, 7, 2, 0),
(578, 3, 3, 1),
(579, 3, 3, -3),
(580, 13, 1, -1),
(581, 13, 2, -1),
(582, 13, 3, -1),
(583, 13, 4, -1),
(584, 20, 2, 3),
(585, 19, 1, -1),
(586, 19, 2, -1),
(587, 19, 2, -1),
(588, 19, 4, -1),
(589, 14, 4, 2),
(590, 7, 2, 6),
(591, 9, 2, -3),
(592, 9, 3, -3),
(593, 9, 3, -3),
(594, 9, 4, -3),
(595, 14, 3, 6),
(596, 6, 1, -1),
(597, 6, 2, -1),
(598, 6, 3, -1),
(599, 6, 4, -1),
(600, 4, 2, -1),
(601, 4, 3, -1),
(602, 4, 3, -1),
(603, 4, 4, -1),
(604, 18, 2, -1),
(605, 18, 2, -1),
(606, 18, 2, -1),
(607, 18, 4, -1),
(608, 6, 4, 4),
(609, 6, 1, 4),
(610, 17, 1, 0),
(611, 17, 1, 0),
(612, 17, 1, 0),
(613, 17, 4, 0),
(614, 2, 1, -2),
(615, 2, 2, -2),
(616, 2, 3, -2),
(617, 2, 4, -2),
(618, 17, 1, -2),
(619, 17, 2, -2),
(620, 17, 3, -2),
(621, 17, 4, -2),
(622, 13, 4, 1),
(623, 2, 1, -1),
(624, 2, 3, -1),
(625, 2, 3, -1),
(626, 2, 4, -1),
(627, 1, 1, 0),
(628, 1, 1, 0),
(629, 13, 1, 4),
(630, 1, 1, 0),
(631, 1, 4, 0),
(632, 11, 3, 0),
(633, 15, 2, -2),
(634, 15, 3, -2),
(635, 15, 3, -2),
(636, 15, 4, -2),
(637, 11, 3, 3),
(638, 19, 3, 3),
(639, 16, 1, 0),
(640, 5, 2, 0),
(641, 16, 4, 1),
(642, 5, 4, 2),
(643, 16, 1, 3),
(644, 12, 2, 4),
(645, 4, 4, 2),
(646, 14, 3, -2),
(647, 4, 3, 0),
(648, 1, 1, -3),
(649, 1, 2, -3),
(650, 1, 3, -3),
(651, 1, 4, -3),
(652, 4, 3, 6),
(653, 11, 1, 0),
(654, 12, 2, -4),
(655, 11, 1, 3),
(656, 1, 1, -1),
(657, 1, 2, -1),
(658, 1, 3, -1),
(659, 1, 4, -1),
(660, 20, 1, -2),
(661, 20, 2, -2),
(662, 20, 3, -2),
(663, 20, 4, -2),
(664, 5, 4, -2),
(665, 6, 1, 0),
(666, 6, 1, 0),
(667, 6, 1, 0),
(668, 6, 4, 0),
(669, 9, 1, 0),
(670, 9, 1, 0),
(671, 9, 1, 0),
(672, 9, 4, 0),
(673, 18, 4, 2),
(674, 9, 2, -1),
(675, 9, 3, -1),
(676, 9, 3, -1),
(677, 9, 4, -1),
(678, 6, 1, -2),
(679, 6, 2, -2),
(680, 6, 3, -2),
(681, 6, 4, -2),
(682, 14, 3, -1),
(683, 14, 3, -1),
(684, 14, 3, -1),
(685, 14, 4, -1),
(686, 2, 2, 0),
(687, 2, 4, 1),
(688, 2, 2, 2),
(689, 7, 1, -2),
(690, 7, 1, -2),
(691, 7, 3, -2),
(692, 7, 4, -2),
(693, 12, 2, -2),
(694, 12, 2, -2),
(695, 12, 3, -2),
(696, 12, 4, -2),
(697, 5, 2, 0),
(698, 10, 1, -1),
(699, 10, 3, -1),
(700, 10, 3, -1),
(701, 10, 4, -1),
(702, 13, 1, -1),
(703, 13, 2, -1),
(704, 13, 3, -1),
(705, 13, 4, -1),
(706, 5, 2, 3),
(707, 18, 3, 2),
(708, 15, 4, 3),
(709, 15, 3, 8),
(710, 20, 4, 2),
(711, 20, 1, 4),
(712, 3, 2, 0),
(713, 13, 3, 3),
(714, 2, 2, 4),
(715, 5, 1, 0),
(716, 6, 3, 4),
(717, 5, 1, 2),
(718, 3, 2, 4),
(719, 15, 2, 0),
(720, 7, 4, 4),
(721, 15, 2, 2),
(722, 10, 4, 2),
(723, 12, 4, 2),
(724, 1, 1, 0),
(725, 1, 4, 5),
(726, 12, 2, 6),
(727, 10, 3, 6),
(728, 11, 1, -1),
(729, 11, 2, -1),
(730, 11, 3, -1),
(731, 11, 4, -1),
(732, 1, 1, 5),
(733, 15, 3, -3),
(734, 6, 2, 0),
(735, 15, 3, 3),
(736, 3, 1, 0),
(737, 5, 1, 0),
(738, 5, 1, 0),
(739, 5, 1, 0),
(740, 5, 4, 0),
(741, 15, 3, -3),
(742, 3, 1, 4),
(743, 6, 2, 3),
(744, 3, 4, 1),
(745, 18, 2, 1),
(746, 2, 4, 1),
(747, 2, 1, 2),
(748, 19, 4, 1),
(749, 7, 1, -1),
(750, 7, 1, -1),
(751, 7, 3, -1),
(752, 7, 4, -1),
(753, 20, 4, 0),
(754, 19, 2, 2),
(755, 20, 3, 4),
(756, 11, 4, 1),
(757, 7, 1, -1),
(758, 7, 3, -1),
(759, 7, 3, -1),
(760, 7, 4, -1),
(761, 18, 2, -1),
(762, 18, 2, -1),
(763, 18, 3, -1),
(764, 18, 4, -1),
(765, 16, 1, 0),
(766, 16, 1, 0),
(767, 16, 1, 0),
(768, 16, 4, 0),
(769, 14, 3, 3),
(770, 10, 1, -1),
(771, 10, 3, -1),
(772, 10, 3, -1),
(773, 10, 4, -1),
(774, 7, 1, 9),
(775, 5, 1, -1),
(776, 5, 2, -1),
(777, 5, 3, -1),
(778, 5, 4, -1),
(779, 16, 1, -3),
(780, 16, 2, -3),
(781, 16, 2, -3),
(782, 16, 4, -3),
(783, 9, 4, 4),
(784, 8, 2, 3),
(785, 9, 3, 8),
(786, 18, 4, 2),
(787, 18, 2, 3),
(788, 6, 1, -2),
(789, 6, 1, -2),
(790, 6, 3, -2),
(791, 6, 4, -2),
(792, 4, 3, -2),
(793, 4, 3, -2),
(794, 4, 3, -2),
(795, 4, 4, -2),
(796, 17, 4, 2),
(797, 13, 1, -1),
(798, 13, 1, -1),
(799, 13, 3, -1),
(800, 13, 4, -1),
(801, 11, 1, -1),
(802, 11, 2, -1),
(803, 11, 3, -1),
(804, 11, 4, -1),
(805, 20, 1, 3),
(806, 1, 3, 0),
(807, 1, 3, 5),
(808, 11, 1, -1),
(809, 11, 2, -1),
(810, 11, 3, -1),
(811, 11, 4, -1),
(812, 8, 2, -3),
(813, 10, 3, -1),
(814, 10, 3, -1),
(815, 10, 3, -1),
(816, 10, 4, -1),
(817, 12, 2, -1),
(818, 12, 2, -1),
(819, 12, 3, -1),
(820, 12, 4, -1),
(821, 15, 3, 3),
(822, 14, 3, -1),
(823, 14, 3, -1),
(824, 14, 3, -1),
(825, 14, 4, -1),
(826, 17, 1, -1),
(827, 17, 1, -1),
(828, 17, 3, -1),
(829, 17, 4, -1),
(830, 12, 2, -1),
(831, 12, 2, -1),
(832, 12, 2, -1),
(833, 12, 4, -1),
(834, 14, 3, -1),
(835, 5, 4, 2),
(836, 13, 4, 2),
(837, 15, 3, -1),
(838, 14, 2, 3),
(839, 4, 4, 1),
(840, 19, 2, -1),
(841, 19, 2, -1),
(842, 19, 3, -1),
(843, 19, 4, -1),
(844, 4, 3, 3),
(845, 15, 2, -2),
(846, 15, 3, -2),
(847, 15, 3, -2),
(848, 15, 4, -2),
(849, 6, 1, 3),
(850, 15, 3, -1),
(851, 15, 3, -1),
(852, 15, 3, -1),
(853, 15, 4, -1),
(854, 6, 4, 1),
(855, 18, 2, -1),
(856, 18, 2, -1),
(857, 18, 3, -1),
(858, 18, 4, -1),
(859, 19, 4, 1),
(860, 19, 2, 2),
(861, 15, 3, -2),
(862, 12, 4, 1),
(863, 12, 2, 2),
(864, 5, 1, -2),
(865, 5, 2, -2),
(866, 5, 3, -2),
(867, 5, 4, -2),
(868, 1, 1, -1),
(869, 1, 2, -1),
(870, 1, 3, -1),
(871, 1, 4, -1),
(872, 10, 2, 0),
(873, 10, 4, 1),
(874, 10, 2, 3),
(875, 17, 1, -2),
(876, 17, 1, -2),
(877, 17, 3, -2),
(878, 17, 4, -2),
(879, 15, 3, 1),
(880, 14, 4, 1),
(881, 8, 2, 3),
(882, 14, 3, 2),
(883, 3, 1, -2),
(884, 3, 2, -2),
(885, 3, 3, -2),
(886, 3, 4, -2),
(887, 3, 1, 0),
(888, 3, 1, 0),
(889, 3, 1, 0),
(890, 3, 4, 0),
(891, 6, 2, -1),
(892, 6, 2, -1),
(893, 6, 3, -1),
(894, 6, 4, -1),
(895, 1, 1, 0),
(896, 1, 1, 0),
(897, 1, 1, 0),
(898, 1, 4, 0),
(899, 3, 1, -1),
(900, 3, 2, -1),
(901, 3, 3, -1),
(902, 3, 4, -1),
(903, 6, 2, -1),
(904, 6, 2, -1),
(905, 6, 3, -1),
(906, 6, 4, -1),
(907, 8, 2, -3),
(908, 11, 3, 2),
(909, 1, 1, -2),
(910, 1, 2, -2),
(911, 1, 3, -2),
(912, 1, 4, -2),
(913, 12, 2, -1),
(914, 12, 2, -1),
(915, 12, 2, -1),
(916, 12, 4, -1),
(917, 15, 3, -1),
(918, 20, 1, 0),
(919, 20, 1, 0),
(920, 20, 1, 0),
(921, 20, 4, 0),
(922, 20, 1, -2),
(923, 20, 2, -2),
(924, 20, 3, -2),
(925, 20, 4, -2),
(926, 7, 1, -2),
(927, 7, 1, -2),
(928, 7, 3, -2),
(929, 7, 4, -2),
(930, 19, 2, -1),
(931, 19, 2, -1),
(932, 19, 3, -1),
(933, 19, 4, -1),
(934, 14, 2, -1),
(935, 14, 3, -1),
(936, 14, 3, -1),
(937, 14, 4, -1),
(938, 5, 3, 1),
(939, 2, 1, -2),
(940, 2, 2, -2),
(941, 2, 2, -2),
(942, 2, 4, -2),
(943, 9, 2, -3),
(944, 9, 3, -3),
(945, 9, 3, -3),
(946, 9, 4, -3),
(947, 6, 1, -1),
(948, 6, 1, -1),
(949, 6, 1, -1),
(950, 6, 4, -1),
(951, 18, 2, -1),
(952, 18, 2, -1),
(953, 18, 2, -1),
(954, 18, 4, -1),
(955, 2, 4, 1),
(956, 4, 3, -1),
(957, 4, 3, -1),
(958, 4, 3, -1),
(959, 4, 4, -1),
(960, 2, 4, 1);

-- --------------------------------------------------------

--
-- Table structure for table `onsale`
--

CREATE TABLE `onsale` (
  `idonsale` int(11) NOT NULL,
  `iduser` int(11) NOT NULL,
  `idbahanbaku` int(11) NOT NULL,
  `qty` int(11) NOT NULL,
  `harga` int(11) NOT NULL,
  `currency` varchar(100) NOT NULL,
  `pembeli` int(11) NOT NULL
) ENGINE=InnoDB DEFAULT CHARSET=latin1;

--
-- Dumping data for table `onsale`
--

INSERT INTO `onsale` (`idonsale`, `iduser`, `idbahanbaku`, `qty`, `harga`, `currency`, `pembeli`) VALUES
(2, 14, 3, 2, 160, 'SGD', 20),
(3, 20, 1, 2, 190, 'SGD', 12),
(4, 17, 1, 3, 225, 'IDR', 1),
(5, 12, 2, 2, 200, 'RMB', 5),
(6, 17, 1, 3, 300, 'IDR', 18),
(11, 16, 2, 3, 300, 'IDR', 17),
(13, 3, 3, 3, 280, 'RMB', 18),
(14, 8, 2, 3, 230, 'SGD', 17),
(16, 14, 3, 2, 185, 'IDR', 12),
(17, 20, 1, 2, 220, 'RMB', 5),
(18, 1, 2, 3, 200, 'IDR', 2),
(19, 10, 3, 3, 380, 'RMB', 16),
(21, 19, 2, 2, 250, 'IDR', 13),
(22, 17, 1, 3, 300, 'IDR', 19),
(25, 4, 3, 3, 220, 'SGD', 1),
(26, 14, 3, 1, 90, 'IDR', 2),
(27, 8, 2, 1, 90, 'SGD', 5),
(29, 8, 2, 1, 110, 'SGD', 5),
(30, 20, 1, 2, 220, 'SGD', 1),
(31, 3, 3, 3, 300, 'IDR', 6),
(33, 3, 3, 3, 300, 'RMB', 12),
(34, 10, 3, 3, 360, 'IDR', 2),
(36, 3, 3, 3, 380, 'RMB', 2),
(38, 8, 2, 1, 99, 'SGD', 4),
(40, 3, 3, 3, 300, 'RMB', 20),
(41, 13, 1, 2, 250, 'RMB', 5),
(42, 20, 1, 2, 250, 'RMB', 10),
(43, 11, 2, 3, 275, 'IDR', 20),
(46, 15, 3, 3, 350, 'SGD', 12),
(47, 8, 2, 3, 260, 'SGD', 20),
(48, 16, 2, 4, 300, 'IDR', 13),
(49, 3, 3, 3, 400, 'IDR', 13),
(50, 3, 3, 3, 410, 'SGD', 19),
(51, 14, 3, 2, 220, 'SGD', 18),
(52, 12, 2, 4, 300, 'IDR', 2),
(55, 8, 2, 3, 285, 'SGD', 14),
(56, 14, 3, 1, 110, 'IDR', 0),
(58, 15, 3, 2, 130, 'SGD', 11),
(59, 8, 2, 3, 299, 'SGD', 0),
(60, 15, 3, 1, 50, 'IDR', 0);

-- --------------------------------------------------------

--
-- Table structure for table `pembelian`
--

CREATE TABLE `pembelian` (
  `idpembelian` int(11) NOT NULL,
  `idbahanbaku` int(11) NOT NULL,
  `iduser` int(11) NOT NULL,
  `qty` int(11) NOT NULL,
  `hsatuan` int(11) NOT NULL,
  `currency` varchar(100) NOT NULL
) ENGINE=InnoDB DEFAULT CHARSET=latin1;

--
-- Dumping data for table `pembelian`
--

INSERT INTO `pembelian` (`idpembelian`, `idbahanbaku`, `iduser`, `qty`, `hsatuan`, `currency`) VALUES
(1, 4, 2, 4, 100, 'IDR'),
(2, 1, 2, 12, 50, 'IDR'),
(3, 4, 9, 4, 100, 'RMB'),
(4, 3, 9, 12, 50, 'RMB'),
(5, 4, 20, 2, 100, 'IDR'),
(6, 1, 20, 6, 50, 'IDR'),
(7, 4, 7, 3, 100, 'IDR'),
(8, 4, 14, 2, 100, 'RMB'),
(9, 1, 7, 8, 50, 'IDR'),
(10, 3, 14, 6, 50, 'RMB'),
(11, 4, 19, 2, 100, 'SGD'),
(12, 2, 19, 6, 50, 'SGD'),
(13, 4, 8, 3, 100, 'SGD'),
(14, 2, 8, 9, 50, 'SGD'),
(15, 4, 17, 4, 103, 'IDR'),
(16, 4, 12, 3, 98, 'SGD'),
(17, 1, 17, 11, 52, 'IDR'),
(18, 2, 12, 9, 49, 'SGD'),
(19, 4, 6, 4, 103, 'IDR'),
(20, 4, 5, 4, 99, 'RMB'),
(21, 3, 5, 12, 50, 'RMB'),
(22, 1, 6, 11, 52, 'IDR'),
(23, 4, 1, 4, 98, 'SGD'),
(24, 2, 1, 9, 49, 'SGD'),
(25, 4, 15, 4, 99, 'RMB'),
(26, 4, 13, 4, 103, 'IDR'),
(27, 1, 13, 12, 52, 'IDR'),
(28, 4, 16, 4, 98, 'SGD'),
(29, 3, 15, 9, 50, 'RMB'),
(30, 2, 16, 12, 49, 'SGD'),
(31, 4, 11, 4, 98, 'SGD'),
(32, 4, 10, 2, 98, 'RMB'),
(33, 3, 10, 6, 47, 'RMB'),
(34, 2, 11, 12, 50, 'SGD'),
(35, 4, 3, 4, 98, 'RMB'),
(36, 3, 3, 12, 47, 'RMB'),
(37, 4, 18, 2, 98, 'SGD'),
(38, 1, 17, 4, 55, 'IDR'),
(39, 2, 18, 6, 50, 'SGD'),
(40, 4, 4, 4, 98, 'RMB'),
(41, 4, 11, 2, 98, 'SGD'),
(42, 3, 4, 12, 47, 'RMB'),
(43, 2, 11, 6, 50, 'SGD'),
(44, 3, 14, 2, 49, 'RMB'),
(45, 4, 20, 2, 95, 'IDR'),
(46, 4, 10, 3, 104, 'RMB'),
(47, 1, 20, 6, 52, 'IDR'),
(48, 3, 10, 9, 49, 'RMB'),
(49, 4, 6, 1, 95, 'IDR'),
(50, 1, 6, 4, 52, 'IDR'),
(52, 4, 9, 4, 104, 'RMB'),
(53, 3, 9, 12, 49, 'RMB'),
(54, 4, 1, 3, 91, 'SGD'),
(55, 2, 1, 6, 47, 'SGD'),
(56, 4, 19, 3, 91, 'SGD'),
(57, 4, 14, 1, 118, 'RMB'),
(58, 2, 19, 9, 47, 'SGD'),
(59, 3, 14, 1, 53, 'RMB'),
(60, 1, 7, 3, 52, 'IDR'),
(61, 4, 12, 1, 91, 'SGD'),
(62, 2, 12, 2, 47, 'SGD'),
(63, 2, 8, 6, 58, 'SGD'),
(64, 4, 5, 1, 110, 'RMB'),
(65, 4, 7, 1, 80, 'IDR'),
(66, 1, 7, 1, 47, 'IDR'),
(67, 4, 18, 2, 111, 'SGD'),
(68, 3, 14, 2, 46, 'RMB'),
(69, 4, 6, 1, 80, 'IDR'),
(70, 1, 6, 3, 47, 'IDR'),
(71, 4, 15, 1, 110, 'RMB'),
(72, 4, 20, 2, 80, 'IDR'),
(74, 1, 20, 6, 47, 'IDR'),
(75, 4, 17, 2, 80, 'IDR'),
(76, 1, 17, 9, 47, 'IDR'),
(77, 4, 1, 2, 106, 'SGD'),
(78, 2, 1, 4, 56, 'SGD'),
(79, 4, 6, 1, 89, 'IDR'),
(80, 3, 3, 3, 45, 'RMB'),
(81, 4, 3, 2, 105, 'RMB'),
(82, 1, 6, 1, 50, 'IDR'),
(83, 4, 13, 1, 89, 'IDR'),
(84, 4, 5, 2, 105, 'RMB'),
(85, 3, 5, 6, 45, 'RMB'),
(86, 1, 13, 6, 50, 'IDR'),
(87, 3, 14, 3, 45, 'RMB'),
(88, 4, 10, 2, 105, 'RMB'),
(89, 3, 10, 6, 45, 'RMB'),
(90, 4, 12, 2, 106, 'SGD'),
(91, 1, 6, 5, 50, 'IDR'),
(92, 2, 12, 6, 56, 'SGD'),
(93, 3, 15, 6, 45, 'RMB'),
(94, 3, 3, 9, 45, 'RMB'),
(95, 4, 16, 4, 106, 'SGD'),
(96, 2, 16, 12, 56, 'SGD'),
(97, 4, 18, 1, 106, 'SGD'),
(98, 2, 18, 6, 56, 'SGD'),
(99, 4, 8, 1, 106, 'SGD'),
(100, 2, 8, 3, 56, 'SGD'),
(101, 1, 7, 3, 50, 'IDR'),
(102, 4, 12, 3, 130, 'SGD'),
(103, 4, 6, 3, 80, 'IDR'),
(104, 2, 12, 9, 60, 'SGD'),
(105, 1, 3, 0, 47, 'IDR'),
(106, 3, 16, 0, 44, 'RMB'),
(107, 1, 3, 2, 47, 'IDR'),
(108, 3, 16, 2, 44, 'RMB'),
(109, 1, 14, 0, 47, 'IDR'),
(110, 4, 14, 1, 80, 'IDR'),
(111, 1, 14, 2, 47, 'IDR'),
(112, 2, 6, 0, 60, 'SGD'),
(113, 3, 3, 4, 44, 'RMB'),
(114, 4, 17, 2, 80, 'IDR'),
(115, 1, 17, 6, 47, 'IDR'),
(116, 3, 7, 0, 44, 'RMB'),
(117, 1, 16, 0, 47, 'IDR'),
(118, 1, 16, 2, 47, 'IDR'),
(119, 2, 10, 0, 60, 'SGD'),
(120, 4, 7, 3, 98, 'RMB'),
(121, 3, 7, 12, 44, 'RMB'),
(122, 4, 10, 1, 130, 'SGD'),
(123, 2, 10, 3, 60, 'SGD'),
(124, 4, 20, 1, 80, 'IDR'),
(125, 1, 20, 4, 47, 'IDR'),
(126, 1, 1, 0, 47, 'IDR'),
(127, 4, 1, 3, 80, 'IDR'),
(128, 1, 1, 3, 47, 'IDR'),
(129, 4, 14, 1, 94, 'RMB'),
(130, 3, 14, 4, 44, 'RMB'),
(131, 3, 17, 0, 44, 'RMB'),
(132, 3, 17, 6, 44, 'RMB'),
(133, 4, 11, 2, 127, 'SGD'),
(134, 4, 15, 4, 94, 'RMB'),
(135, 3, 15, 9, 44, 'RMB'),
(136, 2, 11, 6, 60, 'SGD'),
(137, 1, 7, 9, 47, 'IDR'),
(138, 4, 2, 2, 87, 'IDR'),
(139, 4, 9, 4, 94, 'RMB'),
(140, 2, 1, 3, 60, 'SGD'),
(141, 3, 9, 8, 44, 'RMB'),
(142, 4, 13, 2, 87, 'IDR'),
(143, 4, 19, 1, 127, 'SGD'),
(144, 2, 19, 2, 60, 'SGD'),
(145, 2, 15, 0, 60, 'SGD'),
(146, 2, 15, 3, 60, 'SGD'),
(147, 3, 4, 2, 44, 'RMB'),
(148, 2, 6, 0, 60, 'SGD'),
(149, 2, 6, 4, 60, 'SGD'),
(150, 3, 1, 0, 44, 'RMB'),
(151, 3, 1, 2, 44, 'RMB'),
(152, 4, 12, 2, 123, 'SGD'),
(153, 3, 1, 1, 44, 'RMB'),
(154, 2, 12, 4, 60, 'SGD'),
(155, 3, 13, 0, 44, 'RMB'),
(156, 3, 13, 2, 44, 'RMB'),
(157, 2, 5, 0, 60, 'SGD'),
(158, 4, 5, 1, 123, 'SGD'),
(159, 2, 9, 0, 60, 'SGD'),
(160, 4, 3, 2, 101, 'RMB'),
(161, 3, 3, 9, 44, 'RMB'),
(162, 2, 9, 8, 60, 'SGD'),
(163, 4, 3, 1, 101, 'RMB'),
(164, 2, 7, 0, 60, 'SGD'),
(165, 3, 3, 1, 44, 'RMB'),
(166, 4, 14, 2, 101, 'RMB'),
(167, 2, 7, 6, 60, 'SGD'),
(168, 3, 14, 6, 44, 'RMB'),
(169, 4, 6, 4, 85, 'IDR'),
(170, 1, 6, 4, 47, 'IDR'),
(171, 4, 13, 1, 85, 'IDR'),
(172, 1, 13, 4, 47, 'IDR'),
(173, 3, 11, 0, 44, 'RMB'),
(174, 3, 11, 3, 44, 'RMB'),
(175, 1, 16, 0, 47, 'IDR'),
(176, 2, 5, 0, 60, 'SGD'),
(177, 4, 16, 1, 85, 'IDR'),
(179, 1, 16, 3, 47, 'IDR'),
(180, 4, 4, 2, 101, 'RMB'),
(181, 3, 4, 0, 44, 'RMB'),
(182, 3, 4, 6, 44, 'RMB'),
(183, 1, 11, 0, 47, 'IDR'),
(184, 1, 11, 3, 47, 'IDR'),
(185, 4, 18, 2, 123, 'SGD'),
(186, 2, 2, 0, 60, 'SGD'),
(187, 4, 2, 1, 123, 'SGD'),
(188, 2, 2, 2, 60, 'SGD'),
(189, 2, 5, 0, 60, 'SGD'),
(190, 2, 5, 3, 60, 'SGD'),
(191, 4, 15, 3, 101, 'RMB'),
(192, 3, 15, 8, 47, 'RMB'),
(193, 4, 20, 2, 84, 'IDR'),
(194, 1, 20, 4, 43, 'IDR'),
(195, 2, 3, 0, 60, 'SGD'),
(196, 1, 5, 0, 43, 'IDR'),
(197, 3, 6, 4, 47, 'RMB'),
(198, 1, 5, 2, 43, 'IDR'),
(199, 2, 3, 4, 60, 'SGD'),
(200, 2, 15, 0, 60, 'SGD'),
(201, 4, 7, 4, 84, 'IDR'),
(202, 2, 15, 2, 60, 'SGD'),
(203, 4, 10, 2, 101, 'RMB'),
(204, 4, 12, 2, 115, 'SGD'),
(205, 1, 1, 0, 41, 'IDR'),
(206, 4, 1, 5, 90, 'IDR'),
(207, 2, 12, 6, 61, 'SGD'),
(208, 3, 10, 6, 48, 'RMB'),
(209, 1, 1, 5, 41, 'IDR'),
(210, 2, 6, 0, 61, 'SGD'),
(211, 1, 3, 0, 41, 'IDR'),
(212, 1, 3, 4, 41, 'IDR'),
(213, 2, 6, 3, 61, 'SGD'),
(214, 4, 3, 1, 90, 'IDR'),
(215, 2, 18, 1, 61, 'SGD'),
(216, 4, 2, 1, 90, 'IDR'),
(217, 1, 2, 2, 41, 'IDR'),
(218, 4, 19, 1, 115, 'SGD'),
(219, 4, 20, 0, 104, 'RMB'),
(220, 2, 19, 2, 61, 'SGD'),
(221, 3, 20, 4, 48, 'RMB'),
(222, 4, 11, 1, 115, 'SGD'),
(223, 3, 14, 3, 48, 'RMB'),
(224, 1, 7, 9, 41, 'IDR'),
(225, 4, 9, 4, 104, 'RMB'),
(226, 2, 8, 3, 61, 'SGD'),
(227, 3, 9, 8, 48, 'RMB'),
(228, 4, 18, 2, 113, 'SGD'),
(229, 2, 18, 3, 61, 'SGD'),
(230, 4, 17, 2, 94, 'IDR'),
(231, 1, 20, 3, 41, 'IDR'),
(232, 3, 1, 0, 48, 'RMB'),
(233, 3, 1, 5, 48, 'RMB'),
(234, 4, 5, 2, 102, 'RMB'),
(235, 4, 13, 2, 94, 'IDR'),
(236, 4, 4, 1, 102, 'RMB'),
(237, 3, 4, 3, 48, 'RMB'),
(238, 1, 6, 3, 41, 'IDR'),
(239, 4, 6, 1, 94, 'IDR'),
(240, 4, 19, 1, 113, 'SGD'),
(241, 2, 19, 2, 61, 'SGD'),
(242, 4, 12, 1, 113, 'SGD'),
(243, 2, 12, 2, 60, 'SGD'),
(244, 2, 10, 0, 60, 'SGD'),
(245, 4, 10, 1, 113, 'SGD'),
(246, 2, 10, 3, 60, 'SGD'),
(247, 4, 14, 1, 99, 'RMB'),
(248, 2, 8, 3, 60, 'SGD'),
(249, 3, 14, 2, 51, 'RMB'),
(250, 3, 5, 1, 51, 'RMB'),
(251, 4, 2, 1, 83, 'IDR'),
(252, 4, 2, 1, 83, 'IDR');

-- --------------------------------------------------------

--
-- Table structure for table `penjualan`
--

CREATE TABLE `penjualan` (
  `idpenjualan` int(11) NOT NULL,
  `iduser` int(11) NOT NULL,
  `iddesain` int(11) NOT NULL,
  `qty` int(11) NOT NULL,
  `hsatuan` int(11) NOT NULL,
  `currency` varchar(100) NOT NULL
) ENGINE=InnoDB DEFAULT CHARSET=latin1;

--
-- Dumping data for table `penjualan`
--

INSERT INTO `penjualan` (`idpenjualan`, `iduser`, `iddesain`, `qty`, `hsatuan`, `currency`) VALUES
(1, 14, 3, 1, 300, 'RMB'),
(2, 19, 2, 1, 300, 'SGD'),
(3, 7, 1, 1, 300, 'IDR'),
(4, 8, 2, 1, 300, 'SGD'),
(5, 9, 3, 4, 300, 'RMB'),
(6, 20, 5, 1, 500, 'IDR'),
(7, 12, 6, 2, 500, 'SGD'),
(8, 17, 1, 1, 300, 'IDR'),
(9, 6, 1, 1, 300, 'IDR'),
(10, 5, 9, 1, 500, 'RMB'),
(11, 13, 1, 1, 300, 'IDR'),
(12, 5, 3, 1, 300, 'RMB'),
(13, 1, 6, 3, 500, 'SGD'),
(14, 19, 2, 1, 308, 'SGD'),
(15, 18, 2, 1, 308, 'SGD'),
(16, 7, 1, 1, 300, 'IDR'),
(17, 6, 1, 1, 300, 'IDR'),
(18, 2, 1, 2, 300, 'IDR'),
(19, 20, 5, 1, 500, 'IDR'),
(20, 17, 4, 1, 500, 'IDR'),
(21, 13, 1, 1, 287, 'IDR'),
(22, 18, 10, 1, 700, 'SGD'),
(23, 15, 3, 3, 305, 'RMB'),
(24, 11, 2, 3, 308, 'SGD'),
(25, 16, 2, 1, 308, 'SGD'),
(26, 5, 3, 1, 305, 'RMB'),
(27, 6, 1, 1, 287, 'IDR'),
(28, 1, 2, 2, 308, 'SGD'),
(29, 3, 3, 3, 305, 'RMB'),
(30, 8, 2, 1, 308, 'SGD'),
(31, 14, 3, 1, 302, 'RMB'),
(32, 12, 8, 1, 501, 'SGD'),
(33, 10, 3, 2, 302, 'RMB'),
(34, 19, 2, 1, 305, 'SGD'),
(35, 9, 3, 4, 302, 'RMB'),
(36, 6, 1, 1, 293, 'IDR'),
(37, 16, 8, 2, 501, 'SGD'),
(38, 4, 3, 2, 302, 'RMB'),
(39, 2, 10, 1, 702, 'IDR'),
(40, 18, 10, 1, 697, 'SGD'),
(41, 7, 1, 1, 293, 'IDR'),
(42, 15, 3, 2, 288, 'RMB'),
(43, 6, 1, 1, 299, 'IDR'),
(44, 11, 2, 3, 313, 'SGD'),
(45, 17, 4, 1, 498, 'IDR'),
(46, 20, 1, 1, 299, 'IDR'),
(47, 5, 3, 1, 288, 'RMB'),
(48, 1, 10, 1, 696, 'SGD'),
(49, 6, 1, 1, 299, 'IDR'),
(50, 12, 2, 2, 313, 'SGD'),
(51, 14, 3, 1, 288, 'RMB'),
(52, 13, 1, 1, 302, 'IDR'),
(53, 19, 6, 1, 501, 'SGD'),
(54, 13, 4, 1, 495, 'IDR'),
(55, 20, 1, 1, 302, 'IDR'),
(56, 19, 6, 1, 500, 'SGD'),
(57, 18, 1, 0, 302, 'RMB'),
(58, 18, 10, 1, 705, 'RMB'),
(59, 5, 1, 0, 273, 'IDR'),
(60, 5, 10, 2, 703, 'IDR'),
(61, 3, 7, 2, 505, 'RMB'),
(62, 12, 8, 3, 500, 'SGD'),
(63, 8, 2, 1, 324, 'SGD'),
(64, 14, 7, 1, 505, 'RMB'),
(65, 10, 1, 0, 288, 'IDR'),
(66, 14, 7, 1, 505, 'RMB'),
(67, 10, 9, 1, 494, 'IDR'),
(68, 17, 10, 1, 702, 'IDR'),
(69, 16, 1, 0, 288, 'IDR'),
(70, 16, 10, 1, 702, 'IDR'),
(71, 13, 10, 1, 702, 'IDR'),
(72, 19, 6, 1, 500, 'SGD'),
(73, 9, 9, 3, 505, 'RMB'),
(74, 6, 10, 1, 702, 'IDR'),
(75, 4, 9, 1, 505, 'RMB'),
(76, 18, 2, 1, 295, 'SGD'),
(77, 17, 1, 0, 317, 'RMB'),
(78, 2, 10, 2, 702, 'IDR'),
(79, 17, 10, 2, 705, 'RMB'),
(80, 2, 7, 1, 494, 'IDR'),
(81, 1, 1, 0, 288, 'IDR'),
(82, 15, 9, 2, 505, 'RMB'),
(83, 1, 10, 3, 702, 'IDR'),
(84, 1, 10, 1, 694, 'SGD'),
(85, 20, 10, 2, 702, 'IDR'),
(86, 6, 1, 0, 295, 'SGD'),
(87, 9, 1, 0, 288, 'IDR'),
(88, 6, 10, 2, 696, 'SGD'),
(89, 14, 3, 1, 332, 'RMB'),
(90, 7, 5, 2, 495, 'IDR'),
(91, 12, 8, 2, 501, 'SGD'),
(92, 10, 7, 1, 503, 'RMB'),
(93, 13, 10, 1, 698, 'IDR'),
(94, 11, 10, 1, 695, 'SGD'),
(95, 5, 1, 0, 318, 'IDR'),
(96, 7, 5, 1, 495, 'IDR'),
(97, 7, 7, 1, 495, 'IDR'),
(98, 18, 8, 1, 501, 'SGD'),
(99, 16, 1, 0, 318, 'IDR'),
(100, 10, 7, 1, 503, 'RMB'),
(101, 5, 10, 1, 708, 'RMB'),
(102, 16, 6, 3, 495, 'IDR'),
(103, 6, 5, 2, 495, 'IDR'),
(104, 4, 3, 2, 303, 'RMB'),
(105, 13, 5, 1, 495, 'IDR'),
(106, 11, 10, 1, 694, 'SGD'),
(107, 10, 3, 1, 303, 'RMB'),
(108, 12, 8, 1, 501, 'SGD'),
(109, 14, 3, 1, 303, 'RMB'),
(110, 17, 5, 1, 495, 'IDR'),
(111, 12, 2, 1, 281, 'SGD'),
(112, 19, 8, 1, 501, 'SGD'),
(113, 15, 9, 2, 503, 'RMB'),
(114, 15, 3, 1, 303, 'RMB'),
(115, 18, 8, 1, 501, 'SGD'),
(116, 5, 10, 2, 709, 'RMB'),
(117, 1, 10, 1, 691, 'SGD'),
(118, 3, 10, 2, 709, 'RMB'),
(119, 3, 1, 0, 288, 'SGD'),
(120, 6, 8, 1, 495, 'IDR'),
(121, 1, 1, 0, 284, 'RMB'),
(122, 3, 10, 1, 691, 'SGD'),
(123, 1, 10, 2, 709, 'RMB'),
(124, 12, 2, 1, 288, 'SGD'),
(125, 20, 1, 0, 284, 'RMB'),
(126, 20, 10, 2, 709, 'RMB'),
(127, 7, 5, 2, 495, 'IDR'),
(128, 19, 8, 1, 501, 'SGD'),
(129, 14, 9, 1, 503, 'RMB'),
(130, 2, 6, 2, 495, 'IDR'),
(131, 9, 9, 3, 503, 'RMB'),
(132, 6, 1, 1, 331, 'IDR'),
(133, 18, 2, 1, 281, 'SGD'),
(134, 4, 3, 1, 298, 'RMB');

-- --------------------------------------------------------

--
-- Table structure for table `saham`
--

CREATE TABLE `saham` (
  `idsaham` int(11) NOT NULL,
  `nama` varchar(100) NOT NULL
) ENGINE=InnoDB DEFAULT CHARSET=latin1;

--
-- Dumping data for table `saham`
--

INSERT INTO `saham` (`idsaham`, `nama`) VALUES
(1, 'Sampoerna'),
(2, 'Freeport'),
(3, 'Ciputra');

-- --------------------------------------------------------

--
-- Table structure for table `setting`
--

CREATE TABLE `setting` (
  `idsetting` int(11) NOT NULL,
  `namasetting` varchar(100) NOT NULL,
  `harga1` int(11) NOT NULL,
  `harga2` int(11) NOT NULL,
  `harga3` int(11) NOT NULL
) ENGINE=InnoDB DEFAULT CHARSET=latin1;

--
-- Dumping data for table `setting`
--

INSERT INTO `setting` (`idsetting`, `namasetting`, `harga1`, `harga2`, `harga3`) VALUES
(1, 'exportimport', 80, 80, 80),
(2, 'bungapinjam', 10, 0, 0),
(3, 'bungatabung', 5, 0, 0);

-- --------------------------------------------------------

--
-- Table structure for table `tcurrency`
--

CREATE TABLE `tcurrency` (
  `idtcurrency` int(11) NOT NULL,
  `iduser` int(11) NOT NULL,
  `currency1` varchar(100) NOT NULL,
  `currency2` varchar(100) NOT NULL,
  `nominal` int(11) NOT NULL
) ENGINE=InnoDB DEFAULT CHARSET=latin1;

--
-- Dumping data for table `tcurrency`
--

INSERT INTO `tcurrency` (`idtcurrency`, `iduser`, `currency1`, `currency2`, `nominal`) VALUES
(1, 8, 'SGD', 'RMB', 100),
(2, 16, 'SGD', 'IDR', 500),
(3, 8, 'SGD', 'RMB', 50),
(4, 7, 'RMB', 'SGD', 400),
(5, 5, 'RMB', 'SGD', 200),
(6, 8, 'SGD', 'IDR', 25),
(7, 10, 'IDR', 'RMB', 500),
(8, 8, 'IDR', 'SGD', 18),
(9, 8, 'RMB', 'SGD', 137),
(10, 12, 'SGD', 'RMB', 400),
(11, 2, 'IDR', 'RMB', 200),
(12, 2, 'IDR', 'SGD', 200),
(13, 10, 'RMB', 'SGD', 300),
(14, 1, 'SGD', 'RMB', 500),
(15, 8, 'SGD', 'IDR', 79),
(16, 8, 'SGD', 'RMB', 50),
(17, 6, 'IDR', 'RMB', 200),
(18, 16, 'IDR', 'RMB', 400),
(19, 2, 'IDR', 'RMB', 300),
(20, 11, 'SGD', 'IDR', 936),
(21, 8, 'RMB', 'SGD', 36),
(22, 4, 'RMB', 'IDR', 200),
(23, 5, 'RMB', 'IDR', 50),
(24, 9, 'RMB', 'SGD', 435),
(25, 18, 'SGD', 'RMB', 320),
(26, 8, 'SGD', 'IDR', 40),
(27, 10, 'RMB', 'SGD', 100),
(28, 6, 'RMB', 'SGD', 200),
(29, 12, 'SGD', 'RMB', 200),
(30, 18, 'RMB', 'IDR', 312),
(31, 5, 'RMB', 'SGD', 150),
(32, 18, 'RMB', 'IDR', 5),
(33, 11, 'SGD', 'RMB', 325),
(34, 5, 'RMB', 'SGD', 500),
(35, 6, 'SGD', 'RMB', 300),
(36, 1, 'SGD', 'IDR', 200),
(37, 9, 'RMB', 'SGD', 160),
(38, 17, 'RMB', 'SGD', 279),
(39, 17, 'RMB', 'SGD', 50),
(40, 17, 'RMB', 'IDR', 600),
(41, 8, 'RMB', 'SGD', 1),
(42, 10, 'RMB', 'SGD', 300);

-- --------------------------------------------------------

--
-- Table structure for table `timer`
--

CREATE TABLE `timer` (
  `id` int(11) NOT NULL,
  `time` int(11) NOT NULL
) ENGINE=InnoDB DEFAULT CHARSET=latin1;

--
-- Dumping data for table `timer`
--

INSERT INTO `timer` (`id`, `time`) VALUES
(1, 1509085254);

-- --------------------------------------------------------

--
-- Table structure for table `tpinjaman`
--

CREATE TABLE `tpinjaman` (
  `idtpinjaman` int(11) NOT NULL,
  `iduser` int(11) NOT NULL,
  `nominal` int(11) NOT NULL,
  `currency` varchar(100) NOT NULL
) ENGINE=InnoDB DEFAULT CHARSET=latin1;

--
-- Dumping data for table `tpinjaman`
--

INSERT INTO `tpinjaman` (`idtpinjaman`, `iduser`, `nominal`, `currency`) VALUES
(1, 20, 100, 'IDR'),
(2, 20, 1000, 'IDR'),
(3, 2, 150, 'IDR'),
(4, 2, 1500, 'IDR'),
(5, 20, 25, 'SGD'),
(6, 20, 250, 'SGD'),
(7, 20, 25, 'RMB'),
(8, 20, 250, 'RMB'),
(9, 9, 100, 'RMB'),
(10, 9, 1000, 'RMB'),
(11, 14, 50, 'RMB'),
(12, 14, 500, 'RMB'),
(13, 7, 70, 'IDR'),
(14, 7, 700, 'IDR'),
(15, 7, 40, 'SGD'),
(16, 7, 400, 'SGD'),
(17, 7, 40, 'RMB'),
(18, 7, 400, 'RMB'),
(19, 19, 25, 'IDR'),
(20, 19, 250, 'IDR'),
(21, 19, 100, 'SGD'),
(22, 19, 1000, 'SGD'),
(23, 8, 100, 'SGD'),
(24, 8, 1000, 'SGD'),
(25, 19, 25, 'RMB'),
(26, 19, 250, 'RMB'),
(27, 12, 80, 'SGD'),
(28, 12, 800, 'SGD'),
(29, 1, 30, 'IDR'),
(30, 1, 300, 'IDR'),
(31, 17, 100, 'IDR'),
(32, 17, 1000, 'IDR'),
(33, 1, 90, 'SGD'),
(34, 1, 900, 'SGD'),
(35, 17, 25, 'SGD'),
(36, 17, 250, 'SGD'),
(37, 1, 30, 'RMB'),
(38, 17, 25, 'RMB'),
(39, 1, 300, 'RMB'),
(40, 17, 250, 'RMB'),
(41, 6, 100, 'IDR'),
(42, 6, 1000, 'IDR'),
(43, 16, 150, 'SGD'),
(44, 16, 1500, 'SGD'),
(45, 6, 20, 'SGD'),
(46, 6, 200, 'SGD'),
(47, 6, 20, 'RMB'),
(48, 6, 200, 'RMB'),
(49, 5, 150, 'RMB'),
(50, 5, 1500, 'RMB'),
(51, 15, 30, 'SGD'),
(52, 15, 300, 'SGD'),
(53, 15, 90, 'RMB'),
(54, 15, 900, 'RMB'),
(55, 10, 100, 'RMB'),
(56, 10, 1000, 'RMB'),
(57, 11, 150, 'SGD'),
(58, 11, 1500, 'SGD'),
(59, 3, 100, 'RMB'),
(60, 3, 1000, 'RMB'),
(61, 13, 110, 'IDR'),
(62, 13, 1100, 'IDR'),
(63, 18, 25, 'IDR'),
(64, 18, 250, 'IDR'),
(65, 18, 75, 'SGD'),
(66, 18, 750, 'SGD'),
(67, 18, 25, 'RMB'),
(68, 18, 250, 'RMB'),
(69, 4, 150, 'RMB'),
(70, 4, 1500, 'RMB'),
(71, 12, 20, 'SGD'),
(72, 12, 200, 'SGD'),
(73, 10, 50, 'IDR'),
(74, 10, 500, 'IDR'),
(75, 18, 5, 'IDR'),
(76, 18, 50, 'IDR'),
(77, 18, 5, 'RMB'),
(78, 18, 50, 'RMB'),
(79, 14, 20, 'SGD'),
(80, 14, 200, 'SGD'),
(81, 7, -400, 'SGD'),
(82, 7, -40, 'SGD'),
(83, 12, 20, 'IDR'),
(84, 12, 200, 'IDR'),
(85, 14, -220, 'SGD'),
(86, 14, 10, 'RMB'),
(87, 14, 100, 'RMB'),
(88, 20, -500, 'IDR'),
(89, 20, -200, 'RMB'),
(90, 18, -600, 'SGD'),
(91, 9, -1100, 'RMB'),
(92, 17, -250, 'RMB'),
(93, 20, -275, 'SGD'),
(94, 14, -206, 'RMB'),
(95, 8, -110, 'SGD'),
(96, 10, -250, 'RMB'),
(97, 1, -330, 'RMB'),
(98, 15, -990, 'RMB'),
(99, 16, -200, 'SGD'),
(100, 17, -500, 'IDR'),
(101, 1, 33, 'IDR'),
(102, 1, 0, 'RMB'),
(103, 1, 99, 'SGD'),
(104, 2, 165, 'IDR'),
(105, 3, 110, 'RMB'),
(106, 4, 165, 'RMB'),
(107, 5, 165, 'RMB'),
(108, 6, 110, 'IDR'),
(109, 6, 22, 'RMB'),
(110, 6, 22, 'SGD'),
(111, 7, 77, 'IDR'),
(112, 7, 44, 'RMB'),
(113, 7, 0, 'SGD'),
(114, 8, 99, 'SGD'),
(115, 9, 0, 'RMB'),
(116, 10, 55, 'IDR'),
(117, 10, 85, 'RMB'),
(118, 11, 165, 'SGD'),
(119, 12, 22, 'IDR'),
(120, 12, 110, 'SGD'),
(121, 13, 121, 'IDR'),
(122, 14, 45, 'RMB'),
(123, 14, 0, 'SGD'),
(124, 15, 0, 'RMB'),
(125, 15, 33, 'SGD'),
(126, 16, 145, 'SGD'),
(127, 17, 60, 'IDR'),
(128, 17, 3, 'RMB'),
(129, 17, 28, 'SGD'),
(130, 18, 33, 'IDR'),
(131, 18, 33, 'RMB'),
(132, 18, 23, 'SGD'),
(133, 19, 28, 'IDR'),
(134, 19, 28, 'RMB'),
(135, 19, 110, 'SGD'),
(136, 20, 60, 'IDR'),
(137, 20, 8, 'RMB'),
(138, 20, 0, 'SGD'),
(139, 17, 50, 'IDR'),
(140, 17, 500, 'IDR'),
(141, 17, 50, 'RMB'),
(142, 17, 500, 'RMB'),
(143, 7, 110, 'RMB'),
(144, 7, 1100, 'RMB'),
(145, 7, 40, 'IDR'),
(146, 7, 400, 'IDR'),
(147, 15, 85, 'RMB'),
(148, 15, 850, 'RMB'),
(149, 1, 50, 'IDR'),
(150, 1, 500, 'IDR'),
(151, 19, -200, 'SGD'),
(152, 9, 88, 'RMB'),
(153, 9, 880, 'RMB'),
(154, 20, 10, 'RMB'),
(155, 20, 100, 'RMB'),
(156, 4, -700, 'RMB'),
(157, 19, -500, 'SGD'),
(158, 5, 50, 'IDR'),
(159, 5, 500, 'IDR'),
(160, 6, -242, 'RMB'),
(161, 18, -363, 'RMB'),
(163, 2, -451, 'IDR'),
(164, 3, -1210, 'RMB'),
(165, 14, -499, 'RMB'),
(166, 12, -500, 'SGD'),
(167, 9, 8, 'IDR'),
(168, 9, 80, 'IDR'),
(169, 9, 8, 'SGD'),
(170, 9, 80, 'SGD'),
(171, 17, -1210, 'IDR'),
(172, 5, -550, 'IDR'),
(173, 20, 10, 'SGD'),
(174, 20, 100, 'SGD'),
(175, 5, 100, 'RMB'),
(176, 5, 1000, 'RMB'),
(177, 10, 10, 'SGD'),
(178, 10, 100, 'SGD'),
(179, 10, -605, 'IDR'),
(180, 17, -578, 'RMB'),
(181, 2, -1364, 'IDR'),
(182, 19, -510, 'SGD'),
(183, 8, -300, 'SGD'),
(184, 20, -660, 'IDR'),
(185, 1, -913, 'IDR'),
(186, 20, -193, 'RMB'),
(187, 1, -1048, 'SGD'),
(188, 6, -242, 'SGD'),
(189, 13, -1000, 'IDR'),
(190, 7, -900, 'IDR'),
(191, 9, -968, 'RMB'),
(192, 9, -88, 'SGD'),
(193, 20, 30, 'RMB'),
(194, 20, 300, 'RMB'),
(195, 17, -303, 'SGD'),
(196, 9, 40, 'RMB'),
(197, 9, 400, 'RMB'),
(198, 1, 50, 'RMB'),
(199, 1, 500, 'RMB'),
(200, 1, -41, 'SGD'),
(201, 12, -200, 'IDR'),
(202, 5, -915, 'RMB'),
(203, 6, -1000, 'IDR'),
(204, 13, -300, 'IDR'),
(205, 4, -225, 'RMB'),
(206, 7, -387, 'IDR'),
(207, 10, -500, 'RMB'),
(208, 12, -42, 'IDR'),
(209, 12, -710, 'SGD'),
(210, 5, -1400, 'RMB'),
(211, 15, 94, 'RMB'),
(212, 15, 935, 'RMB'),
(213, 18, -248, 'SGD'),
(214, 13, -31, 'IDR'),
(215, 1, -550, 'RMB'),
(216, 7, -198, 'RMB'),
(217, 8, -100, 'SGD'),
(218, 9, -440, 'RMB');

-- --------------------------------------------------------

--
-- Table structure for table `tsaham`
--

CREATE TABLE `tsaham` (
  `idtsaham` int(11) NOT NULL,
  `iduser` int(11) NOT NULL,
  `idsaham` int(11) NOT NULL,
  `qty` int(11) NOT NULL,
  `hsatuan` int(11) NOT NULL,
  `currency` varchar(100) NOT NULL
) ENGINE=InnoDB DEFAULT CHARSET=latin1;

-- --------------------------------------------------------

--
-- Table structure for table `ttabungan`
--

CREATE TABLE `ttabungan` (
  `idttabungan` int(11) NOT NULL,
  `iduser` int(11) NOT NULL,
  `nominal` int(11) NOT NULL,
  `currency` varchar(100) NOT NULL
) ENGINE=InnoDB DEFAULT CHARSET=latin1;

--
-- Dumping data for table `ttabungan`
--

INSERT INTO `ttabungan` (`idttabungan`, `iduser`, `nominal`, `currency`) VALUES
(1, 7, 300, 'IDR'),
(2, 15, 300, 'SGD'),
(3, 15, 54, 'RMB'),
(4, 7, 15, 'IDR'),
(5, 15, 3, 'RMB'),
(6, 15, 15, 'SGD'),
(7, 11, 253, 'IDR'),
(8, 15, -300, 'SGD'),
(9, 7, -315, 'IDR'),
(10, 12, 200, 'RMB'),
(11, 1, 500, 'IDR'),
(12, 14, 95, 'RMB'),
(13, 14, 60, 'SGD'),
(14, 2, 281, 'RMB'),
(15, 14, 250, 'RMB');

-- --------------------------------------------------------

--
-- Table structure for table `user`
--

CREATE TABLE `user` (
  `iduser` int(11) NOT NULL,
  `nama` varchar(100) NOT NULL,
  `password` varchar(100) NOT NULL,
  `cash1` int(11) NOT NULL,
  `cash2` int(11) NOT NULL,
  `cash3` int(11) NOT NULL,
  `maxweight` int(11) NOT NULL
) ENGINE=InnoDB DEFAULT CHARSET=latin1;

--
-- Dumping data for table `user`
--

INSERT INTO `user` (`iduser`, `nama`, `password`, `cash1`, `cash2`, `cash3`, `maxweight`) VALUES
(1, 'tim1', 'tim1', 335, 864, 1167, 50),
(2, 'tim2', 'tim2', 886, 33, 200, 50),
(3, 'tim3', 'tim3', 192, 781, 1768, 50),
(4, 'tim4', 'tim4', 56, 121, 552, 50),
(5, 'tim5', 'tim5', 1204, 201, 293, 50),
(6, 'tim6', 'tim6', 914, 595, 251, 50),
(7, 'tim7', 'tim7', 1430, 50, 0, 50),
(8, 'tim8', 'tim8', 40, 662, 0, 50),
(9, 'tim9', 'tim9', 80, 83, 1077, 50),
(10, 'tim10', 'tim10', 249, 126, 100, 50),
(11, 'tim11', 'tim11', 54, 1144, 90, 50),
(12, 'tim12', 'tim12', 73, 636, 205, 50),
(13, 'tim13', 'tim13', 38, 0, 82, 50),
(14, 'tim14', 'tim14', 21, 15, 511, 50),
(15, 'tim15', 'tim15', 0, 320, 2774, 50),
(16, 'tim16', 'tim16', 2354, 34, 222, 50),
(17, 'tim17', 'tim17', 588, 34, 59, 50),
(18, 'tim18', 'tim18', 80, 769, 330, 50),
(19, 'tim19', 'tim19', 200, 881, 250, 50),
(20, 'tim20', 'tim20', 395, 65, 1573, 50);

--
-- Indexes for dumped tables
--

--
-- Indexes for table `bahanbaku`
--
ALTER TABLE `bahanbaku`
  ADD PRIMARY KEY (`idbahanbaku`);

--
-- Indexes for table `currency`
--
ALTER TABLE `currency`
  ADD PRIMARY KEY (`idcurrency`);

--
-- Indexes for table `desain`
--
ALTER TABLE `desain`
  ADD PRIMARY KEY (`iddesain`);

--
-- Indexes for table `detildesain`
--
ALTER TABLE `detildesain`
  ADD PRIMARY KEY (`iddetildesain`);

--
-- Indexes for table `event`
--
ALTER TABLE `event`
  ADD PRIMARY KEY (`idevent`);

--
-- Indexes for table `hargasaham`
--
ALTER TABLE `hargasaham`
  ADD PRIMARY KEY (`idhargasaham`);

--
-- Indexes for table `inventory`
--
ALTER TABLE `inventory`
  ADD PRIMARY KEY (`idinventory`);

--
-- Indexes for table `onsale`
--
ALTER TABLE `onsale`
  ADD PRIMARY KEY (`idonsale`);

--
-- Indexes for table `pembelian`
--
ALTER TABLE `pembelian`
  ADD PRIMARY KEY (`idpembelian`);

--
-- Indexes for table `penjualan`
--
ALTER TABLE `penjualan`
  ADD PRIMARY KEY (`idpenjualan`);

--
-- Indexes for table `saham`
--
ALTER TABLE `saham`
  ADD PRIMARY KEY (`idsaham`);

--
-- Indexes for table `setting`
--
ALTER TABLE `setting`
  ADD PRIMARY KEY (`idsetting`);

--
-- Indexes for table `tcurrency`
--
ALTER TABLE `tcurrency`
  ADD PRIMARY KEY (`idtcurrency`);

--
-- Indexes for table `timer`
--
ALTER TABLE `timer`
  ADD PRIMARY KEY (`id`);

--
-- Indexes for table `tpinjaman`
--
ALTER TABLE `tpinjaman`
  ADD PRIMARY KEY (`idtpinjaman`);

--
-- Indexes for table `tsaham`
--
ALTER TABLE `tsaham`
  ADD PRIMARY KEY (`idtsaham`);

--
-- Indexes for table `ttabungan`
--
ALTER TABLE `ttabungan`
  ADD PRIMARY KEY (`idttabungan`);

--
-- Indexes for table `user`
--
ALTER TABLE `user`
  ADD PRIMARY KEY (`iduser`);

--
-- AUTO_INCREMENT for dumped tables
--

--
-- AUTO_INCREMENT for table `bahanbaku`
--
ALTER TABLE `bahanbaku`
  MODIFY `idbahanbaku` int(11) NOT NULL AUTO_INCREMENT, AUTO_INCREMENT=8;
--
-- AUTO_INCREMENT for table `currency`
--
ALTER TABLE `currency`
  MODIFY `idcurrency` int(11) NOT NULL AUTO_INCREMENT, AUTO_INCREMENT=4;
--
-- AUTO_INCREMENT for table `desain`
--
ALTER TABLE `desain`
  MODIFY `iddesain` int(11) NOT NULL AUTO_INCREMENT, AUTO_INCREMENT=11;
--
-- AUTO_INCREMENT for table `detildesain`
--
ALTER TABLE `detildesain`
  MODIFY `iddetildesain` int(11) NOT NULL AUTO_INCREMENT, AUTO_INCREMENT=41;
--
-- AUTO_INCREMENT for table `event`
--
ALTER TABLE `event`
  MODIFY `idevent` int(11) NOT NULL AUTO_INCREMENT;
--
-- AUTO_INCREMENT for table `hargasaham`
--
ALTER TABLE `hargasaham`
  MODIFY `idhargasaham` int(11) NOT NULL AUTO_INCREMENT, AUTO_INCREMENT=16;
--
-- AUTO_INCREMENT for table `inventory`
--
ALTER TABLE `inventory`
  MODIFY `idinventory` int(11) NOT NULL AUTO_INCREMENT, AUTO_INCREMENT=961;
--
-- AUTO_INCREMENT for table `onsale`
--
ALTER TABLE `onsale`
  MODIFY `idonsale` int(11) NOT NULL AUTO_INCREMENT, AUTO_INCREMENT=61;
--
-- AUTO_INCREMENT for table `pembelian`
--
ALTER TABLE `pembelian`
  MODIFY `idpembelian` int(11) NOT NULL AUTO_INCREMENT, AUTO_INCREMENT=253;
--
-- AUTO_INCREMENT for table `penjualan`
--
ALTER TABLE `penjualan`
  MODIFY `idpenjualan` int(11) NOT NULL AUTO_INCREMENT, AUTO_INCREMENT=135;
--
-- AUTO_INCREMENT for table `saham`
--
ALTER TABLE `saham`
  MODIFY `idsaham` int(11) NOT NULL AUTO_INCREMENT, AUTO_INCREMENT=4;
--
-- AUTO_INCREMENT for table `setting`
--
ALTER TABLE `setting`
  MODIFY `idsetting` int(11) NOT NULL AUTO_INCREMENT, AUTO_INCREMENT=4;
--
-- AUTO_INCREMENT for table `tcurrency`
--
ALTER TABLE `tcurrency`
  MODIFY `idtcurrency` int(11) NOT NULL AUTO_INCREMENT, AUTO_INCREMENT=43;
--
-- AUTO_INCREMENT for table `timer`
--
ALTER TABLE `timer`
  MODIFY `id` int(11) NOT NULL AUTO_INCREMENT, AUTO_INCREMENT=2;
--
-- AUTO_INCREMENT for table `tpinjaman`
--
ALTER TABLE `tpinjaman`
  MODIFY `idtpinjaman` int(11) NOT NULL AUTO_INCREMENT, AUTO_INCREMENT=219;
--
-- AUTO_INCREMENT for table `tsaham`
--
ALTER TABLE `tsaham`
  MODIFY `idtsaham` int(11) NOT NULL AUTO_INCREMENT;
--
-- AUTO_INCREMENT for table `ttabungan`
--
ALTER TABLE `ttabungan`
  MODIFY `idttabungan` int(11) NOT NULL AUTO_INCREMENT, AUTO_INCREMENT=16;
--
-- AUTO_INCREMENT for table `user`
--
ALTER TABLE `user`
  MODIFY `iduser` int(11) NOT NULL AUTO_INCREMENT, AUTO_INCREMENT=21;
/*!40101 SET CHARACTER_SET_CLIENT=@OLD_CHARACTER_SET_CLIENT */;
/*!40101 SET CHARACTER_SET_RESULTS=@OLD_CHARACTER_SET_RESULTS */;
/*!40101 SET COLLATION_CONNECTION=@OLD_COLLATION_CONNECTION */;
