-- phpMyAdmin SQL Dump
-- version 4.5.1
-- http://www.phpmyadmin.net
--
-- Host: 127.0.0.1
-- Generation Time: Oct 20, 2017 at 02:25 PM
-- Server version: 10.1.16-MariaDB
-- PHP Version: 5.6.24

SET SQL_MODE = "NO_AUTO_VALUE_ON_ZERO";
SET time_zone = "+00:00";


/*!40101 SET @OLD_CHARACTER_SET_CLIENT=@@CHARACTER_SET_CLIENT */;
/*!40101 SET @OLD_CHARACTER_SET_RESULTS=@@CHARACTER_SET_RESULTS */;
/*!40101 SET @OLD_COLLATION_CONNECTION=@@COLLATION_CONNECTION */;
/*!40101 SET NAMES utf8mb4 */;

--
-- Database: `ic2017`
--

-- --------------------------------------------------------

--
-- Table structure for table `bahanbaku`
--

CREATE TABLE `bahanbaku` (
  `idbahanbaku` int(11) NOT NULL,
  `nama` varchar(100) NOT NULL,
  `harga1` int(11) NOT NULL,
  `harga2` int(11) NOT NULL,
  `harga3` int(11) NOT NULL,
  `weight` int(11) NOT NULL,
  `stok1` int(11) NOT NULL,
  `stok2` int(11) NOT NULL,
  `stok3` int(11) NOT NULL,
  `laststok1` int(11) NOT NULL,
  `laststok2` int(11) NOT NULL,
  `laststok3` int(11) NOT NULL
) ENGINE=InnoDB DEFAULT CHARSET=latin1;

--
-- Dumping data for table `bahanbaku`
--

INSERT INTO `bahanbaku` (`idbahanbaku`, `nama`, `harga1`, `harga2`, `harga3`, `weight`, `stok1`, `stok2`, `stok3`, `laststok1`, `laststok2`, `laststok3`) VALUES
(1, 'BenangMerah', 130, 50, 50, 1, 811, 1000, 1000, 811, 1000, 1000),
(2, 'BenangKuning', 50, 71, 50, 1, 1000, 788, 1000, 788, 788, 1000),
(3, 'BenangBiru', 50, 50, 30, 1, 1000, 1000, 785, 785, 1000, 785),
(4, 'Template', 130, 119, 95, 3, 933, 932, 931, 933, 932, 931),
(5, 'Transportasi', 800, 800, 800, 0, 1000, 1000, 1000, 1000, 1000, 1000),
(6, 'Visa', 1000, 1000, 1000, 0, 1000, 1000, 1000, 1000, 1000, 1000),
(7, 'Inventory', 400, 400, 400, 0, 1000, 1000, 1000, 1000, 1000, 1000);

-- --------------------------------------------------------

--
-- Table structure for table `currency`
--

CREATE TABLE `currency` (
  `idcurrency` int(11) NOT NULL,
  `nama` varchar(100) NOT NULL,
  `hjual` int(11) NOT NULL,
  `hbeli` int(11) NOT NULL
) ENGINE=InnoDB DEFAULT CHARSET=latin1;

--
-- Dumping data for table `currency`
--

INSERT INTO `currency` (`idcurrency`, `nama`, `hjual`, `hbeli`) VALUES
(1, 'IDR', 38, 0),
(2, 'SGD', 69, 0),
(3, 'RMB', 48, 0);

-- --------------------------------------------------------

--
-- Table structure for table `desain`
--

CREATE TABLE `desain` (
  `iddesain` int(11) NOT NULL,
  `nama` varchar(25) NOT NULL,
  `harga1` int(11) NOT NULL,
  `harga2` int(11) NOT NULL,
  `harga3` int(11) NOT NULL,
  `stok1` int(11) NOT NULL,
  `stok2` int(11) NOT NULL,
  `stok3` int(11) NOT NULL,
  `laststok1` int(11) NOT NULL,
  `laststok2` int(11) NOT NULL,
  `laststok3` int(11) NOT NULL
) ENGINE=InnoDB DEFAULT CHARSET=latin1;

--
-- Dumping data for table `desain`
--

INSERT INTO `desain` (`iddesain`, `nama`, `harga1`, `harga2`, `harga3`, `stok1`, `stok2`, `stok3`, `laststok1`, `laststok2`, `laststok3`) VALUES
(1, '3M 0K 0B', 391, 266, 243, 9980, 9975, 9958, 9980, 9975, 9958),
(2, '0M 3K 0B', 300, 300, 300, 10000, 10000, 10000, 10000, 10000, 10000),
(3, '0M 0K 3B', 300, 300, 300, 10000, 10000, 10000, 10000, 10000, 10000),
(4, '2M 1K 0B', 492, 496, 512, 14, 20, 19, 14, 20, 19),
(5, '2M 0K 1B', 500, 500, 500, 30, 30, 30, 30, 30, 30),
(6, '1M 2K 0B', 500, 500, 500, 30, 30, 30, 30, 30, 30),
(7, '1M 0K 2B', 500, 500, 500, 30, 30, 30, 30, 30, 30),
(8, '0M 2K 1B', 500, 500, 500, 30, 30, 30, 30, 30, 30),
(9, '0M 1K 2B', 500, 500, 500, 30, 30, 30, 30, 30, 30),
(10, '1M 1K 1B', 684, 708, 706, 7, 10, 6, 8, 10, 7);

-- --------------------------------------------------------

--
-- Table structure for table `detildesain`
--

CREATE TABLE `detildesain` (
  `iddetildesain` int(11) NOT NULL,
  `iddesain` int(11) NOT NULL,
  `idbahanbaku` int(11) NOT NULL
) ENGINE=InnoDB DEFAULT CHARSET=latin1;

--
-- Dumping data for table `detildesain`
--

INSERT INTO `detildesain` (`iddetildesain`, `iddesain`, `idbahanbaku`) VALUES
(1, 1, 1),
(2, 1, 1),
(3, 1, 1),
(4, 2, 2),
(5, 2, 2),
(6, 2, 2),
(7, 3, 3),
(8, 3, 3),
(9, 3, 3),
(10, 4, 1),
(11, 4, 1),
(12, 4, 2),
(13, 5, 1),
(14, 5, 1),
(15, 5, 3),
(16, 6, 1),
(17, 6, 2),
(18, 6, 2),
(19, 7, 1),
(20, 7, 3),
(21, 7, 3),
(22, 8, 2),
(23, 8, 2),
(24, 8, 3),
(25, 9, 2),
(26, 9, 3),
(27, 9, 3),
(28, 10, 1),
(29, 10, 2),
(30, 10, 3),
(31, 1, 4),
(32, 2, 4),
(33, 3, 4),
(34, 4, 4),
(35, 5, 4),
(36, 6, 4),
(37, 7, 4),
(38, 8, 4),
(39, 9, 4),
(40, 10, 4);

-- --------------------------------------------------------

--
-- Table structure for table `event`
--

CREATE TABLE `event` (
  `idevent` int(11) NOT NULL,
  `cash1` int(11) NOT NULL,
  `cash2` int(11) NOT NULL,
  `cash3` int(11) NOT NULL
) ENGINE=InnoDB DEFAULT CHARSET=latin1;

-- --------------------------------------------------------

--
-- Table structure for table `hargasaham`
--

CREATE TABLE `hargasaham` (
  `idhargasaham` int(11) NOT NULL,
  `idsaham` int(11) NOT NULL,
  `hjual1` int(11) NOT NULL,
  `hjual2` int(11) NOT NULL,
  `hjual3` int(11) NOT NULL,
  `hbeli1` int(11) NOT NULL,
  `hbeli2` int(11) NOT NULL,
  `hbeli3` int(11) NOT NULL
) ENGINE=InnoDB DEFAULT CHARSET=latin1;

--
-- Dumping data for table `hargasaham`
--

INSERT INTO `hargasaham` (`idhargasaham`, `idsaham`, `hjual1`, `hjual2`, `hjual3`, `hbeli1`, `hbeli2`, `hbeli3`) VALUES
(410, 0, 1900, 3600, 1400, 0, 0, 0),
(411, 0, 4616, 4724, 5551, 0, 0, 0),
(412, 0, 5133, 7088, 5863, 0, 0, 0),
(413, 0, 5263, 6675, 5707, 0, 0, 0),
(414, 0, 6309, 6183, 5728, 0, 0, 0),
(415, 0, 7174, 7282, 6740, 0, 0, 0),
(416, 0, 7784, 9075, 7863, 0, 0, 0),
(417, 0, 6608, 8978, 5673, 0, 0, 0),
(418, 0, 7214, 8143, 6207, 0, 0, 0),
(419, 0, 8578, 6730, 5524, 0, 0, 0),
(420, 0, 8400, 6413, 5641, 0, 0, 0),
(421, 0, 7576, 8633, 7690, 0, 0, 0),
(422, 0, 4590, 6921, 5165, 0, 0, 0),
(423, 0, 3805, 6414, 4758, 0, 0, 0),
(424, 0, 3323, 5825, 4328, 0, 0, 0),
(425, 0, 3605, 5931, 5272, 0, 0, 0),
(426, 0, 3505, 5205, 5535, 0, 0, 0),
(427, 0, 5133, 4908, 5352, 0, 0, 0),
(428, 0, 6380, 5336, 8485, 0, 0, 0),
(429, 0, 6279, 3464, 6883, 0, 0, 0),
(430, 0, 6522, 4269, 7291, 0, 0, 0),
(431, 0, 6937, 4430, 7889, 0, 0, 0),
(432, 0, 7326, 5901, 7942, 0, 0, 0),
(433, 0, 9437, 5533, 7693, 0, 0, 0);

-- --------------------------------------------------------

--
-- Table structure for table `inventory`
--

CREATE TABLE `inventory` (
  `idinventory` int(11) NOT NULL,
  `iduser` int(11) NOT NULL,
  `idbahanbaku` int(11) NOT NULL,
  `qty` int(11) NOT NULL
) ENGINE=InnoDB DEFAULT CHARSET=latin1;

--
-- Dumping data for table `inventory`
--

INSERT INTO `inventory` (`idinventory`, `iduser`, `idbahanbaku`, `qty`) VALUES
(1, 16, 4, 2),
(2, 16, 2, 6),
(3, 4, 4, 3),
(4, 4, 1, 6),
(5, 2, 4, 2),
(6, 2, 1, 4),
(7, 15, 4, 2),
(8, 15, 2, 6),
(9, 3, 4, 2),
(10, 3, 1, 6),
(11, 19, 4, 2),
(12, 7, 4, 4),
(13, 19, 4, -2),
(14, 7, 3, 9),
(15, 19, 4, 1),
(16, 19, 2, 3),
(17, 5, 4, 1),
(18, 5, 1, 3),
(19, 4, 1, -1),
(20, 14, 4, 2),
(21, 14, 2, 6),
(22, 18, 4, 2),
(23, 1, 4, 1),
(24, 1, 1, 3),
(25, 3, 1, -1),
(26, 18, 2, 5),
(27, 15, 2, -3),
(28, 5, 1, -1),
(29, 5, 1, 3),
(30, 13, 4, 2),
(31, 3, 1, -1),
(32, 5, 1, -1),
(33, 13, 3, 6),
(34, 15, 1, 1),
(35, 20, 4, 2),
(36, 16, 1, 1),
(37, 20, 2, 6),
(38, 10, 4, 4),
(39, 3, 1, -1),
(40, 3, 1, -1),
(41, 3, 1, -1),
(42, 3, 4, -1),
(43, 10, 3, 12),
(44, 20, 4, 1),
(45, 1, 1, -3),
(46, 2, 2, 3),
(47, 3, 4, 1),
(48, 3, 1, 6),
(49, 5, 1, -1),
(50, 1, 4, -1),
(51, 1, 4, 1),
(52, 3, 1, 3),
(53, 16, 1, 1),
(54, 19, 2, -1),
(55, 19, 2, -1),
(56, 19, 2, -1),
(57, 19, 4, -1),
(58, 5, 1, -1),
(59, 5, 1, -1),
(60, 5, 1, -1),
(61, 5, 4, -1),
(62, 5, 4, 1),
(63, 5, 1, 3),
(64, 19, 2, 3),
(65, 3, 1, -2),
(66, 19, 4, 1),
(67, 3, 1, -2),
(68, 12, 4, 2),
(69, 15, 2, -1),
(70, 12, 3, 6),
(71, 1, 1, 3),
(72, 18, 2, -1),
(73, 16, 1, 2),
(74, 4, 1, 1),
(75, 1, 1, -3),
(76, 15, 1, 2),
(77, 15, 1, -1),
(78, 15, 2, -1),
(79, 15, 2, -1),
(80, 15, 4, -1),
(81, 19, 2, 3),
(82, 5, 1, -1),
(83, 5, 1, 3),
(84, 4, 2, 1),
(85, 2, 1, -1),
(86, 2, 1, -1),
(87, 2, 2, -1),
(88, 2, 4, -1),
(89, 15, 4, 1),
(90, 16, 1, -2),
(91, 16, 2, -2),
(92, 16, 2, -2),
(93, 16, 4, -2),
(94, 19, 2, -1),
(95, 15, 2, 6),
(96, 11, 4, 2),
(97, 11, 3, 6),
(98, 4, 2, 1),
(99, 16, 4, 2),
(100, 16, 2, 2),
(101, 14, 2, -3),
(102, 1, 1, 3),
(103, 20, 2, -1),
(104, 20, 2, -1),
(105, 20, 2, -1),
(106, 20, 4, -1),
(107, 19, 2, -2),
(108, 5, 2, 3),
(109, 9, 4, 1),
(110, 1, 2, 2),
(111, 16, 1, 1),
(112, 9, 3, 3),
(113, 18, 2, -1),
(114, 18, 2, -1),
(115, 18, 2, -1),
(116, 18, 4, -1),
(117, 15, 2, 3),
(118, 13, 3, -1),
(119, 13, 3, -1),
(120, 13, 3, -1),
(121, 13, 4, -1),
(122, 10, 3, -1),
(123, 10, 3, -1),
(124, 10, 3, -1),
(125, 10, 4, -1),
(126, 5, 1, -1),
(127, 14, 2, 3),
(128, 19, 2, -1),
(129, 19, 2, -1),
(130, 19, 2, -1),
(131, 19, 4, -1),
(132, 20, 1, 1),
(133, 9, 4, 1),
(134, 9, 3, 3),
(135, 3, 1, 1),
(136, 15, 1, 1),
(137, 19, 4, 1),
(138, 2, 1, -1),
(139, 2, 1, -1),
(140, 2, 2, -1),
(141, 2, 4, -1),
(142, 19, 2, 3),
(143, 14, 2, -3),
(144, 4, 1, -1),
(145, 4, 1, -1),
(146, 4, 2, -1),
(147, 4, 4, -1),
(148, 10, 3, -1),
(149, 10, 3, -1),
(150, 10, 3, -1),
(151, 10, 4, -1),
(152, 18, 4, 1),
(153, 13, 4, 1),
(154, 13, 3, 3),
(155, 19, 2, -1),
(156, 18, 2, 3),
(157, 5, 1, -1),
(158, 5, 1, -1),
(159, 5, 2, -1),
(160, 5, 4, -1),
(161, 5, 4, 2),
(162, 19, 2, -2),
(163, 3, 1, -1),
(164, 3, 1, -1),
(165, 3, 1, -1),
(166, 3, 4, -1),
(167, 5, 1, 3),
(168, 19, 2, 3),
(169, 11, 3, -3),
(170, 8, 4, 2),
(171, 7, 3, -3),
(172, 7, 3, -3),
(173, 7, 3, -3),
(174, 7, 4, -3),
(175, 1, 2, 1),
(176, 3, 1, 6),
(177, 8, 3, 6),
(178, 4, 3, 3),
(179, 3, 4, 1),
(180, 15, 2, 3),
(181, 9, 3, -3),
(182, 16, 1, -2),
(183, 16, 2, -2),
(184, 16, 2, -2),
(185, 16, 4, -2),
(186, 13, 3, -1),
(187, 13, 3, -1),
(188, 13, 3, -1),
(189, 13, 4, -1),
(190, 15, 2, -3),
(191, 5, 1, -1),
(192, 1, 1, -1),
(193, 1, 1, -1),
(194, 1, 2, -1),
(195, 1, 4, -1),
(196, 14, 2, 3),
(197, 15, 1, -1),
(198, 15, 2, -1),
(199, 15, 2, -1),
(200, 15, 4, 0),
(201, 16, 4, 1),
(202, 2, 4, 1),
(203, 5, 1, -1),
(204, 5, 1, -1),
(205, 5, 2, -1),
(206, 5, 4, -1),
(207, 14, 2, -3),
(208, 18, 2, -1),
(209, 12, 3, -2),
(210, 12, 3, -2),
(211, 12, 3, -2),
(212, 12, 4, -2),
(213, 16, 2, 2),
(214, 2, 1, 2),
(215, 2, 2, 1),
(216, 9, 4, -1),
(217, 14, 4, 1),
(218, 1, 4, 1),
(219, 14, 2, 6),
(220, 3, 1, -2),
(221, 1, 1, 1),
(222, 9, 3, -3),
(223, 10, 4, 2),
(224, 4, 1, -1),
(225, 4, 2, -1),
(226, 4, 3, -1),
(227, 4, 4, -1),
(228, 10, 3, 6),
(229, 20, 1, -1),
(230, 20, 2, -1),
(231, 20, 2, -1),
(232, 20, 4, -1),
(233, 5, 1, 1),
(234, 3, 1, -2),
(235, 1, 3, 3),
(236, 4, 4, 1),
(237, 4, 1, 3),
(238, 13, 1, 2),
(239, 18, 4, -1),
(240, 18, 4, 1),
(241, 3, 1, -1),
(242, 3, 1, -1),
(243, 3, 1, -1),
(244, 3, 4, -1),
(245, 20, 1, 2),
(246, 16, 1, -1),
(247, 16, 2, -1),
(248, 16, 2, -1),
(249, 16, 4, -1),
(250, 14, 2, 3),
(251, 14, 2, -6),
(252, 14, 4, -1),
(253, 13, 1, -1),
(254, 1, 1, -1),
(255, 16, 4, 2),
(256, 5, 1, -1),
(257, 5, 1, -1),
(258, 5, 2, -1),
(259, 5, 4, -1),
(260, 5, 1, -1),
(261, 10, 3, -4),
(262, 10, 3, -4),
(263, 10, 3, -4),
(264, 10, 4, -4),
(265, 18, 4, -1),
(266, 16, 2, 4),
(267, 2, 1, -1),
(268, 2, 1, -1),
(269, 2, 2, -1),
(270, 2, 4, -1),
(271, 3, 1, -1),
(272, 3, 1, -1),
(273, 3, 1, -1),
(274, 3, 4, -1),
(275, 9, 3, 6),
(276, 15, 1, 1),
(277, 8, 3, -2),
(278, 8, 3, -2),
(279, 8, 3, -2),
(280, 8, 4, -2),
(281, 14, 2, -3),
(282, 3, 4, 2),
(283, 4, 2, 3),
(284, 3, 1, 6),
(285, 13, 1, -1),
(286, 13, 3, -1),
(287, 13, 3, -1),
(288, 13, 4, -1),
(289, 7, 1, 1),
(290, 10, 4, 4),
(291, 5, 4, 1),
(292, 10, 3, 12),
(293, 1, 1, -1),
(294, 1, 2, -1),
(295, 1, 3, -1),
(296, 1, 4, -1),
(297, 5, 1, 3),
(298, 19, 2, 2),
(299, 19, 2, -1),
(300, 19, 2, -1),
(301, 19, 2, -1),
(302, 19, 4, -1),
(303, 1, 3, 3),
(304, 1, 4, 2),
(305, 1, 1, 3),
(306, 15, 2, -1),
(307, 9, 3, -3),
(308, 20, 1, -1),
(309, 20, 1, -1),
(310, 20, 2, -1),
(311, 20, 4, -1),
(312, 2, 4, 1),
(313, 2, 1, 3),
(314, 4, 1, -1),
(315, 4, 2, -1),
(316, 4, 3, -1),
(317, 4, 4, -1),
(318, 9, 3, 3),
(319, 15, 1, -2),
(320, 15, 2, -2),
(321, 15, 2, -2),
(322, 15, 4, -2),
(323, 7, 2, 3),
(324, 9, 3, -3),
(325, 13, 4, 2),
(326, 13, 3, 6),
(327, 19, 2, -2),
(328, 19, 4, 1),
(329, 14, 2, -1),
(330, 14, 2, -1),
(331, 14, 2, -1),
(332, 14, 4, -1),
(333, 12, 4, 2),
(334, 12, 3, 6),
(335, 19, 2, 3),
(336, 11, 3, -3),
(337, 15, 4, 2),
(338, 15, 2, 6),
(339, 16, 2, -1),
(340, 16, 2, -1),
(341, 16, 2, -1),
(342, 16, 4, -1),
(343, 4, 1, -1),
(344, 4, 2, -1),
(345, 4, 3, -1),
(346, 4, 4, -1),
(347, 2, 3, 3),
(348, 3, 1, -1),
(349, 3, 1, -1),
(350, 3, 1, -1),
(351, 3, 4, -1),
(352, 8, 4, 2),
(353, 8, 3, 6),
(354, 20, 4, 1),
(355, 20, 2, 3),
(356, 10, 3, -1),
(357, 10, 3, -1),
(358, 10, 3, -1),
(359, 10, 4, -1),
(360, 4, 1, -2),
(361, 16, 4, 1),
(362, 16, 2, 2),
(363, 7, 4, 3),
(364, 5, 1, -1),
(365, 5, 1, -1),
(366, 5, 1, -1),
(367, 5, 4, -1),
(368, 7, 3, 7),
(369, 4, 1, 2),
(370, 2, 1, -1),
(371, 2, 2, -1),
(372, 2, 3, -1),
(373, 2, 4, -1),
(374, 14, 4, 1),
(375, 4, 1, -2),
(376, 14, 2, 6),
(377, 19, 1, 2),
(378, 5, 4, 1),
(379, 20, 2, -2),
(380, 5, 1, 3),
(381, 2, 4, 2),
(382, 10, 3, -1),
(383, 10, 3, -1),
(384, 10, 3, -1),
(385, 10, 4, -1),
(386, 20, 2, -1),
(387, 2, 1, 2),
(388, 1, 2, 1),
(389, 15, 2, -2),
(390, 11, 3, 1),
(391, 14, 2, -3),
(392, 1, 1, -1),
(393, 1, 2, -1),
(394, 1, 3, -1),
(395, 1, 4, -1),
(396, 2, 1, -1),
(397, 8, 3, -3),
(398, 3, 2, 2),
(399, 1, 1, -1),
(400, 1, 1, -1),
(401, 1, 3, -1),
(402, 1, 4, -1),
(403, 13, 2, 2),
(404, 3, 1, -1),
(405, 3, 1, -1),
(406, 3, 1, -1),
(407, 3, 4, -1),
(408, 8, 4, -1),
(409, 1, 4, 2),
(410, 1, 1, 6),
(411, 16, 2, -1),
(412, 16, 2, -1),
(413, 16, 2, -1),
(414, 16, 4, -1),
(415, 3, 4, 2),
(416, 10, 3, -1),
(417, 10, 3, -1),
(418, 10, 3, -1),
(419, 10, 4, -1),
(420, 3, 1, 6),
(421, 18, 1, 1),
(422, 4, 4, 1),
(423, 18, 3, 3),
(424, 1, 1, -1),
(425, 1, 1, 1),
(426, 10, 3, -1),
(427, 10, 3, -1),
(428, 10, 3, -1),
(429, 10, 4, -1),
(430, 14, 2, 3),
(431, 1, 1, -1),
(432, 14, 2, -3),
(433, 3, 1, -2),
(434, 15, 2, -1),
(435, 16, 2, 3),
(436, 18, 1, 1),
(437, 1, 1, -1),
(438, 15, 1, 1),
(439, 19, 2, 2),
(440, 4, 1, -1),
(441, 4, 1, -1),
(442, 4, 2, -1),
(443, 4, 4, -1),
(444, 13, 2, -2),
(445, 13, 3, -2),
(446, 13, 3, -2),
(447, 13, 4, -2),
(448, 19, 2, -2),
(449, 2, 1, -1),
(450, 2, 1, -1),
(451, 2, 3, -1),
(452, 2, 4, -1),
(453, 2, 2, 1),
(454, 13, 4, 1),
(455, 13, 3, 3),
(456, 12, 3, -3),
(457, 5, 1, -1),
(458, 5, 1, -1),
(459, 5, 1, -1),
(460, 5, 4, -1),
(461, 18, 4, 1),
(462, 16, 4, 2),
(463, 5, 4, 1),
(464, 5, 1, 3),
(465, 16, 2, 6),
(466, 8, 3, -2),
(467, 2, 1, 3),
(468, 20, 3, 3),
(469, 12, 3, -1),
(470, 12, 3, -1),
(471, 12, 3, -1),
(472, 12, 4, -1),
(473, 1, 1, -1),
(474, 19, 1, 0),
(475, 19, 1, 0),
(476, 19, 1, 0),
(477, 19, 4, 0),
(478, 15, 1, -1),
(479, 15, 2, -1),
(480, 15, 2, -1),
(481, 15, 4, -1),
(482, 2, 1, -3),
(483, 1, 2, 2),
(484, 18, 1, 1),
(485, 10, 4, 1),
(486, 10, 3, 3),
(487, 19, 1, -1),
(488, 19, 2, -1),
(489, 19, 2, -1),
(490, 19, 4, -1),
(491, 18, 1, -1),
(492, 18, 2, -1),
(493, 18, 3, -1),
(494, 18, 4, -1),
(495, 2, 1, 2),
(496, 3, 1, -1),
(497, 3, 1, -1),
(498, 3, 2, -1),
(499, 3, 4, -1),
(500, 15, 3, 2),
(501, 14, 2, 3),
(502, 5, 1, -1),
(503, 15, 4, 1),
(504, 14, 2, -1),
(505, 14, 2, -1),
(506, 14, 2, -1),
(507, 14, 4, -1),
(508, 14, 2, -6),
(509, 14, 2, 6),
(510, 15, 2, 3),
(511, 7, 1, 2),
(512, 2, 1, -1),
(513, 14, 2, -3),
(514, 12, 4, 1),
(515, 12, 3, 6),
(516, 18, 1, -1),
(517, 20, 4, 2),
(518, 2, 1, 3),
(519, 20, 2, 6),
(520, 15, 1, 1),
(521, 3, 2, 3),
(522, 18, 1, -1),
(523, 18, 2, -1),
(524, 18, 3, -1),
(525, 18, 4, -1),
(526, 2, 1, -2),
(527, 2, 1, -1),
(528, 2, 1, -1),
(529, 2, 2, -1),
(530, 2, 3, -1),
(531, 2, 4, -1),
(532, 16, 2, -1),
(533, 18, 1, 1),
(534, 10, 3, -1),
(535, 10, 3, -1),
(536, 10, 3, -1),
(537, 10, 4, -1),
(538, 15, 2, -2),
(539, 16, 2, 1),
(540, 14, 2, 3),
(541, 5, 1, -1),
(542, 3, 1, -1),
(543, 3, 1, -1),
(544, 3, 2, -1),
(545, 3, 4, -1),
(546, 18, 4, 1),
(547, 15, 1, -1),
(548, 15, 2, -1),
(549, 15, 3, -1),
(550, 15, 4, -1),
(551, 3, 4, 2),
(552, 13, 1, 2),
(553, 3, 1, 6),
(554, 2, 1, -1),
(555, 7, 1, -1),
(556, 7, 3, -1),
(557, 7, 3, -1),
(558, 7, 4, -1),
(559, 5, 1, -1),
(560, 7, 1, -2),
(561, 7, 2, -2),
(562, 7, 3, -2),
(563, 7, 4, -2),
(564, 13, 4, 1),
(565, 1, 1, -1),
(566, 1, 2, -1),
(567, 1, 3, -1),
(568, 1, 4, -1),
(569, 7, 2, -1),
(570, 7, 3, -1),
(571, 7, 3, -1),
(572, 7, 4, -1),
(573, 18, 1, -1),
(574, 18, 2, -1),
(575, 18, 3, -1),
(576, 18, 4, -1),
(577, 5, 1, 3),
(578, 1, 1, -1),
(579, 1, 2, -1),
(580, 1, 3, -1),
(581, 1, 4, -1),
(582, 19, 3, 3),
(583, 20, 2, -1),
(584, 20, 2, -1),
(585, 20, 3, -1),
(586, 20, 4, -1),
(587, 8, 1, 1),
(588, 11, 1, 1),
(589, 16, 2, -3),
(590, 16, 2, -3),
(591, 16, 2, -3),
(592, 16, 4, -3),
(593, 19, 4, 2),
(594, 9, 1, 1),
(595, 13, 1, -2),
(596, 13, 3, -2),
(597, 13, 3, -2),
(598, 13, 4, -2),
(599, 15, 1, -1),
(600, 15, 2, -1),
(601, 15, 3, -1),
(602, 15, 4, -1),
(603, 14, 2, -1),
(604, 14, 2, -1),
(605, 14, 2, -1),
(606, 14, 4, -1),
(607, 15, 2, 2),
(608, 7, 4, 4),
(609, 8, 4, 1),
(610, 7, 3, 11),
(611, 1, 4, 2),
(612, 16, 4, 2),
(613, 5, 1, 1),
(614, 1, 1, 6),
(615, 16, 2, 4),
(616, 1, 1, -2),
(617, 15, 4, 2),
(618, 9, 4, 1),
(619, 15, 2, 6),
(620, 10, 4, 2),
(621, 12, 2, 0),
(622, 10, 3, 6),
(623, 15, 2, -3),
(624, 12, 4, 2),
(625, 3, 4, 1),
(626, 12, 4, -2),
(627, 3, 1, 3),
(628, 1, 1, -3),
(629, 12, 4, 1),
(630, 2, 4, 2),
(631, 8, 4, 2),
(632, 12, 2, 3),
(633, 1, 1, 2),
(634, 2, 1, 3),
(635, 8, 3, 6),
(636, 2, 1, 3),
(637, 4, 4, 3),
(638, 13, 4, 3),
(639, 4, 1, 3),
(640, 13, 3, 9),
(641, 5, 4, 1),
(642, 16, 2, 2),
(643, 5, 1, 3),
(644, 1, 1, -1),
(645, 1, 1, 3),
(646, 2, 1, -2),
(647, 15, 1, 2),
(648, 18, 4, 1),
(649, 12, 3, 1),
(650, 18, 2, 3),
(651, 4, 1, -3),
(652, 10, 3, -1),
(653, 10, 3, -1),
(654, 10, 3, -1),
(655, 10, 4, -1),
(656, 18, 2, -3),
(657, 2, 1, -1),
(658, 16, 2, -1),
(659, 3, 1, -1),
(660, 3, 1, -1),
(661, 3, 1, -1),
(662, 3, 4, -1),
(663, 18, 2, 3),
(664, 1, 2, 1),
(665, 2, 1, 3),
(666, 5, 1, -1),
(667, 4, 1, 3),
(668, 3, 4, 1),
(669, 3, 1, 3),
(670, 4, 1, -3),
(671, 10, 3, -1),
(672, 10, 3, -1),
(673, 10, 3, -1),
(674, 10, 4, -1),
(675, 15, 1, -1),
(676, 15, 2, -1),
(677, 15, 2, -1),
(678, 15, 4, -1),
(679, 18, 1, 1),
(680, 16, 2, -2),
(681, 15, 4, 1),
(682, 12, 2, -1),
(683, 12, 2, -1),
(684, 12, 3, -1),
(685, 12, 4, -1),
(686, 15, 2, 6),
(687, 1, 2, 2),
(688, 2, 1, -1),
(689, 2, 1, -1),
(690, 1, 1, -1),
(691, 1, 1, -1),
(692, 1, 1, -1),
(693, 1, 4, -1),
(694, 16, 2, 3),
(695, 4, 1, 3),
(696, 1, 1, -1),
(697, 1, 1, -1),
(698, 1, 2, -1),
(699, 1, 4, -1),
(700, 9, 4, 1),
(701, 9, 3, 3),
(702, 15, 2, -1),
(703, 18, 1, -1),
(704, 7, 3, -4),
(705, 7, 3, -4),
(706, 7, 3, -4),
(707, 7, 4, -4),
(708, 1, 4, 1),
(709, 4, 1, -1),
(710, 4, 1, -1),
(711, 4, 1, -1),
(712, 4, 4, -1),
(713, 1, 1, 1),
(714, 12, 4, 2),
(715, 12, 3, 6),
(716, 16, 2, 1),
(717, 8, 3, -2),
(718, 8, 3, -2),
(719, 8, 3, -2),
(720, 8, 4, -2),
(721, 16, 2, -1),
(722, 16, 4, 1),
(723, 3, 1, -1),
(724, 3, 1, -1),
(725, 3, 1, -1),
(726, 3, 4, -1),
(727, 5, 1, 1),
(728, 2, 1, 1),
(729, 9, 3, -1),
(730, 9, 3, -1),
(731, 9, 3, -1),
(732, 9, 4, -1),
(733, 8, 1, 1),
(734, 15, 1, -1),
(735, 15, 2, -1),
(736, 15, 2, -1),
(737, 15, 4, -1),
(738, 7, 2, 3),
(739, 2, 1, -1),
(740, 15, 1, 1),
(741, 3, 4, 1),
(742, 7, 1, 1),
(743, 3, 1, 3),
(744, 2, 1, 1),
(745, 18, 2, -1),
(746, 18, 2, -1),
(747, 18, 2, -1),
(748, 18, 4, -1),
(749, 9, 4, 2),
(750, 8, 2, 3),
(751, 2, 1, -1),
(752, 9, 3, 6),
(753, 12, 2, -1),
(754, 5, 1, -1),
(755, 5, 1, -1),
(756, 5, 1, -1),
(757, 5, 4, -1),
(758, 13, 3, -2),
(759, 15, 1, 1),
(760, 1, 1, 3),
(761, 2, 3, 2),
(762, 14, 4, 1),
(763, 13, 3, -3),
(764, 13, 3, -3),
(765, 13, 3, -3),
(766, 13, 4, -3),
(767, 14, 2, 3),
(768, 1, 1, -1),
(769, 8, 4, 1),
(770, 8, 3, 1),
(771, 16, 2, 3),
(772, 4, 1, 3),
(773, 18, 4, 1),
(774, 7, 4, 4),
(775, 7, 3, 12),
(776, 18, 2, 3),
(777, 2, 1, -1),
(778, 2, 1, -1),
(779, 2, 3, -1),
(780, 2, 4, -1),
(781, 9, 3, -1),
(782, 9, 3, -1),
(783, 9, 3, -1),
(784, 9, 4, -1),
(785, 13, 1, 1),
(786, 18, 2, -3),
(787, 15, 2, -2),
(788, 12, 3, -2),
(789, 12, 3, -2),
(790, 12, 3, -2),
(791, 12, 4, -2),
(792, 2, 1, 2),
(793, 1, 1, -1),
(794, 1, 1, -1),
(795, 1, 2, -1),
(796, 1, 4, -1),
(797, 2, 2, 2),
(798, 15, 1, -1),
(799, 15, 2, -1),
(800, 15, 2, -1),
(801, 15, 4, -1),
(802, 1, 4, 1),
(803, 3, 1, -1),
(804, 3, 1, -1),
(805, 3, 1, -1),
(806, 3, 4, -1),
(807, 1, 1, 2),
(808, 13, 4, 2),
(809, 13, 3, 6),
(810, 8, 1, -1),
(811, 8, 2, -1),
(812, 8, 3, -1),
(813, 8, 4, -1),
(814, 1, 1, -1),
(815, 2, 4, 1),
(816, 9, 3, -1),
(817, 9, 3, -1),
(818, 9, 3, -1),
(819, 9, 4, -1),
(820, 1, 1, 1),
(821, 12, 4, 1),
(822, 16, 1, 0),
(823, 16, 1, 0),
(824, 16, 1, 0),
(825, 16, 4, 0),
(826, 12, 3, 1),
(827, 9, 2, 3),
(828, 8, 1, 1),
(829, 14, 2, -1),
(830, 14, 2, -1),
(831, 14, 2, -1),
(832, 14, 4, -1),
(833, 16, 2, -3),
(834, 16, 2, -3),
(835, 16, 2, -3),
(836, 16, 4, -3),
(837, 7, 3, -3),
(838, 4, 1, -1),
(839, 4, 1, -1),
(840, 4, 1, -1),
(841, 4, 4, -1),
(842, 13, 3, -2),
(843, 4, 3, 2),
(844, 2, 1, -1),
(845, 2, 2, -1),
(846, 2, 3, -1),
(847, 2, 4, -1),
(848, 8, 4, 1),
(849, 8, 3, 1),
(850, 1, 1, -1),
(851, 1, 1, -1),
(852, 1, 2, -1),
(853, 1, 4, -1),
(854, 2, 1, -1),
(855, 1, 1, -1),
(856, 15, 2, -2),
(857, 1, 4, 2),
(858, 14, 4, 1),
(859, 5, 1, -1),
(860, 5, 1, -1),
(861, 5, 1, -1),
(862, 5, 4, -1),
(863, 1, 1, 4),
(864, 14, 2, 3),
(865, 15, 4, 2),
(866, 7, 2, -2),
(867, 7, 3, -2),
(868, 7, 3, -2),
(869, 7, 4, -2),
(870, 3, 1, -2),
(871, 3, 1, -2),
(872, 3, 2, -2),
(873, 3, 4, -2),
(874, 4, 4, 1),
(875, 7, 3, -1),
(876, 1, 1, -1),
(877, 7, 3, -1),
(878, 7, 3, -1),
(879, 15, 2, 6),
(880, 7, 4, -1),
(881, 20, 2, -2),
(882, 20, 2, -2),
(883, 20, 3, -2),
(884, 20, 4, -2),
(885, 4, 1, 2),
(886, 7, 1, -1),
(887, 7, 2, -1),
(888, 7, 3, -1),
(889, 7, 4, -1),
(890, 2, 1, -1),
(891, 2, 1, -1),
(892, 2, 2, -1),
(893, 2, 4, -1),
(894, 3, 4, 2),
(895, 9, 1, -1),
(896, 9, 2, -1),
(897, 9, 3, -1),
(898, 9, 4, -1),
(899, 3, 1, 5),
(900, 15, 2, 2),
(901, 7, 1, 1),
(902, 15, 2, -2),
(903, 14, 4, 1),
(904, 12, 3, -2),
(905, 14, 2, 3),
(906, 16, 4, 2),
(907, 8, 1, -2),
(908, 8, 2, -2),
(909, 8, 3, -2),
(910, 8, 4, -2),
(911, 1, 3, 2),
(912, 4, 2, 2),
(913, 12, 3, -2),
(914, 16, 2, 6),
(915, 1, 1, -1),
(916, 1, 2, -1),
(917, 1, 3, -1),
(918, 1, 4, -1),
(919, 12, 3, -2),
(920, 19, 1, -1),
(921, 19, 2, -1),
(922, 19, 3, -1),
(923, 19, 4, -1),
(924, 2, 3, 2),
(925, 7, 3, 3),
(926, 15, 2, -3),
(927, 7, 3, -3),
(928, 2, 3, 2),
(929, 15, 3, 3),
(930, 20, 4, 2),
(931, 7, 2, 3),
(932, 8, 4, 1),
(933, 20, 2, 6),
(934, 8, 3, 3),
(935, 5, 1, -1),
(936, 11, 1, 1),
(937, 1, 1, -1),
(938, 1, 1, -1),
(939, 1, 3, -1),
(940, 1, 4, -1),
(941, 7, 4, 4),
(942, 7, 3, 12),
(943, 1, 1, 2),
(944, 1, 1, 6),
(945, 3, 1, -1),
(946, 3, 1, -1),
(947, 3, 2, -1),
(948, 3, 4, -1),
(949, 20, 2, -3),
(950, 20, 2, -3),
(951, 1, 1, -2),
(952, 15, 2, -2),
(953, 5, 2, 3),
(954, 1, 4, 2),
(955, 8, 2, 3),
(956, 20, 4, -1),
(957, 1, 2, 2),
(958, 5, 1, 1),
(959, 3, 4, 1),
(960, 20, 4, 1),
(961, 3, 1, 3),
(962, 19, 2, 2),
(963, 2, 4, 2),
(964, 13, 3, 3),
(965, 2, 1, 3),
(966, 4, 1, -1),
(967, 4, 2, -1),
(968, 4, 3, -1),
(969, 4, 4, -1),
(970, 18, 2, 2),
(971, 20, 4, -1),
(972, 20, 4, 1),
(973, 1, 1, -1),
(974, 12, 3, 9),
(975, 9, 1, 1),
(976, 7, 3, -3),
(977, 20, 4, -1),
(978, 15, 1, -1),
(979, 15, 2, -1),
(980, 15, 3, -1),
(981, 15, 4, -1),
(982, 20, 4, -1),
(983, 14, 2, -2),
(984, 14, 2, -2),
(985, 14, 2, -2),
(986, 14, 4, -2),
(987, 3, 1, -1),
(988, 3, 1, -1),
(989, 3, 1, -1),
(990, 3, 4, -1),
(991, 20, 4, 1),
(992, 15, 3, 3),
(993, 20, 2, 3),
(994, 1, 1, -1),
(995, 16, 2, -2),
(996, 16, 2, -2),
(997, 16, 2, -2),
(998, 16, 4, -2),
(999, 15, 1, 1),
(1000, 14, 4, 2),
(1001, 14, 2, 6),
(1002, 16, 4, 2),
(1003, 15, 2, -1),
(1004, 15, 2, -1),
(1005, 15, 3, -1),
(1006, 15, 4, -1),
(1007, 16, 2, 6),
(1008, 9, 1, -1),
(1009, 9, 2, -1),
(1010, 9, 3, -1),
(1011, 9, 4, -1),
(1012, 18, 2, -1),
(1013, 18, 2, -1),
(1014, 4, 2, 1),
(1015, 2, 1, -1),
(1016, 15, 4, 2),
(1017, 5, 4, 1),
(1018, 15, 2, 6),
(1019, 18, 1, 1),
(1020, 4, 1, 0),
(1021, 4, 1, 0),
(1022, 4, 1, 0),
(1023, 4, 4, 0),
(1024, 4, 1, -1),
(1025, 4, 2, -1),
(1026, 4, 3, -1),
(1027, 4, 4, -1),
(1028, 2, 1, -2),
(1029, 2, 3, -2),
(1030, 2, 3, -2),
(1031, 2, 4, -2),
(1032, 2, 2, 1),
(1033, 8, 2, -1),
(1034, 8, 3, -1),
(1035, 8, 3, -1),
(1036, 8, 4, -1),
(1037, 3, 1, -3),
(1038, 15, 2, -3),
(1039, 8, 2, -1),
(1040, 8, 2, -1),
(1041, 8, 3, -1),
(1042, 8, 4, -1),
(1043, 20, 2, -1),
(1044, 20, 2, -1),
(1045, 20, 2, -1),
(1046, 20, 4, -1),
(1047, 1, 1, -1),
(1048, 1, 2, -1),
(1049, 1, 3, -1),
(1050, 1, 4, -1),
(1051, 4, 4, 2),
(1052, 1, 2, 3),
(1053, 4, 1, 2),
(1054, 2, 4, 1),
(1055, 15, 1, 3),
(1056, 2, 1, 2),
(1057, 20, 4, 1),
(1058, 20, 4, 1),
(1059, 18, 2, 2),
(1060, 20, 4, -1),
(1061, 3, 4, 1),
(1062, 20, 4, -1),
(1063, 3, 1, 3),
(1064, 1, 1, -1),
(1065, 1, 1, -1),
(1066, 1, 2, -1),
(1067, 1, 4, -1),
(1068, 14, 2, -3),
(1069, 13, 2, 3),
(1070, 1, 4, 2),
(1071, 16, 4, 1),
(1072, 19, 2, -1),
(1073, 19, 2, -1),
(1074, 19, 3, -1),
(1075, 19, 4, -1),
(1076, 1, 1, 3),
(1077, 16, 2, 3),
(1078, 14, 2, -1),
(1079, 14, 2, -1),
(1080, 14, 2, -1),
(1081, 14, 4, -1),
(1082, 5, 1, 2),
(1083, 12, 3, -2),
(1084, 16, 2, -2),
(1085, 16, 2, -2),
(1086, 16, 2, -2),
(1087, 16, 4, -2),
(1088, 4, 3, 2),
(1089, 12, 3, -2),
(1090, 15, 1, -1),
(1091, 15, 2, -1),
(1092, 15, 3, -1),
(1093, 15, 4, -1),
(1094, 1, 3, 2),
(1095, 12, 3, -2),
(1096, 12, 3, -2),
(1097, 12, 3, -2),
(1098, 12, 4, -2),
(1099, 9, 4, 1),
(1100, 13, 1, -1),
(1101, 13, 2, -1),
(1102, 13, 3, -1),
(1103, 13, 4, -1),
(1104, 18, 1, -1),
(1105, 18, 2, -1),
(1106, 18, 2, -1),
(1107, 18, 4, -1),
(1108, 14, 4, -1),
(1109, 15, 4, 1),
(1110, 15, 2, 3),
(1111, 2, 1, -1),
(1112, 2, 1, -1),
(1113, 2, 2, -1),
(1114, 2, 4, -1),
(1115, 4, 1, -1),
(1116, 4, 2, -1),
(1117, 4, 3, -1),
(1118, 4, 4, -1),
(1119, 19, 3, -1),
(1120, 5, 1, -1),
(1121, 5, 1, -1),
(1122, 5, 2, -1),
(1123, 5, 4, -1),
(1124, 5, 4, 1),
(1125, 13, 3, -2),
(1126, 15, 1, -1),
(1127, 15, 2, -1),
(1128, 15, 3, -1),
(1129, 15, 4, -1),
(1130, 15, 2, -2),
(1131, 1, 1, -1),
(1132, 4, 2, 2),
(1133, 14, 4, 1),
(1134, 1, 1, -1),
(1135, 9, 1, 1),
(1136, 1, 3, 2),
(1137, 16, 2, -1),
(1138, 16, 2, -1),
(1139, 16, 2, -1),
(1140, 16, 4, -1),
(1141, 18, 4, 1),
(1142, 12, 3, 3),
(1143, 1, 1, -2),
(1144, 1, 2, -2),
(1145, 1, 3, -2),
(1146, 1, 4, -2),
(1147, 18, 2, 3),
(1148, 19, 3, 1),
(1149, 1, 4, 2),
(1150, 3, 1, -1),
(1151, 3, 1, -1),
(1152, 3, 1, -1),
(1153, 3, 4, -1),
(1154, 1, 1, 3),
(1155, 19, 3, -1),
(1156, 5, 1, -1),
(1157, 5, 2, -1),
(1158, 5, 2, -1),
(1159, 5, 4, -1),
(1160, 1, 1, -1),
(1161, 13, 3, -1),
(1162, 13, 3, -1),
(1163, 13, 3, -1),
(1164, 13, 4, -1),
(1165, 18, 2, -1),
(1166, 18, 2, -1),
(1167, 18, 2, -1),
(1168, 18, 4, -1),
(1169, 12, 3, -3),
(1170, 4, 1, -1),
(1171, 4, 2, -1),
(1172, 4, 3, -1),
(1173, 4, 4, -1),
(1174, 15, 1, -1),
(1175, 15, 2, -1),
(1176, 15, 3, -1),
(1177, 15, 4, -1),
(1178, 7, 2, -2),
(1179, 7, 3, -2),
(1180, 7, 3, -2),
(1181, 7, 4, -2),
(1182, 7, 1, -1),
(1183, 7, 2, -1),
(1184, 7, 3, -1),
(1185, 7, 4, -1),
(1186, 7, 3, -1),
(1187, 7, 3, -1),
(1188, 7, 3, -1),
(1189, 7, 4, -1),
(1190, 1, 1, -2),
(1191, 1, 1, -1),
(1192, 1, 2, -1),
(1193, 1, 3, -1),
(1194, 1, 4, -1),
(1195, 3, 3, 3),
(1196, 9, 1, -1),
(1197, 9, 2, -1),
(1198, 9, 3, -1),
(1199, 9, 4, -1),
(1200, 8, 1, 2);

-- --------------------------------------------------------

--
-- Table structure for table `onsale`
--

CREATE TABLE `onsale` (
  `idonsale` int(11) NOT NULL,
  `iduser` int(11) NOT NULL,
  `idbahanbaku` int(11) NOT NULL,
  `qty` int(11) NOT NULL,
  `harga` int(11) NOT NULL,
  `currency` varchar(100) NOT NULL,
  `pembeli` int(11) NOT NULL
) ENGINE=InnoDB DEFAULT CHARSET=latin1;

--
-- Dumping data for table `onsale`
--

INSERT INTO `onsale` (`idonsale`, `iduser`, `idbahanbaku`, `qty`, `harga`, `currency`, `pembeli`) VALUES
(8, 3, 1, 1, 75, 'SGD', 15),
(9, 15, 2, 3, 300, 'RMB', 2),
(10, 5, 1, 1, 75, 'SGD', 16),
(12, 5, 1, 1, 75, 'RMB', 15),
(13, 1, 1, 3, 68, 'IDR', 3),
(14, 5, 1, 1, 80, 'SGD', 16),
(16, 3, 1, 2, 140, 'SGD', 16),
(17, 3, 1, 2, 140, 'RMB', 15),
(18, 18, 2, 1, 100, 'RMB', 4),
(20, 5, 1, 1, 80, 'SGD', 16),
(21, 19, 2, 1, 100, 'SGD', 4),
(22, 14, 2, 3, 300, 'SGD', 5),
(23, 19, 2, 2, 250, 'SGD', 1),
(25, 5, 1, 1, 80, 'SGD', 20),
(27, 19, 2, 1, 150, 'SGD', 1),
(29, 11, 3, 3, 300, 'IDR', 4),
(30, 9, 3, 3, 300, 'RMB', 1),
(31, 15, 2, 3, 320, 'RMB', 4),
(32, 5, 1, 1, 100, 'SGD', 15),
(34, 18, 2, 1, 75, 'SGD', 2),
(36, 3, 1, 2, 140, 'RMB', 13),
(37, 9, 3, 3, 500, 'IDR', 1),
(38, 3, 1, 2, 160, 'SGD', 20),
(40, 5, 1, 1, 100, 'SGD', 7),
(42, 14, 2, 3, 300, 'SGD', 7),
(44, 9, 3, 3, 500, 'RMB', 19),
(46, 11, 3, 3, 350, 'IDR', 2),
(48, 4, 1, 2, 250, 'RMB', 19),
(49, 20, 2, 2, 150, 'RMB', 13),
(50, 20, 2, 1, 75, 'IDR', 1),
(51, 15, 2, 2, 210, 'RMB', 3),
(53, 2, 1, 1, 100, 'RMB', 18),
(54, 8, 3, 3, 270, 'RMB', 18),
(57, 1, 1, 1, 70, 'RMB', 18),
(59, 3, 1, 2, 175, 'RMB', 7),
(60, 15, 2, 1, 100, 'RMB', 2),
(61, 1, 1, 1, 65, 'RMB', 15),
(62, 19, 2, 2, 250, 'RMB', 1),
(63, 12, 3, 3, 200, 'SGD', 20),
(64, 8, 3, 2, 140, 'RMB', 15),
(65, 1, 1, 1, 75, 'RMB', 18),
(67, 5, 1, 1, 100, 'SGD', 18),
(69, 2, 1, 1, 100, 'SGD', 15),
(70, 14, 2, 3, 250, 'IDR', 3),
(71, 2, 1, 2, 200, 'RMB', 13),
(72, 2, 1, 1, 100, 'RMB', 8),
(75, 2, 1, 1, 100, 'SGD', 11),
(76, 5, 1, 1, 95, 'RMB', 9),
(78, 15, 2, 3, 300, 'RMB', 7),
(80, 1, 1, 1, 100, 'RMB', 8),
(81, 2, 1, 2, 200, 'RMB', 15),
(83, 18, 2, 3, 350, 'RMB', 8),
(84, 2, 1, 1, 100, 'RMB', 15),
(85, 16, 2, 1, 70, 'RMB', 1),
(86, 5, 1, 1, 120, 'SGD', 18),
(88, 16, 2, 2, 250, 'IDR', 1),
(91, 18, 1, 1, 120, 'SGD', 11),
(92, 2, 1, 1, 100, 'RMB', 7),
(93, 2, 1, 1, 100, 'RMB', 15),
(94, 13, 3, 2, 170, 'IDR', 2),
(95, 1, 1, 1, 100, 'RMB', 13),
(96, 18, 2, 3, 400, 'RMB', 9),
(97, 15, 2, 2, 207, 'IDR', 2),
(98, 1, 1, 1, 100, 'RMB', 8),
(100, 13, 3, 2, 180, 'SGD', 4),
(102, 1, 1, 1, 100, 'RMB', 7),
(103, 15, 2, 2, 210, 'RMB', 4),
(104, 12, 3, 2, 120, 'RMB', 1),
(105, 12, 3, 2, 170, 'IDR', 2),
(106, 12, 3, 2, 170, 'IDR', 2),
(107, 15, 2, 3, 325, 'RMB', 7),
(108, 7, 3, 3, 300, 'SGD', 15),
(110, 20, 2, 3, 200, 'IDR', 5),
(111, 20, 2, 3, 250, 'RMB', 8),
(112, 15, 2, 2, 250, 'IDR', 1),
(115, 1, 1, 1, 100, 'RMB', 9),
(116, 7, 3, 3, 300, 'SGD', 15),
(119, 1, 1, 1, 100, 'RMB', 15),
(120, 18, 2, 1, 100, 'SGD', 4),
(121, 18, 2, 1, 110, 'SGD', 2),
(122, 2, 1, 1, 120, 'SGD', 18),
(123, 3, 1, 3, 300, 'RMB', 15),
(124, 15, 2, 3, 350, 'IDR', 1),
(125, 20, 4, 1, 110, 'IDR', 5),
(126, 20, 4, 1, 110, 'RMB', 0),
(127, 14, 2, 3, 375, 'RMB', 13),
(128, 12, 3, 2, 180, 'RMB', 4),
(129, 12, 3, 2, 180, 'RMB', 1),
(132, 13, 3, 2, 250, 'RMB', 1),
(133, 15, 2, 2, 250, 'IDR', 4),
(134, 1, 1, 1, 100, 'RMB', 9),
(135, 19, 3, 1, 200, 'RMB', 0),
(136, 1, 1, 1, 150, 'RMB', 0),
(137, 12, 3, 3, 280, 'SGD', 3),
(138, 1, 1, 2, 300, 'IDR', 8);

-- --------------------------------------------------------

--
-- Table structure for table `pembelian`
--

CREATE TABLE `pembelian` (
  `idpembelian` int(11) NOT NULL,
  `idbahanbaku` int(11) NOT NULL,
  `iduser` int(11) NOT NULL,
  `qty` int(11) NOT NULL,
  `hsatuan` int(11) NOT NULL,
  `currency` varchar(100) NOT NULL
) ENGINE=InnoDB DEFAULT CHARSET=latin1;

--
-- Dumping data for table `pembelian`
--

INSERT INTO `pembelian` (`idpembelian`, `idbahanbaku`, `iduser`, `qty`, `hsatuan`, `currency`) VALUES
(1, 4, 16, 2, 100, 'SGD'),
(2, 2, 16, 6, 50, 'SGD'),
(3, 4, 4, 3, 100, 'IDR'),
(4, 1, 4, 6, 50, 'IDR'),
(5, 4, 2, 2, 100, 'IDR'),
(6, 1, 2, 4, 56, 'IDR'),
(7, 4, 15, 2, 98, 'SGD'),
(8, 2, 15, 6, 56, 'SGD'),
(9, 4, 3, 2, 114, 'IDR'),
(10, 1, 3, 6, 56, 'IDR'),
(12, 4, 7, 4, 87, 'RMB'),
(13, 3, 7, 9, 39, 'RMB'),
(14, 4, 19, 1, 98, 'SGD'),
(15, 2, 19, 3, 56, 'SGD'),
(16, 4, 5, 1, 114, 'IDR'),
(17, 1, 5, 3, 56, 'IDR'),
(18, 4, 14, 2, 98, 'SGD'),
(19, 2, 14, 6, 56, 'SGD'),
(20, 4, 18, 2, 98, 'SGD'),
(21, 4, 1, 1, 114, 'IDR'),
(22, 1, 1, 3, 56, 'IDR'),
(23, 2, 18, 5, 57, 'SGD'),
(24, 1, 5, 3, 56, 'IDR'),
(25, 4, 13, 2, 84, 'RMB'),
(26, 3, 13, 6, 38, 'RMB'),
(27, 4, 20, 2, 103, 'SGD'),
(28, 2, 20, 6, 57, 'SGD'),
(29, 4, 10, 4, 84, 'RMB'),
(30, 3, 10, 12, 38, 'RMB'),
(31, 4, 20, 1, 103, 'SGD'),
(32, 4, 3, 1, 111, 'IDR'),
(33, 1, 3, 6, 56, 'IDR'),
(34, 4, 5, 1, 103, 'IDR'),
(35, 1, 5, 3, 56, 'IDR'),
(36, 2, 19, 3, 57, 'SGD'),
(37, 4, 19, 1, 102, 'SGD'),
(38, 4, 12, 2, 93, 'RMB'),
(39, 3, 12, 6, 38, 'RMB'),
(40, 1, 1, 3, 56, 'IDR'),
(41, 1, 4, 1, 56, 'IDR'),
(42, 2, 19, 3, 57, 'SGD'),
(43, 1, 5, 3, 56, 'IDR'),
(44, 4, 15, 1, 102, 'SGD'),
(45, 2, 15, 6, 57, 'SGD'),
(46, 4, 11, 2, 93, 'RMB'),
(47, 3, 11, 6, 38, 'RMB'),
(48, 4, 16, 2, 102, 'SGD'),
(49, 2, 16, 2, 57, 'SGD'),
(50, 4, 9, 1, 97, 'RMB'),
(51, 3, 9, 3, 38, 'RMB'),
(52, 2, 14, 3, 58, 'SGD'),
(53, 4, 9, 1, 97, 'RMB'),
(54, 3, 9, 3, 38, 'RMB'),
(55, 4, 19, 1, 106, 'SGD'),
(56, 2, 19, 3, 58, 'SGD'),
(57, 4, 18, 1, 106, 'SGD'),
(58, 4, 13, 1, 97, 'RMB'),
(59, 3, 13, 3, 38, 'RMB'),
(60, 2, 18, 3, 58, 'SGD'),
(61, 4, 5, 2, 95, 'IDR'),
(62, 1, 5, 3, 47, 'IDR'),
(63, 2, 19, 3, 63, 'SGD'),
(64, 4, 8, 2, 101, 'RMB'),
(65, 1, 3, 6, 47, 'IDR'),
(66, 3, 8, 6, 43, 'RMB'),
(67, 4, 3, 1, 93, 'IDR'),
(68, 4, 16, 1, 104, 'SGD'),
(69, 4, 2, 1, 93, 'IDR'),
(70, 2, 16, 2, 63, 'SGD'),
(71, 1, 2, 2, 47, 'IDR'),
(73, 4, 1, 1, 93, 'IDR'),
(75, 1, 1, 1, 47, 'IDR'),
(76, 4, 10, 2, 101, 'RMB'),
(77, 3, 10, 6, 43, 'RMB'),
(78, 1, 5, 1, 47, 'IDR'),
(79, 4, 4, 1, 93, 'IDR'),
(80, 1, 4, 3, 47, 'IDR'),
(81, 4, 16, 2, 99, 'SGD'),
(82, 2, 16, 4, 63, 'SGD'),
(83, 3, 9, 6, 43, 'RMB'),
(84, 4, 3, 2, 95, 'IDR'),
(85, 1, 3, 6, 47, 'IDR'),
(86, 4, 10, 4, 103, 'RMB'),
(87, 4, 5, 1, 95, 'IDR'),
(88, 3, 10, 12, 43, 'RMB'),
(89, 1, 5, 3, 47, 'IDR'),
(90, 4, 1, 2, 95, 'IDR'),
(91, 1, 1, 3, 47, 'IDR'),
(92, 4, 2, 1, 95, 'IDR'),
(93, 1, 2, 3, 47, 'IDR'),
(94, 4, 13, 2, 103, 'RMB'),
(95, 3, 13, 6, 44, 'RMB'),
(96, 4, 19, 1, 94, 'SGD'),
(97, 4, 12, 2, 103, 'RMB'),
(98, 3, 12, 6, 44, 'RMB'),
(99, 2, 19, 3, 61, 'SGD'),
(100, 4, 15, 2, 94, 'SGD'),
(101, 2, 15, 6, 61, 'SGD'),
(102, 4, 8, 2, 103, 'RMB'),
(103, 3, 8, 6, 44, 'RMB'),
(104, 4, 20, 1, 94, 'SGD'),
(105, 2, 20, 3, 61, 'SGD'),
(106, 4, 16, 1, 94, 'SGD'),
(107, 2, 16, 2, 61, 'SGD'),
(108, 4, 7, 3, 103, 'RMB'),
(109, 3, 7, 7, 44, 'RMB'),
(110, 4, 14, 1, 95, 'SGD'),
(111, 2, 14, 6, 61, 'SGD'),
(112, 4, 5, 1, 91, 'IDR'),
(113, 1, 5, 3, 46, 'IDR'),
(114, 4, 2, 2, 91, 'IDR'),
(115, 1, 2, 2, 46, 'IDR'),
(116, 3, 11, 1, 46, 'RMB'),
(117, 4, 1, 2, 91, 'IDR'),
(118, 1, 1, 6, 46, 'IDR'),
(119, 4, 3, 2, 91, 'IDR'),
(120, 1, 3, 6, 46, 'IDR'),
(121, 4, 4, 1, 91, 'IDR'),
(122, 2, 16, 3, 59, 'SGD'),
(123, 4, 13, 1, 101, 'RMB'),
(124, 3, 13, 3, 40, 'RMB'),
(125, 4, 16, 2, 87, 'SGD'),
(126, 4, 5, 1, 111, 'IDR'),
(127, 1, 5, 3, 54, 'IDR'),
(128, 2, 16, 6, 59, 'SGD'),
(129, 1, 2, 3, 54, 'IDR'),
(130, 4, 10, 1, 101, 'RMB'),
(131, 3, 10, 3, 40, 'RMB'),
(132, 1, 2, 2, 53, 'IDR'),
(133, 4, 15, 1, 90, 'SGD'),
(134, 2, 15, 3, 61, 'SGD'),
(135, 4, 12, 1, 104, 'RMB'),
(136, 3, 12, 6, 39, 'RMB'),
(137, 4, 20, 2, 90, 'SGD'),
(138, 2, 20, 6, 61, 'SGD'),
(139, 2, 16, 1, 61, 'SGD'),
(140, 2, 14, 3, 61, 'SGD'),
(141, 4, 18, 1, 107, 'SGD'),
(142, 4, 3, 2, 92, 'IDR'),
(143, 1, 3, 6, 47, 'IDR'),
(144, 4, 13, 1, 101, 'RMB'),
(145, 1, 5, 3, 47, 'IDR'),
(146, 4, 19, 2, 107, 'SGD'),
(147, 4, 7, 4, 95, 'RMB'),
(148, 3, 7, 11, 30, 'RMB'),
(149, 4, 1, 2, 92, 'IDR'),
(150, 4, 16, 2, 114, 'SGD'),
(151, 1, 1, 6, 71, 'IDR'),
(152, 2, 16, 4, 56, 'SGD'),
(153, 4, 15, 2, 114, 'SGD'),
(154, 2, 15, 6, 56, 'SGD'),
(155, 4, 10, 2, 95, 'RMB'),
(156, 2, 12, 0, 56, 'SGD'),
(157, 3, 10, 6, 30, 'RMB'),
(159, 4, 3, 1, 92, 'IDR'),
(160, 1, 3, 3, 71, 'IDR'),
(161, 4, 12, 1, 114, 'SGD'),
(162, 4, 2, 2, 92, 'IDR'),
(163, 4, 8, 2, 95, 'RMB'),
(164, 2, 12, 3, 56, 'SGD'),
(165, 1, 2, 3, 71, 'IDR'),
(166, 3, 8, 6, 30, 'RMB'),
(167, 1, 2, 3, 71, 'IDR'),
(168, 4, 4, 3, 90, 'IDR'),
(169, 4, 13, 3, 97, 'RMB'),
(170, 1, 4, 3, 71, 'IDR'),
(171, 3, 13, 9, 30, 'RMB'),
(172, 4, 5, 1, 90, 'IDR'),
(173, 2, 16, 2, 56, 'SGD'),
(174, 1, 5, 3, 71, 'IDR'),
(175, 4, 18, 1, 114, 'SGD'),
(176, 3, 12, 1, 30, 'RMB'),
(177, 2, 18, 3, 56, 'SGD'),
(178, 2, 18, 3, 53, 'SGD'),
(179, 1, 2, 3, 130, 'IDR'),
(180, 4, 3, 1, 96, 'IDR'),
(181, 1, 3, 3, 130, 'IDR'),
(182, 4, 15, 1, 106, 'SGD'),
(183, 2, 15, 6, 53, 'SGD'),
(184, 2, 16, 3, 53, 'SGD'),
(185, 4, 9, 1, 99, 'RMB'),
(186, 3, 9, 3, 30, 'RMB'),
(187, 4, 1, 1, 96, 'IDR'),
(188, 1, 1, 1, 80, 'IDR'),
(189, 4, 12, 2, 99, 'RMB'),
(190, 3, 12, 6, 30, 'RMB'),
(191, 2, 16, 1, 62, 'SGD'),
(192, 4, 16, 1, 106, 'SGD'),
(193, 1, 5, 1, 80, 'IDR'),
(194, 4, 3, 1, 96, 'IDR'),
(195, 1, 3, 3, 80, 'IDR'),
(196, 4, 9, 2, 99, 'RMB'),
(197, 3, 9, 6, 30, 'RMB'),
(198, 1, 1, 3, 78, 'IDR'),
(199, 4, 14, 1, 99, 'SGD'),
(200, 2, 14, 3, 55, 'SGD'),
(201, 4, 8, 1, 108, 'RMB'),
(202, 3, 8, 1, 39, 'RMB'),
(203, 2, 16, 3, 55, 'SGD'),
(204, 1, 4, 3, 78, 'IDR'),
(205, 4, 18, 1, 99, 'SGD'),
(206, 4, 7, 4, 108, 'RMB'),
(207, 3, 7, 12, 39, 'RMB'),
(208, 2, 18, 3, 55, 'SGD'),
(209, 1, 2, 2, 78, 'IDR'),
(210, 4, 1, 1, 81, 'IDR'),
(211, 1, 1, 2, 130, 'IDR'),
(212, 4, 13, 2, 122, 'RMB'),
(213, 3, 13, 6, 41, 'RMB'),
(214, 4, 2, 1, 81, 'IDR'),
(215, 1, 1, 1, 130, 'IDR'),
(216, 4, 12, 1, 122, 'RMB'),
(217, 3, 12, 1, 41, 'RMB'),
(218, 4, 8, 1, 122, 'RMB'),
(219, 3, 8, 1, 41, 'RMB'),
(220, 4, 1, 2, 130, 'IDR'),
(221, 4, 14, 1, 84, 'SGD'),
(222, 1, 1, 4, 80, 'IDR'),
(223, 2, 14, 3, 44, 'SGD'),
(224, 4, 15, 2, 84, 'SGD'),
(225, 4, 4, 1, 130, 'IDR'),
(226, 2, 15, 6, 44, 'SGD'),
(227, 1, 4, 2, 80, 'IDR'),
(228, 4, 3, 2, 130, 'IDR'),
(229, 1, 3, 5, 80, 'IDR'),
(230, 4, 14, 1, 84, 'SGD'),
(231, 2, 14, 3, 44, 'SGD'),
(232, 4, 16, 2, 84, 'SGD'),
(233, 2, 16, 6, 44, 'SGD'),
(234, 4, 20, 2, 91, 'SGD'),
(235, 4, 8, 1, 124, 'RMB'),
(236, 2, 20, 6, 49, 'SGD'),
(237, 3, 8, 3, 49, 'RMB'),
(238, 4, 7, 4, 124, 'RMB'),
(239, 3, 7, 12, 49, 'RMB'),
(241, 1, 1, 6, 80, 'IDR'),
(242, 4, 1, 2, 130, 'IDR'),
(243, 4, 3, 1, 130, 'IDR'),
(244, 1, 3, 3, 80, 'IDR'),
(245, 2, 19, 2, 49, 'SGD'),
(246, 4, 2, 2, 130, 'IDR'),
(247, 3, 13, 3, 49, 'RMB'),
(248, 1, 2, 3, 80, 'IDR'),
(249, 2, 18, 2, 49, 'SGD'),
(250, 3, 12, 9, 49, 'RMB'),
(251, 4, 20, 1, 86, 'SGD'),
(252, 2, 20, 3, 49, 'SGD'),
(253, 4, 14, 2, 86, 'SGD'),
(254, 2, 14, 6, 49, 'SGD'),
(255, 4, 16, 2, 86, 'SGD'),
(256, 2, 16, 6, 49, 'SGD'),
(257, 4, 15, 2, 113, 'SGD'),
(258, 4, 5, 1, 117, 'IDR'),
(259, 2, 15, 6, 55, 'SGD'),
(260, 4, 4, 2, 117, 'IDR'),
(261, 1, 4, 2, 73, 'IDR'),
(262, 4, 2, 1, 117, 'IDR'),
(263, 1, 2, 2, 73, 'IDR'),
(264, 2, 18, 2, 55, 'SGD'),
(265, 4, 3, 1, 117, 'IDR'),
(266, 1, 3, 3, 73, 'IDR'),
(267, 4, 1, 2, 117, 'IDR'),
(268, 4, 16, 1, 113, 'SGD'),
(269, 1, 1, 3, 73, 'IDR'),
(270, 2, 16, 3, 55, 'SGD'),
(271, 1, 5, 2, 130, 'IDR'),
(272, 4, 9, 1, 102, 'RMB'),
(273, 4, 15, 1, 112, 'SGD'),
(274, 2, 15, 3, 60, 'SGD'),
(275, 4, 18, 1, 119, 'SGD'),
(276, 3, 12, 3, 30, 'RMB'),
(277, 2, 18, 3, 71, 'SGD'),
(278, 4, 1, 2, 116, 'IDR'),
(279, 1, 1, 3, 130, 'IDR');

-- --------------------------------------------------------

--
-- Table structure for table `penjualan`
--

CREATE TABLE `penjualan` (
  `idpenjualan` int(11) NOT NULL,
  `iduser` int(11) NOT NULL,
  `iddesain` int(11) NOT NULL,
  `qty` int(11) NOT NULL,
  `hsatuan` int(11) NOT NULL,
  `currency` varchar(100) NOT NULL
) ENGINE=InnoDB DEFAULT CHARSET=latin1;

--
-- Dumping data for table `penjualan`
--

INSERT INTO `penjualan` (`idpenjualan`, `iduser`, `iddesain`, `qty`, `hsatuan`, `currency`) VALUES
(1, 3, 1, 1, 300, 'IDR'),
(2, 19, 2, 1, 300, 'SGD'),
(3, 5, 1, 1, 293, 'IDR'),
(4, 15, 6, 1, 500, 'SGD'),
(5, 2, 4, 1, 500, 'IDR'),
(6, 16, 6, 2, 500, 'SGD'),
(7, 20, 2, 1, 293, 'SGD'),
(8, 18, 2, 1, 286, 'SGD'),
(9, 13, 3, 1, 328, 'RMB'),
(10, 10, 3, 1, 328, 'RMB'),
(11, 19, 2, 1, 286, 'SGD'),
(12, 2, 4, 1, 500, 'IDR'),
(13, 4, 4, 1, 500, 'IDR'),
(14, 10, 3, 1, 328, 'RMB'),
(15, 5, 4, 1, 500, 'IDR'),
(16, 3, 1, 1, 286, 'IDR'),
(17, 7, 3, 3, 322, 'RMB'),
(18, 16, 6, 2, 500, 'SGD'),
(19, 13, 3, 1, 322, 'RMB'),
(20, 1, 4, 1, 498, 'IDR'),
(21, 15, 6, 1, 500, 'SGD'),
(22, 5, 4, 1, 498, 'IDR'),
(23, 12, 3, 2, 322, 'RMB'),
(24, 4, 10, 1, 700, 'IDR'),
(25, 20, 6, 1, 500, 'SGD'),
(26, 3, 1, 1, 293, 'IDR'),
(27, 16, 6, 1, 500, 'SGD'),
(28, 5, 4, 1, 498, 'IDR'),
(29, 10, 3, 4, 302, 'RMB'),
(30, 2, 4, 1, 498, 'IDR'),
(31, 3, 1, 1, 300, 'IDR'),
(32, 8, 3, 2, 302, 'RMB'),
(33, 13, 7, 1, 502, 'RMB'),
(34, 1, 10, 1, 697, 'IDR'),
(35, 19, 2, 1, 299, 'SGD'),
(36, 20, 4, 1, 500, 'SGD'),
(37, 4, 10, 1, 697, 'IDR'),
(38, 15, 6, 2, 500, 'SGD'),
(39, 14, 2, 1, 307, 'SGD'),
(40, 16, 2, 1, 307, 'SGD'),
(41, 4, 10, 1, 694, 'IDR'),
(42, 3, 1, 1, 308, 'IDR'),
(43, 10, 3, 1, 287, 'RMB'),
(44, 2, 10, 1, 691, 'IDR'),
(45, 10, 3, 1, 290, 'RMB'),
(46, 1, 10, 1, 691, 'IDR'),
(47, 1, 5, 1, 498, 'IDR'),
(48, 3, 1, 1, 311, 'IDR'),
(49, 16, 2, 1, 300, 'SGD'),
(50, 10, 3, 1, 290, 'RMB'),
(51, 10, 3, 1, 283, 'RMB'),
(52, 4, 4, 1, 495, 'IDR'),
(53, 13, 9, 2, 504, 'RMB'),
(54, 2, 5, 1, 495, 'IDR'),
(55, 5, 1, 1, 314, 'IDR'),
(56, 12, 3, 1, 283, 'RMB'),
(57, 19, 1, 0, 314, 'IDR'),
(58, 15, 6, 1, 502, 'SGD'),
(59, 19, 6, 1, 495, 'IDR'),
(60, 18, 10, 1, 706, 'SGD'),
(61, 3, 4, 1, 495, 'IDR'),
(62, 14, 2, 1, 317, 'SGD'),
(63, 18, 10, 1, 706, 'SGD'),
(64, 2, 10, 1, 688, 'IDR'),
(65, 10, 3, 1, 269, 'RMB'),
(66, 3, 4, 1, 495, 'IDR'),
(67, 15, 10, 1, 705, 'SGD'),
(68, 7, 7, 1, 505, 'RMB'),
(69, 7, 10, 2, 707, 'RMB'),
(70, 7, 9, 1, 505, 'RMB'),
(71, 18, 10, 1, 705, 'SGD'),
(72, 1, 10, 1, 688, 'IDR'),
(73, 20, 8, 1, 503, 'SGD'),
(74, 16, 2, 3, 310, 'SGD'),
(75, 13, 7, 2, 505, 'RMB'),
(76, 15, 10, 1, 705, 'SGD'),
(77, 14, 2, 1, 282, 'SGD'),
(78, 10, 3, 1, 291, 'RMB'),
(79, 3, 1, 1, 372, 'IDR'),
(80, 10, 3, 1, 262, 'RMB'),
(81, 15, 6, 1, 503, 'SGD'),
(82, 12, 8, 1, 505, 'RMB'),
(83, 1, 1, 1, 372, 'IDR'),
(84, 7, 3, 4, 262, 'RMB'),
(85, 4, 1, 1, 358, 'IDR'),
(86, 8, 3, 2, 262, 'RMB'),
(87, 3, 1, 1, 358, 'IDR'),
(88, 9, 3, 1, 262, 'RMB'),
(89, 15, 6, 1, 502, 'SGD'),
(90, 18, 2, 1, 282, 'SGD'),
(91, 5, 1, 1, 358, 'IDR'),
(92, 13, 3, 3, 252, 'RMB'),
(93, 2, 5, 1, 495, 'IDR'),
(94, 9, 3, 1, 252, 'RMB'),
(95, 12, 3, 2, 252, 'RMB'),
(96, 1, 4, 1, 495, 'IDR'),
(97, 15, 6, 1, 500, 'SGD'),
(98, 8, 10, 1, 707, 'RMB'),
(99, 9, 3, 1, 226, 'RMB'),
(100, 16, 1, 0, 373, 'IDR'),
(101, 14, 2, 1, 303, 'SGD'),
(102, 16, 2, 3, 373, 'IDR'),
(103, 4, 1, 1, 373, 'IDR'),
(104, 2, 10, 1, 688, 'IDR'),
(105, 1, 4, 1, 494, 'IDR'),
(106, 5, 1, 1, 360, 'IDR'),
(107, 7, 9, 2, 509, 'RMB'),
(108, 3, 4, 2, 494, 'IDR'),
(109, 7, 3, 1, 233, 'RMB'),
(110, 20, 8, 2, 497, 'SGD'),
(111, 7, 10, 1, 706, 'RMB'),
(112, 2, 4, 1, 494, 'IDR'),
(113, 9, 10, 1, 706, 'RMB'),
(114, 8, 10, 2, 706, 'RMB'),
(115, 1, 10, 1, 687, 'IDR'),
(116, 19, 10, 1, 706, 'SGD'),
(117, 1, 5, 1, 494, 'IDR'),
(118, 3, 4, 1, 494, 'IDR'),
(119, 4, 10, 1, 687, 'IDR'),
(120, 15, 10, 1, 708, 'SGD'),
(121, 14, 2, 2, 324, 'SGD'),
(122, 3, 1, 1, 353, 'IDR'),
(123, 16, 2, 2, 324, 'SGD'),
(124, 15, 8, 1, 498, 'SGD'),
(125, 9, 10, 1, 708, 'RMB'),
(126, 4, 1, 0, 239, 'RMB'),
(127, 4, 10, 1, 707, 'RMB'),
(128, 2, 7, 2, 493, 'IDR'),
(129, 8, 9, 1, 512, 'RMB'),
(130, 8, 8, 1, 512, 'RMB'),
(131, 20, 2, 1, 305, 'SGD'),
(132, 1, 10, 1, 685, 'IDR'),
(133, 1, 4, 1, 493, 'IDR'),
(134, 19, 8, 1, 495, 'SGD'),
(135, 14, 2, 1, 305, 'SGD'),
(136, 16, 2, 2, 276, 'SGD'),
(137, 15, 10, 1, 708, 'SGD'),
(138, 12, 3, 2, 253, 'RMB'),
(139, 13, 10, 1, 706, 'RMB'),
(140, 18, 6, 1, 495, 'SGD'),
(141, 2, 4, 1, 493, 'IDR'),
(142, 4, 10, 1, 684, 'IDR'),
(143, 5, 4, 1, 493, 'IDR'),
(144, 15, 10, 1, 708, 'SGD'),
(145, 16, 2, 1, 269, 'SGD'),
(146, 1, 10, 2, 684, 'IDR'),
(147, 3, 1, 1, 386, 'IDR'),
(148, 5, 6, 1, 492, 'IDR'),
(149, 13, 3, 1, 246, 'RMB'),
(150, 18, 2, 1, 269, 'SGD'),
(151, 4, 10, 1, 684, 'IDR'),
(152, 15, 10, 1, 708, 'SGD'),
(153, 7, 9, 2, 513, 'RMB'),
(154, 7, 10, 1, 706, 'RMB'),
(155, 7, 3, 1, 246, 'RMB'),
(156, 1, 10, 1, 684, 'IDR'),
(157, 9, 10, 1, 706, 'RMB');

-- --------------------------------------------------------

--
-- Table structure for table `saham`
--

CREATE TABLE `saham` (
  `idsaham` int(11) NOT NULL,
  `nama` varchar(100) NOT NULL
) ENGINE=InnoDB DEFAULT CHARSET=latin1;

--
-- Dumping data for table `saham`
--

INSERT INTO `saham` (`idsaham`, `nama`) VALUES
(1, 'Sampoerna'),
(2, 'Freeport'),
(3, 'Ciputra');

-- --------------------------------------------------------

--
-- Table structure for table `setting`
--

CREATE TABLE `setting` (
  `idsetting` int(11) NOT NULL,
  `namasetting` varchar(100) NOT NULL,
  `harga1` int(11) NOT NULL,
  `harga2` int(11) NOT NULL,
  `harga3` int(11) NOT NULL
) ENGINE=InnoDB DEFAULT CHARSET=latin1;

--
-- Dumping data for table `setting`
--

INSERT INTO `setting` (`idsetting`, `namasetting`, `harga1`, `harga2`, `harga3`) VALUES
(1, 'exportimport', 250, 250, 250),
(2, 'bungapinjam', 10, 0, 0),
(3, 'bungatabung', 8, 0, 0);

-- --------------------------------------------------------

--
-- Table structure for table `tcurrency`
--

CREATE TABLE `tcurrency` (
  `idtcurrency` int(11) NOT NULL,
  `iduser` int(11) NOT NULL,
  `currency1` varchar(100) NOT NULL,
  `currency2` varchar(100) NOT NULL,
  `nominal` int(11) NOT NULL
) ENGINE=InnoDB DEFAULT CHARSET=latin1;

--
-- Dumping data for table `tcurrency`
--

INSERT INTO `tcurrency` (`idtcurrency`, `iduser`, `currency1`, `currency2`, `nominal`) VALUES
(1, 8, 'SGD', 'RMB', 1000),
(2, 11, 'IDR', 'SGD', 100),
(3, 4, 'IDR', 'RMB', 100),
(4, 14, 'RMB', 'SGD', 250),
(5, 20, 'IDR', 'SGD', 75),
(6, 4, 'IDR', 'SGD', 200),
(7, 11, 'IDR', 'SGD', 145),
(8, 4, 'IDR', 'RMB', 200),
(9, 4, 'IDR', 'RMB', 100),
(10, 8, 'RMB', 'IDR', 100),
(11, 1, 'SGD', 'RMB', 1),
(12, 4, 'IDR', 'SGD', 400),
(13, 18, 'SGD', 'IDR', 150),
(14, 18, 'SGD', 'RMB', 550),
(15, 5, 'RMB', 'IDR', 107),
(16, 4, 'IDR', 'RMB', 300),
(17, 18, 'RMB', 'IDR', 100),
(18, 4, 'IDR', 'RMB', 110),
(19, 19, 'SGD', 'RMB', 200),
(20, 16, 'IDR', 'RMB', 160),
(21, 8, 'RMB', 'IDR', 2283);

-- --------------------------------------------------------

--
-- Table structure for table `timer`
--

CREATE TABLE `timer` (
  `id` int(11) NOT NULL,
  `time` int(11) NOT NULL
) ENGINE=InnoDB DEFAULT CHARSET=latin1;

--
-- Dumping data for table `timer`
--

INSERT INTO `timer` (`id`, `time`) VALUES
(1, 1508502019);

-- --------------------------------------------------------

--
-- Table structure for table `tpinjaman`
--

CREATE TABLE `tpinjaman` (
  `idtpinjaman` int(11) NOT NULL,
  `iduser` int(11) NOT NULL,
  `nominal` int(11) NOT NULL,
  `currency` varchar(100) NOT NULL
) ENGINE=InnoDB DEFAULT CHARSET=latin1;

--
-- Dumping data for table `tpinjaman`
--

INSERT INTO `tpinjaman` (`idtpinjaman`, `iduser`, `nominal`, `currency`) VALUES
(1, 4, 80, 'IDR'),
(2, 4, 800, 'IDR'),
(3, 4, 30, 'SGD'),
(4, 4, 300, 'SGD'),
(5, 4, 40, 'RMB'),
(6, 4, 400, 'RMB'),
(7, 16, 100, 'SGD'),
(8, 16, 1000, 'SGD'),
(9, 19, 50, 'IDR'),
(10, 19, 500, 'IDR'),
(11, 19, 50, 'SGD'),
(12, 19, 500, 'SGD'),
(13, 2, 50, 'IDR'),
(14, 2, 500, 'IDR'),
(15, 19, 50, 'RMB'),
(16, 19, 500, 'RMB'),
(17, 2, 50, 'SGD'),
(18, 2, 500, 'SGD'),
(19, 2, 50, 'RMB'),
(20, 2, 500, 'RMB'),
(21, 3, 90, 'IDR'),
(22, 3, 900, 'IDR'),
(23, 15, 150, 'SGD'),
(24, 15, 1500, 'SGD'),
(25, 3, 30, 'SGD'),
(26, 3, 300, 'SGD'),
(27, 3, 30, 'RMB'),
(28, 3, 300, 'RMB'),
(29, 14, 25, 'IDR'),
(30, 14, 250, 'IDR'),
(31, 14, 100, 'SGD'),
(32, 14, 1000, 'SGD'),
(33, 7, 70, 'RMB'),
(34, 7, 700, 'RMB'),
(35, 14, 25, 'RMB'),
(36, 14, 250, 'RMB'),
(37, 5, 80, 'IDR'),
(38, 5, 800, 'IDR'),
(39, 18, 50, 'IDR'),
(40, 18, 500, 'IDR'),
(41, 5, 30, 'SGD'),
(42, 5, 300, 'SGD'),
(43, 18, 50, 'SGD'),
(44, 18, 500, 'SGD'),
(45, 5, 30, 'RMB'),
(46, 5, 300, 'RMB'),
(47, 18, 50, 'RMB'),
(48, 18, 500, 'RMB'),
(49, 1, 50, 'IDR'),
(50, 1, 500, 'IDR'),
(51, 1, 50, 'SGD'),
(52, 1, 500, 'SGD'),
(53, 13, 35, 'IDR'),
(54, 13, 350, 'IDR'),
(55, 1, 50, 'RMB'),
(56, 1, 500, 'RMB'),
(57, 13, 35, 'SGD'),
(58, 13, 350, 'SGD'),
(59, 13, 80, 'RMB'),
(60, 13, 800, 'RMB'),
(61, 9, 100, 'IDR'),
(62, 9, 1000, 'IDR'),
(63, 10, 150, 'RMB'),
(64, 10, 1500, 'RMB'),
(65, 12, 50, 'IDR'),
(66, 12, 500, 'IDR'),
(67, 12, 50, 'SGD'),
(68, 12, 500, 'SGD'),
(69, 11, 50, 'IDR'),
(70, 11, 500, 'IDR'),
(71, 12, 50, 'RMB'),
(72, 12, 500, 'RMB'),
(73, 11, 50, 'RMB'),
(74, 11, 500, 'RMB'),
(75, 20, 150, 'SGD'),
(76, 20, 1500, 'SGD'),
(77, 8, 100, 'SGD'),
(78, 8, 1000, 'SGD'),
(79, 9, 50, 'RMB'),
(80, 9, 500, 'RMB'),
(81, 8, 50, 'IDR'),
(82, 8, 500, 'IDR'),
(83, 3, -330, 'SGD'),
(84, 3, -330, 'RMB'),
(85, 2, -550, 'IDR'),
(86, 1, 55, 'IDR'),
(87, 1, 55, 'RMB'),
(88, 1, 55, 'SGD'),
(89, 2, 0, 'IDR'),
(90, 2, 55, 'RMB'),
(91, 2, 55, 'SGD'),
(92, 3, 99, 'IDR'),
(93, 3, 0, 'RMB'),
(94, 3, 0, 'SGD'),
(95, 4, 88, 'IDR'),
(96, 4, 44, 'RMB'),
(97, 4, 33, 'SGD'),
(98, 5, 88, 'IDR'),
(99, 5, 33, 'RMB'),
(100, 5, 33, 'SGD'),
(101, 7, 77, 'RMB'),
(102, 8, 55, 'IDR'),
(103, 8, 110, 'SGD'),
(104, 9, 110, 'IDR'),
(105, 9, 55, 'RMB'),
(106, 10, 165, 'RMB'),
(107, 11, 55, 'IDR'),
(108, 11, 55, 'RMB'),
(109, 12, 55, 'IDR'),
(110, 12, 55, 'RMB'),
(111, 12, 55, 'SGD'),
(112, 13, 39, 'IDR'),
(113, 13, 88, 'RMB'),
(114, 13, 39, 'SGD'),
(115, 14, 28, 'IDR'),
(116, 14, 28, 'RMB'),
(117, 14, 110, 'SGD'),
(118, 15, 165, 'SGD'),
(119, 16, 110, 'SGD'),
(120, 18, 55, 'IDR'),
(121, 18, 55, 'RMB'),
(122, 18, 55, 'SGD'),
(123, 19, 55, 'IDR'),
(124, 19, 55, 'RMB'),
(125, 19, 55, 'SGD'),
(126, 20, 165, 'SGD'),
(127, 11, -605, 'IDR'),
(128, 7, 30, 'SGD'),
(129, 7, 300, 'SGD'),
(130, 2, -100, 'SGD'),
(131, 2, -100, 'RMB'),
(132, 7, 10, 'SGD'),
(133, 7, 100, 'SGD'),
(134, 4, -968, 'IDR'),
(135, 9, -1210, 'IDR'),
(136, 5, -363, 'SGD'),
(137, 5, -200, 'RMB'),
(138, 15, -815, 'SGD'),
(139, 16, -1210, 'SGD'),
(140, 10, -1815, 'RMB'),
(141, 4, -363, 'SGD'),
(142, 14, -1210, 'SGD'),
(143, 19, -500, 'IDR'),
(144, 5, -500, 'IDR'),
(145, 19, -105, 'IDR'),
(146, 2, -402, 'SGD'),
(147, 4, -484, 'RMB'),
(148, 8, -605, 'IDR'),
(149, 18, -605, 'SGD'),
(150, 7, -700, 'RMB'),
(151, 18, -500, 'IDR'),
(152, 1, -605, 'IDR'),
(153, 13, -968, 'RMB'),
(154, 14, -303, 'IDR'),
(155, 5, -163, 'RMB'),
(156, 1, 0, 'IDR'),
(157, 1, 61, 'RMB'),
(158, 1, 61, 'SGD'),
(159, 2, 0, 'IDR'),
(160, 2, 51, 'RMB'),
(161, 2, 10, 'SGD'),
(162, 3, 109, 'IDR'),
(163, 3, 0, 'RMB'),
(164, 3, 0, 'SGD'),
(165, 4, 0, 'IDR'),
(166, 4, 0, 'RMB'),
(167, 4, 0, 'SGD'),
(168, 5, 47, 'IDR'),
(169, 5, 0, 'RMB'),
(170, 5, 0, 'SGD'),
(171, 7, 15, 'RMB'),
(172, 7, 44, 'SGD'),
(173, 8, 0, 'IDR'),
(174, 8, 121, 'SGD'),
(175, 9, 0, 'IDR'),
(176, 9, 61, 'RMB'),
(177, 10, 0, 'RMB'),
(178, 11, 0, 'IDR'),
(179, 11, 61, 'RMB'),
(180, 12, 61, 'IDR'),
(181, 12, 61, 'RMB'),
(182, 12, 61, 'SGD'),
(183, 13, 42, 'IDR'),
(184, 13, 0, 'RMB'),
(185, 13, 42, 'SGD'),
(186, 14, 0, 'IDR'),
(187, 14, 30, 'RMB'),
(188, 14, 0, 'SGD'),
(189, 15, 100, 'SGD'),
(190, 16, 0, 'SGD'),
(191, 18, 11, 'IDR'),
(192, 18, 61, 'RMB'),
(193, 18, 0, 'SGD'),
(194, 19, 0, 'IDR'),
(195, 19, 61, 'RMB'),
(196, 19, 61, 'SGD'),
(197, 20, 182, 'SGD'),
(198, 2, -113, 'SGD'),
(199, 2, -556, 'RMB'),
(200, 7, -162, 'RMB'),
(201, 16, 15, 'SGD'),
(202, 16, 150, 'SGD'),
(203, 13, -466, 'IDR'),
(204, 15, -1100, 'SGD'),
(205, 18, -300, 'RMB'),
(206, 19, 208, 'SGD'),
(207, 11, 80, 'RMB'),
(208, 3, 109, 'IDR'),
(209, 1, 0, 'IDR'),
(210, 1, 67, 'RMB'),
(211, 1, 67, 'SGD'),
(212, 2, 0, 'IDR'),
(213, 2, 0, 'RMB'),
(214, 2, 0, 'SGD'),
(215, 3, 131, 'IDR'),
(216, 3, 0, 'RMB'),
(217, 3, 0, 'SGD'),
(218, 4, 0, 'IDR'),
(219, 4, 0, 'RMB'),
(220, 4, 0, 'SGD'),
(221, 5, 52, 'IDR'),
(222, 5, 0, 'RMB'),
(223, 5, 0, 'SGD'),
(224, 7, 0, 'RMB'),
(225, 7, 48, 'SGD'),
(226, 8, 0, 'IDR'),
(227, 8, 133, 'SGD'),
(228, 9, 0, 'IDR'),
(229, 9, 67, 'RMB'),
(230, 10, 0, 'RMB'),
(231, 11, 0, 'IDR'),
(232, 11, 75, 'RMB'),
(233, 12, 67, 'IDR'),
(234, 12, 67, 'RMB'),
(235, 12, 67, 'SGD'),
(236, 13, 0, 'IDR'),
(237, 13, 0, 'RMB'),
(238, 13, 47, 'SGD'),
(239, 14, 0, 'IDR'),
(240, 14, 33, 'RMB'),
(241, 14, 0, 'SGD'),
(242, 15, 0, 'SGD'),
(243, 16, 17, 'SGD'),
(244, 18, 12, 'IDR'),
(245, 18, 37, 'RMB'),
(246, 18, 0, 'SGD'),
(247, 19, 0, 'IDR'),
(248, 19, 67, 'RMB'),
(249, 19, 87, 'SGD'),
(250, 20, 200, 'SGD'),
(251, 16, 100, 'SGD'),
(252, 16, 1000, 'SGD'),
(253, 13, -513, 'SGD'),
(254, 18, -366, 'RMB'),
(255, 18, -37, 'RMB'),
(256, 20, -1000, 'SGD'),
(257, 19, -200, 'SGD'),
(258, 7, -532, 'SGD'),
(259, 9, -733, 'RMB'),
(260, 19, -500, 'SGD'),
(261, 14, -366, 'RMB'),
(262, 12, -733, 'IDR'),
(263, 12, -733, 'RMB'),
(264, 18, -128, 'IDR'),
(265, 16, -1282, 'SGD'),
(266, 5, -567, 'IDR');

-- --------------------------------------------------------

--
-- Table structure for table `tsaham`
--

CREATE TABLE `tsaham` (
  `idtsaham` int(11) NOT NULL,
  `iduser` int(11) NOT NULL,
  `idsaham` int(11) NOT NULL,
  `qty` int(11) NOT NULL,
  `hsatuan` int(11) NOT NULL,
  `currency` varchar(100) NOT NULL
) ENGINE=InnoDB DEFAULT CHARSET=latin1;

-- --------------------------------------------------------

--
-- Table structure for table `ttabungan`
--

CREATE TABLE `ttabungan` (
  `idttabungan` int(11) NOT NULL,
  `iduser` int(11) NOT NULL,
  `nominal` int(11) NOT NULL,
  `currency` varchar(100) NOT NULL
) ENGINE=InnoDB DEFAULT CHARSET=latin1;

--
-- Dumping data for table `ttabungan`
--

INSERT INTO `ttabungan` (`idttabungan`, `iduser`, `nominal`, `currency`) VALUES
(1, 13, 542, 'RMB'),
(2, 13, 350, 'SGD'),
(3, 13, 350, 'IDR'),
(4, 2, 200, 'IDR'),
(5, 2, 10, 'SGD'),
(6, 2, 44, 'RMB'),
(7, 4, 500, 'SGD'),
(8, 11, 300, 'IDR'),
(9, 11, 183, 'SGD'),
(10, 11, 40, 'RMB'),
(11, 13, -300, 'IDR'),
(12, 2, 10, 'IDR'),
(13, 2, 2, 'RMB'),
(14, 2, 1, 'SGD'),
(15, 4, 25, 'SGD'),
(16, 11, 15, 'IDR'),
(17, 11, 2, 'RMB'),
(18, 11, 9, 'SGD'),
(19, 13, 3, 'IDR'),
(20, 13, 27, 'RMB'),
(21, 13, 18, 'SGD'),
(22, 10, 750, 'RMB'),
(23, 13, -368, 'SGD'),
(24, 11, -315, 'IDR'),
(25, 13, -569, 'RMB'),
(26, 11, -192, 'SGD'),
(27, 11, -42, 'RMB'),
(28, 13, -53, 'IDR'),
(29, 2, 300, 'IDR'),
(30, 20, 400, 'RMB'),
(31, 20, 200, 'IDR'),
(32, 3, 300, 'RMB'),
(33, 2, 1200, 'IDR'),
(34, 2, 100, 'RMB');

-- --------------------------------------------------------

--
-- Table structure for table `user`
--

CREATE TABLE `user` (
  `iduser` int(11) NOT NULL,
  `nama` varchar(100) NOT NULL,
  `password` varchar(100) NOT NULL,
  `cash1` int(11) NOT NULL,
  `cash2` int(11) NOT NULL,
  `cash3` int(11) NOT NULL,
  `maxweight` int(11) NOT NULL
) ENGINE=InnoDB DEFAULT CHARSET=latin1;

--
-- Dumping data for table `user`
--

INSERT INTO `user` (`iduser`, `nama`, `password`, `cash1`, `cash2`, `cash3`, `maxweight`) VALUES
(1, 'tim1', 'tim1', 2317, 99, 240, 50),
(2, 'tim2', 'tim2', 252, 10, 200, 50),
(3, 'tim3', 'tim3', 855, 65, 215, 50),
(4, 'tim4', 'tim4', 1316, 36, 785, 50),
(5, 'tim5', 'tim5', 397, 372, 0, 50),
(6, 'tim6', 'tim6', 0, 0, 0, 50),
(7, 'tim7', 'tim7', 0, 68, 2891, 50),
(8, 'tim8', 'tim8', 1365, 0, 0, 50),
(9, 'tim9', 'tim9', 190, 0, 1383, 50),
(10, 'tim10', 'tim10', 0, 0, 0, 50),
(11, 'tim11', 'tim11', 315, 72, 42, 50),
(12, 'tim12', 'tim12', 107, 448, 146, 50),
(13, 'tim13', 'tim13', 57, 35, 1267, 50),
(14, 'tim14', 'tim14', 197, 489, 9, 50),
(15, 'tim15', 'tim15', 1057, 2603, 545, 50),
(16, 'tim16', 'tim16', 1209, 77, 295, 50),
(17, 'tim17', 'tim17', 0, 0, 0, 50),
(18, 'tim18', 'tim18', 47, 442, 201, 50),
(19, 'tim19', 'tim19', 280, 185, 117, 50),
(20, 'tim20', 'tim20', 110, 406, 0, 50);

--
-- Indexes for dumped tables
--

--
-- Indexes for table `bahanbaku`
--
ALTER TABLE `bahanbaku`
  ADD PRIMARY KEY (`idbahanbaku`);

--
-- Indexes for table `currency`
--
ALTER TABLE `currency`
  ADD PRIMARY KEY (`idcurrency`);

--
-- Indexes for table `desain`
--
ALTER TABLE `desain`
  ADD PRIMARY KEY (`iddesain`);

--
-- Indexes for table `detildesain`
--
ALTER TABLE `detildesain`
  ADD PRIMARY KEY (`iddetildesain`);

--
-- Indexes for table `event`
--
ALTER TABLE `event`
  ADD PRIMARY KEY (`idevent`);

--
-- Indexes for table `hargasaham`
--
ALTER TABLE `hargasaham`
  ADD PRIMARY KEY (`idhargasaham`);

--
-- Indexes for table `inventory`
--
ALTER TABLE `inventory`
  ADD PRIMARY KEY (`idinventory`);

--
-- Indexes for table `onsale`
--
ALTER TABLE `onsale`
  ADD PRIMARY KEY (`idonsale`);

--
-- Indexes for table `pembelian`
--
ALTER TABLE `pembelian`
  ADD PRIMARY KEY (`idpembelian`);

--
-- Indexes for table `penjualan`
--
ALTER TABLE `penjualan`
  ADD PRIMARY KEY (`idpenjualan`);

--
-- Indexes for table `saham`
--
ALTER TABLE `saham`
  ADD PRIMARY KEY (`idsaham`);

--
-- Indexes for table `setting`
--
ALTER TABLE `setting`
  ADD PRIMARY KEY (`idsetting`);

--
-- Indexes for table `tcurrency`
--
ALTER TABLE `tcurrency`
  ADD PRIMARY KEY (`idtcurrency`);

--
-- Indexes for table `timer`
--
ALTER TABLE `timer`
  ADD PRIMARY KEY (`id`);

--
-- Indexes for table `tpinjaman`
--
ALTER TABLE `tpinjaman`
  ADD PRIMARY KEY (`idtpinjaman`);

--
-- Indexes for table `tsaham`
--
ALTER TABLE `tsaham`
  ADD PRIMARY KEY (`idtsaham`);

--
-- Indexes for table `ttabungan`
--
ALTER TABLE `ttabungan`
  ADD PRIMARY KEY (`idttabungan`);

--
-- Indexes for table `user`
--
ALTER TABLE `user`
  ADD PRIMARY KEY (`iduser`);

--
-- AUTO_INCREMENT for dumped tables
--

--
-- AUTO_INCREMENT for table `bahanbaku`
--
ALTER TABLE `bahanbaku`
  MODIFY `idbahanbaku` int(11) NOT NULL AUTO_INCREMENT, AUTO_INCREMENT=8;
--
-- AUTO_INCREMENT for table `currency`
--
ALTER TABLE `currency`
  MODIFY `idcurrency` int(11) NOT NULL AUTO_INCREMENT, AUTO_INCREMENT=4;
--
-- AUTO_INCREMENT for table `desain`
--
ALTER TABLE `desain`
  MODIFY `iddesain` int(11) NOT NULL AUTO_INCREMENT, AUTO_INCREMENT=11;
--
-- AUTO_INCREMENT for table `detildesain`
--
ALTER TABLE `detildesain`
  MODIFY `iddetildesain` int(11) NOT NULL AUTO_INCREMENT, AUTO_INCREMENT=41;
--
-- AUTO_INCREMENT for table `event`
--
ALTER TABLE `event`
  MODIFY `idevent` int(11) NOT NULL AUTO_INCREMENT;
--
-- AUTO_INCREMENT for table `hargasaham`
--
ALTER TABLE `hargasaham`
  MODIFY `idhargasaham` int(11) NOT NULL AUTO_INCREMENT, AUTO_INCREMENT=434;
--
-- AUTO_INCREMENT for table `inventory`
--
ALTER TABLE `inventory`
  MODIFY `idinventory` int(11) NOT NULL AUTO_INCREMENT, AUTO_INCREMENT=1201;
--
-- AUTO_INCREMENT for table `onsale`
--
ALTER TABLE `onsale`
  MODIFY `idonsale` int(11) NOT NULL AUTO_INCREMENT, AUTO_INCREMENT=139;
--
-- AUTO_INCREMENT for table `pembelian`
--
ALTER TABLE `pembelian`
  MODIFY `idpembelian` int(11) NOT NULL AUTO_INCREMENT, AUTO_INCREMENT=280;
--
-- AUTO_INCREMENT for table `penjualan`
--
ALTER TABLE `penjualan`
  MODIFY `idpenjualan` int(11) NOT NULL AUTO_INCREMENT, AUTO_INCREMENT=158;
--
-- AUTO_INCREMENT for table `saham`
--
ALTER TABLE `saham`
  MODIFY `idsaham` int(11) NOT NULL AUTO_INCREMENT, AUTO_INCREMENT=4;
--
-- AUTO_INCREMENT for table `setting`
--
ALTER TABLE `setting`
  MODIFY `idsetting` int(11) NOT NULL AUTO_INCREMENT, AUTO_INCREMENT=4;
--
-- AUTO_INCREMENT for table `tcurrency`
--
ALTER TABLE `tcurrency`
  MODIFY `idtcurrency` int(11) NOT NULL AUTO_INCREMENT, AUTO_INCREMENT=22;
--
-- AUTO_INCREMENT for table `timer`
--
ALTER TABLE `timer`
  MODIFY `id` int(11) NOT NULL AUTO_INCREMENT, AUTO_INCREMENT=2;
--
-- AUTO_INCREMENT for table `tpinjaman`
--
ALTER TABLE `tpinjaman`
  MODIFY `idtpinjaman` int(11) NOT NULL AUTO_INCREMENT, AUTO_INCREMENT=267;
--
-- AUTO_INCREMENT for table `tsaham`
--
ALTER TABLE `tsaham`
  MODIFY `idtsaham` int(11) NOT NULL AUTO_INCREMENT;
--
-- AUTO_INCREMENT for table `ttabungan`
--
ALTER TABLE `ttabungan`
  MODIFY `idttabungan` int(11) NOT NULL AUTO_INCREMENT, AUTO_INCREMENT=35;
--
-- AUTO_INCREMENT for table `user`
--
ALTER TABLE `user`
  MODIFY `iduser` int(11) NOT NULL AUTO_INCREMENT, AUTO_INCREMENT=22;
/*!40101 SET CHARACTER_SET_CLIENT=@OLD_CHARACTER_SET_CLIENT */;
/*!40101 SET CHARACTER_SET_RESULTS=@OLD_CHARACTER_SET_RESULTS */;
/*!40101 SET COLLATION_CONNECTION=@OLD_COLLATION_CONNECTION */;
