-- phpMyAdmin SQL Dump
-- version 4.6.5.2
-- https://www.phpmyadmin.net/
--
-- Host: 127.0.0.1
-- Generation Time: Sep 29, 2017 at 03:25 PM
-- Server version: 10.1.21-MariaDB
-- PHP Version: 7.1.1

SET SQL_MODE = "NO_AUTO_VALUE_ON_ZERO";
SET time_zone = "+00:00";


/*!40101 SET @OLD_CHARACTER_SET_CLIENT=@@CHARACTER_SET_CLIENT */;
/*!40101 SET @OLD_CHARACTER_SET_RESULTS=@@CHARACTER_SET_RESULTS */;
/*!40101 SET @OLD_COLLATION_CONNECTION=@@COLLATION_CONNECTION */;
/*!40101 SET NAMES utf8mb4 */;

--
-- Database: `ic2017`
--

-- --------------------------------------------------------

--
-- Table structure for table `bahanbaku`
--

CREATE TABLE `bahanbaku` (
  `idbahanbaku` int(11) NOT NULL,
  `nama` varchar(100) NOT NULL,
  `harga1` int(11) NOT NULL,
  `harga2` int(11) NOT NULL,
  `harga3` int(11) NOT NULL,
  `weight` int(11) NOT NULL,
  `stok1` int(11) NOT NULL,
  `stok2` int(11) NOT NULL,
  `stok3` int(11) NOT NULL,
  `laststok1` int(11) NOT NULL,
  `laststok2` int(11) NOT NULL,
  `laststok3` int(11) NOT NULL
) ENGINE=InnoDB DEFAULT CHARSET=latin1;

--
-- Dumping data for table `bahanbaku`
--

INSERT INTO `bahanbaku` (`idbahanbaku`, `nama`, `harga1`, `harga2`, `harga3`, `weight`, `stok1`, `stok2`, `stok3`, `laststok1`, `laststok2`, `laststok3`) VALUES
(1, 'BenangMerah', 2500, 0, 0, 1, 761, 1000, 1000, 761, 1000, 1000),
(2, 'BenangKuning', 50, 1, 50, 1, 1000, 854, 1000, 1000, 854, 1000),
(3, 'BenangBiru', 50, 50, 1, 1, 1000, 1000, 721, 1000, 1000, 721),
(4, 'Template', 5236, 1, 0, 3, 923, 962, 903, 1000, 1000, 1000),
(5, 'Transportasi', 800, 800, 800, 0, 1000, 1000, 1000, 1000, 1000, 1000),
(6, 'Visa', 40825, 8, 0, 0, 998, 1000, 999, 1000, 1000, 1000),
(7, 'Inventory', 400, 400, 400, 0, 1000, 1000, 1000, 1000, 1000, 1000);

-- --------------------------------------------------------

--
-- Table structure for table `currency`
--

CREATE TABLE `currency` (
  `idcurrency` int(11) NOT NULL,
  `nama` varchar(100) NOT NULL,
  `hjual` int(11) NOT NULL,
  `hbeli` int(11) NOT NULL
) ENGINE=InnoDB DEFAULT CHARSET=latin1;

--
-- Dumping data for table `currency`
--

INSERT INTO `currency` (`idcurrency`, `nama`, `hjual`, `hbeli`) VALUES
(1, 'IDR', 146, 0),
(2, 'SGD', 20, 0),
(3, 'RMB', 18, 0);

-- --------------------------------------------------------

--
-- Table structure for table `desain`
--

CREATE TABLE `desain` (
  `iddesain` int(11) NOT NULL,
  `nama` varchar(25) NOT NULL,
  `harga1` int(11) NOT NULL,
  `harga2` int(11) NOT NULL,
  `harga3` int(11) NOT NULL,
  `stok1` int(11) NOT NULL,
  `stok2` int(11) NOT NULL,
  `stok3` int(11) NOT NULL,
  `laststok1` int(11) NOT NULL,
  `laststok2` int(11) NOT NULL,
  `laststok3` int(11) NOT NULL
) ENGINE=InnoDB DEFAULT CHARSET=latin1;

--
-- Dumping data for table `desain`
--

INSERT INTO `desain` (`iddesain`, `nama`, `harga1`, `harga2`, `harga3`, `stok1`, `stok2`, `stok3`, `laststok1`, `laststok2`, `laststok3`) VALUES
(1, '3M 0K 0B', 23, 68068, 293757, 9964, 9978, 9948, 9964, 9978, 9948),
(2, '0M 3K 0B', 300, 300, 300, 10000, 10000, 10000, 10000, 10000, 10000),
(3, '0M 0K 3B', 300, 300, 300, 10000, 10000, 10000, 10000, 10000, 10000),
(4, '2M 1K 0B', 15, 26838, 430651, 32, 31, 25, 32, 31, 25),
(5, '2M 0K 1B', 450, 450, 450, 40, 40, 40, 40, 40, 40),
(6, '1M 2K 0B', 450, 450, 450, 40, 40, 40, 40, 40, 40),
(7, '1M 0K 2B', 450, 450, 450, 40, 40, 40, 40, 40, 40),
(8, '0M 2K 1B', 450, 450, 450, 40, 40, 40, 40, 40, 40),
(9, '0M 1K 2B', 450, 450, 450, 40, 40, 40, 40, 40, 40),
(10, '1M 1K 1B', 22, 41430, 667697, 13, 13, 15, 13, 13, 15);

-- --------------------------------------------------------

--
-- Table structure for table `detildesain`
--

CREATE TABLE `detildesain` (
  `iddetildesain` int(11) NOT NULL,
  `iddesain` int(11) NOT NULL,
  `idbahanbaku` int(11) NOT NULL
) ENGINE=InnoDB DEFAULT CHARSET=latin1;

--
-- Dumping data for table `detildesain`
--

INSERT INTO `detildesain` (`iddetildesain`, `iddesain`, `idbahanbaku`) VALUES
(1, 1, 1),
(2, 1, 1),
(3, 1, 1),
(4, 2, 2),
(5, 2, 2),
(6, 2, 2),
(7, 3, 3),
(8, 3, 3),
(9, 3, 3),
(10, 4, 1),
(11, 4, 1),
(12, 4, 2),
(13, 5, 1),
(14, 5, 1),
(15, 5, 3),
(16, 6, 1),
(17, 6, 2),
(18, 6, 2),
(19, 7, 1),
(20, 7, 3),
(21, 7, 3),
(22, 8, 2),
(23, 8, 2),
(24, 8, 3),
(25, 9, 2),
(26, 9, 3),
(27, 9, 3),
(28, 10, 1),
(29, 10, 2),
(30, 10, 3),
(31, 1, 4),
(32, 2, 4),
(33, 3, 4),
(34, 4, 4),
(35, 5, 4),
(36, 6, 4),
(37, 7, 4),
(38, 8, 4),
(39, 9, 4),
(40, 10, 4);

-- --------------------------------------------------------

--
-- Table structure for table `event`
--

CREATE TABLE `event` (
  `idevent` int(11) NOT NULL,
  `cash1` int(11) NOT NULL,
  `cash2` int(11) NOT NULL,
  `cash3` int(11) NOT NULL
) ENGINE=InnoDB DEFAULT CHARSET=latin1;

-- --------------------------------------------------------

--
-- Table structure for table `hargasaham`
--

CREATE TABLE `hargasaham` (
  `idhargasaham` int(11) NOT NULL,
  `idsaham` int(11) NOT NULL,
  `hjual1` int(11) NOT NULL,
  `hjual2` int(11) NOT NULL,
  `hjual3` int(11) NOT NULL,
  `hbeli1` int(11) NOT NULL,
  `hbeli2` int(11) NOT NULL,
  `hbeli3` int(11) NOT NULL
) ENGINE=InnoDB DEFAULT CHARSET=latin1;

--
-- Dumping data for table `hargasaham`
--

INSERT INTO `hargasaham` (`idhargasaham`, `idsaham`, `hjual1`, `hjual2`, `hjual3`, `hbeli1`, `hbeli2`, `hbeli3`) VALUES
(410, 0, 650, 1000, 250, 0, 0, 0),
(411, 0, 5200, 3226, 5874, 0, 0, 0),
(412, 0, 5648, 4272, 7482, 0, 0, 0),
(413, 0, 5500, 4106, 6072, 0, 0, 0),
(414, 0, 4579, 4940, 5030, 0, 0, 0),
(415, 0, 4487, 5803, 6174, 0, 0, 0),
(416, 0, 5287, 6506, 6606, 0, 0, 0),
(417, 0, 3829, 8104, 6468, 0, 0, 0),
(418, 0, 4643, 7857, 6050, 0, 0, 0),
(419, 0, 7833, 6875, 5347, 0, 0, 0),
(420, 0, 12397, 6068, 4854, 0, 0, 0),
(421, 0, 18659, 6303, 5275, 0, 0, 0),
(422, 0, 18669, 6587, 4670, 0, 0, 0),
(423, 0, 17018, 7596, 5280, 0, 0, 0),
(424, 0, 25633, 16159, 10987, 0, 0, 0),
(425, 0, 96446, 12680, 52394, 0, 0, 0),
(426, 0, 852965, 48974, 650803, 0, 0, 0),
(427, 0, 858977, 48641, 650358, 0, 0, 0);

-- --------------------------------------------------------

--
-- Table structure for table `inventory`
--

CREATE TABLE `inventory` (
  `idinventory` int(11) NOT NULL,
  `iduser` int(11) NOT NULL,
  `idbahanbaku` int(11) NOT NULL,
  `qty` int(11) NOT NULL
) ENGINE=InnoDB DEFAULT CHARSET=latin1;

--
-- Dumping data for table `inventory`
--

INSERT INTO `inventory` (`idinventory`, `iduser`, `idbahanbaku`, `qty`) VALUES
(1, 7, 4, 2),
(2, 17, 4, 2),
(3, 7, 3, 6),
(4, 17, 2, 6),
(5, 20, 4, 2),
(6, 20, 2, 6),
(7, 20, 2, -6),
(8, 13, 4, 2),
(9, 20, 2, 4),
(10, 7, 3, -1),
(11, 15, 4, 2),
(12, 13, 3, 6),
(13, 15, 2, 3),
(14, 11, 4, 2),
(15, 11, 3, 6),
(16, 2, 4, 2),
(17, 15, 4, 1),
(18, 2, 1, 3),
(19, 15, 3, 3),
(20, 16, 4, 2),
(21, 16, 2, 6),
(22, 19, 6, 1),
(23, 3, 4, 2),
(24, 11, 3, -5),
(25, 3, 1, 6),
(26, 9, 4, 2),
(27, 9, 3, 6),
(28, 15, 3, -2),
(29, 4, 4, 2),
(30, 16, 2, -3),
(31, 4, 1, 6),
(32, 7, 3, -1),
(33, 7, 3, -1),
(34, 7, 3, -1),
(35, 7, 4, -1),
(36, 12, 4, 3),
(37, 1, 4, 2),
(38, 12, 3, 9),
(39, 13, 3, -2),
(40, 13, 3, -2),
(41, 13, 3, -2),
(42, 13, 4, -2),
(43, 1, 1, 3),
(44, 17, 2, -3),
(45, 13, 2, 0),
(46, 5, 4, 2),
(47, 8, 4, 3),
(48, 8, 3, 9),
(49, 4, 1, -3),
(50, 9, 3, -1),
(51, 5, 1, 4),
(52, 3, 1, -1),
(53, 3, 1, -1),
(54, 20, 1, 1),
(55, 5, 1, -1),
(56, 15, 1, 1),
(57, 16, 2, -1),
(58, 16, 2, -1),
(59, 16, 2, -1),
(60, 16, 4, -1),
(61, 11, 3, 5),
(62, 16, 4, 1),
(63, 16, 2, 6),
(64, 3, 1, -1),
(65, 3, 1, -1),
(66, 3, 1, -1),
(67, 3, 4, -1),
(68, 9, 3, -2),
(69, 2, 2, 0),
(70, 18, 4, 3),
(71, 2, 2, 3),
(72, 18, 3, 3),
(73, 15, 2, -1),
(74, 3, 4, 1),
(75, 5, 1, -1),
(76, 5, 1, -1),
(77, 5, 1, -1),
(78, 5, 4, -1),
(79, 20, 3, 2),
(80, 16, 2, -3),
(81, 3, 1, 6),
(82, 19, 4, 1),
(83, 19, 3, 3),
(84, 18, 2, 3),
(85, 7, 3, -2),
(86, 15, 1, -1),
(87, 15, 2, -1),
(88, 15, 3, -1),
(89, 15, 4, -1),
(90, 5, 1, 3),
(91, 18, 1, 0),
(92, 7, 4, 1),
(93, 17, 2, 3),
(94, 7, 3, 4),
(95, 18, 1, 3),
(96, 5, 1, -1),
(97, 9, 3, -3),
(98, 15, 2, 3),
(99, 3, 1, -2),
(100, 15, 3, 2),
(101, 13, 4, 2),
(102, 13, 3, 2),
(103, 3, 1, -2),
(104, 15, 3, 3),
(105, 13, 1, 0),
(106, 13, 1, 2),
(107, 5, 1, -1),
(108, 7, 4, 1),
(109, 7, 3, 3),
(110, 4, 1, 3),
(111, 8, 2, 0),
(112, 9, 3, 3),
(113, 17, 1, 1),
(114, 16, 2, -1),
(115, 16, 2, -1),
(116, 16, 2, -1),
(117, 16, 4, -1),
(118, 13, 2, 0),
(119, 1, 1, -1),
(120, 1, 1, -1),
(121, 1, 1, -1),
(122, 1, 4, -1),
(123, 20, 1, -1),
(124, 20, 2, -1),
(125, 20, 3, -1),
(126, 20, 4, -1),
(127, 3, 1, -1),
(128, 3, 1, -1),
(129, 3, 1, -1),
(130, 3, 4, -1),
(131, 16, 4, 1),
(132, 18, 1, -1),
(133, 18, 2, -1),
(134, 18, 3, -1),
(135, 18, 4, -1),
(136, 16, 2, 6),
(137, 4, 1, -3),
(138, 1, 1, 1),
(139, 8, 3, -1),
(140, 8, 3, -1),
(141, 8, 3, -1),
(142, 8, 4, -1),
(143, 15, 2, -1),
(144, 15, 3, -1),
(145, 15, 3, -1),
(146, 15, 4, -1),
(147, 1, 2, 0),
(148, 11, 3, -2),
(149, 11, 3, -2),
(150, 11, 3, -2),
(151, 11, 4, -2),
(152, 1, 2, 2),
(153, 18, 1, -1),
(154, 18, 2, -1),
(155, 18, 3, -1),
(156, 18, 4, -1),
(157, 19, 3, -1),
(158, 19, 3, -1),
(159, 19, 3, -1),
(160, 19, 4, -1),
(161, 2, 1, 0),
(162, 2, 1, 0),
(163, 2, 1, 0),
(164, 2, 4, 0),
(165, 19, 4, 1),
(166, 19, 3, 3),
(167, 2, 1, -1),
(168, 2, 2, -1),
(169, 2, 2, -1),
(170, 2, 4, -1),
(171, 18, 4, 1),
(172, 18, 2, 3),
(173, 11, 4, 1),
(174, 11, 3, 2),
(175, 2, 3, 3),
(176, 16, 1, 3),
(177, 2, 4, 1),
(178, 8, 3, -1),
(179, 8, 3, -1),
(180, 8, 3, -1),
(181, 8, 4, -1),
(182, 17, 1, -1),
(183, 17, 2, -1),
(184, 17, 2, -1),
(185, 17, 4, -1),
(186, 20, 4, 1),
(187, 20, 2, 2),
(188, 5, 1, 2),
(189, 19, 4, 1),
(190, 19, 3, 3),
(191, 9, 4, -1),
(192, 15, 2, -1),
(193, 15, 3, -1),
(194, 15, 3, -1),
(195, 15, 4, -1),
(196, 9, 3, -3),
(197, 18, 1, -1),
(198, 18, 2, -1),
(199, 18, 3, -1),
(200, 18, 4, -1),
(201, 9, 3, 3),
(202, 17, 2, -1),
(203, 17, 2, -1),
(204, 17, 2, -1),
(205, 17, 4, -1),
(206, 9, 3, -3),
(207, 3, 1, 3),
(208, 4, 1, -3),
(209, 12, 3, -3),
(210, 12, 3, -3),
(211, 12, 3, -3),
(212, 12, 4, -3),
(213, 2, 1, -1),
(214, 2, 2, -1),
(215, 2, 3, -1),
(216, 2, 4, -1),
(217, 7, 3, -1),
(218, 11, 3, -1),
(219, 12, 3, 4),
(220, 15, 4, 2),
(221, 12, 3, 12),
(222, 5, 1, -1),
(223, 5, 1, -1),
(224, 5, 1, -1),
(225, 5, 4, -1),
(226, 15, 3, 1),
(227, 15, 2, 6),
(228, 19, 3, -1),
(229, 19, 3, -1),
(230, 19, 3, -1),
(231, 19, 4, -1),
(232, 15, 3, 1),
(233, 16, 2, -3),
(234, 1, 1, -1),
(235, 1, 2, -1),
(236, 1, 2, -1),
(237, 1, 4, -1),
(238, 16, 2, -1),
(239, 15, 2, 1),
(240, 16, 2, 3),
(241, 12, 3, -4),
(242, 12, 4, 4),
(243, 15, 2, -1),
(244, 15, 2, -1),
(245, 15, 3, -1),
(246, 15, 4, -1),
(247, 2, 4, 2),
(248, 2, 1, 3),
(249, 18, 4, 2),
(250, 15, 2, -1),
(251, 15, 2, -1),
(252, 15, 2, -1),
(253, 15, 4, -1),
(254, 18, 2, 3),
(255, 3, 1, -1),
(256, 3, 1, -1),
(257, 3, 1, -1),
(258, 3, 4, -1),
(259, 12, 3, -4),
(260, 12, 3, -4),
(261, 12, 3, -4),
(262, 12, 4, -4),
(263, 5, 4, 1),
(264, 5, 1, 3),
(265, 17, 4, 2),
(266, 17, 4, 1),
(267, 2, 3, 3),
(268, 17, 2, 4),
(269, 4, 1, 3),
(270, 7, 3, -2),
(271, 7, 3, -2),
(272, 7, 3, -2),
(273, 7, 4, -2),
(274, 15, 1, 3),
(275, 16, 1, -2),
(276, 16, 2, -2),
(277, 16, 2, -2),
(278, 16, 4, -2),
(279, 3, 4, 1),
(280, 15, 4, 2),
(281, 17, 3, 1),
(282, 3, 1, 3),
(283, 8, 3, -1),
(284, 8, 3, -1),
(285, 8, 3, -1),
(286, 8, 4, -1),
(287, 13, 4, 1),
(288, 13, 3, 5),
(289, 2, 1, -2),
(290, 16, 4, 2),
(291, 18, 2, -1),
(292, 18, 2, -1),
(293, 18, 2, -1),
(294, 18, 4, -1),
(295, 16, 2, 6),
(296, 6, 4, 4),
(297, 7, 3, 3),
(298, 6, 1, 12),
(299, 19, 3, -3),
(300, 4, 1, -3),
(301, 16, 2, -6),
(302, 8, 4, 3),
(303, 20, 2, -3),
(304, 8, 3, 9),
(305, 7, 3, -3),
(306, 1, 4, 4),
(307, 1, 1, 6),
(308, 2, 2, 3),
(309, 7, 3, 3),
(310, 15, 1, -1),
(311, 15, 2, -1),
(312, 15, 3, -1),
(313, 15, 4, -1),
(314, 5, 1, -1),
(315, 5, 1, -1),
(316, 5, 1, -1),
(317, 5, 4, -1),
(318, 20, 2, -1),
(319, 20, 2, -1),
(320, 20, 3, -1),
(321, 20, 4, -1),
(322, 12, 1, 2),
(323, 15, 3, 3),
(324, 3, 1, -1),
(325, 3, 1, -1),
(326, 3, 1, -1),
(327, 3, 4, -1),
(328, 5, 4, 1),
(329, 5, 1, 3),
(330, 15, 1, -1),
(331, 15, 2, -1),
(332, 15, 3, -1),
(333, 15, 4, -1),
(334, 3, 4, 1),
(335, 13, 1, -2),
(336, 13, 3, -2),
(337, 13, 3, -2),
(338, 13, 4, -2),
(339, 3, 1, 3),
(340, 4, 1, 3),
(341, 3, 4, 1),
(342, 3, 1, 3),
(343, 15, 4, 2),
(344, 5, 4, 1),
(345, 20, 2, 3),
(346, 18, 2, -1),
(347, 18, 2, -1),
(348, 18, 2, -1),
(349, 18, 4, -1),
(350, 2, 1, -2),
(351, 2, 2, -2),
(352, 2, 3, -2),
(353, 2, 4, -2),
(354, 5, 1, 2),
(355, 12, 4, 2),
(356, 12, 3, 2),
(357, 4, 1, -1),
(358, 4, 1, -1),
(359, 4, 1, -1),
(360, 4, 4, -1),
(361, 2, 4, 3),
(362, 13, 4, 3),
(363, 2, 1, 4),
(364, 13, 3, 7),
(365, 7, 3, -1),
(366, 7, 3, -1),
(367, 7, 3, -1),
(368, 7, 4, -1),
(369, 16, 2, 6),
(370, 9, 3, 3),
(371, 17, 2, -1),
(372, 17, 2, -1),
(373, 17, 2, -1),
(374, 17, 4, -1),
(375, 5, 1, -1),
(376, 5, 1, -1),
(377, 5, 1, -1),
(378, 5, 4, -1),
(379, 18, 2, 3),
(380, 5, 1, 1),
(381, 15, 2, -1),
(382, 15, 3, -1),
(383, 15, 3, -1),
(384, 15, 4, -1),
(385, 13, 3, -1),
(386, 13, 3, -1),
(387, 13, 3, -1),
(388, 13, 4, -1),
(389, 12, 3, 2),
(390, 17, 2, 3),
(391, 4, 1, 3),
(392, 6, 1, -1),
(393, 6, 1, -1),
(394, 6, 1, -1),
(395, 6, 4, -1),
(396, 6, 1, -1),
(397, 6, 1, -1),
(398, 6, 1, -1),
(399, 6, 4, -1),
(400, 13, 3, 2),
(401, 3, 1, -1),
(402, 3, 1, -1),
(403, 3, 1, -1),
(404, 3, 4, -1),
(405, 5, 1, -1),
(406, 15, 4, 2),
(407, 16, 2, -1),
(408, 16, 2, -1),
(409, 16, 2, -1),
(410, 16, 4, -1),
(411, 17, 1, 1),
(412, 15, 2, 6),
(413, 7, 4, 1),
(414, 7, 3, 3),
(415, 5, 4, 1),
(416, 16, 1, -1),
(417, 16, 2, -1),
(418, 16, 2, -1),
(419, 16, 4, -1),
(420, 2, 1, -1),
(421, 2, 2, -1),
(422, 2, 3, -1),
(423, 2, 4, -1),
(424, 5, 1, 4),
(425, 2, 1, -1),
(426, 2, 1, -1),
(427, 2, 3, -1),
(428, 2, 4, -1),
(429, 11, 3, 3),
(430, 8, 3, -3),
(431, 8, 3, -3),
(432, 8, 3, -3),
(433, 8, 4, -3),
(434, 1, 1, -2),
(435, 1, 1, -2),
(436, 1, 1, -2),
(437, 1, 4, -2),
(438, 16, 4, 2),
(439, 6, 1, -1),
(440, 6, 1, -1),
(441, 6, 1, -1),
(442, 6, 4, -1),
(443, 2, 1, 6),
(444, 16, 2, 4),
(445, 3, 1, -1),
(446, 3, 1, -1),
(447, 3, 1, -1),
(448, 3, 4, -1),
(449, 9, 3, -1),
(450, 2, 4, 1),
(451, 9, 3, -1),
(452, 1, 4, 2),
(453, 4, 1, -1),
(454, 4, 1, -1),
(455, 4, 1, -1),
(456, 4, 4, -1),
(457, 1, 1, 6),
(458, 6, 1, -1),
(459, 6, 1, -1),
(460, 6, 1, -1),
(461, 6, 4, -1),
(462, 1, 1, 6),
(463, 16, 2, -3),
(464, 2, 2, 3),
(465, 15, 2, -3),
(466, 13, 3, -3),
(467, 13, 3, -3),
(468, 13, 3, -3),
(469, 13, 4, -3),
(470, 3, 4, 3),
(471, 3, 1, 9),
(472, 5, 1, -1),
(473, 2, 1, -4),
(474, 20, 6, 1),
(475, 5, 1, -1),
(476, 5, 1, -1),
(477, 5, 1, -1),
(478, 5, 4, -1),
(479, 4, 4, 3),
(480, 4, 1, 6),
(481, 7, 3, -1),
(482, 7, 3, -1),
(483, 7, 3, -1),
(484, 7, 4, -1),
(485, 11, 3, -1),
(486, 11, 3, -1),
(487, 11, 3, -1),
(488, 11, 4, -1),
(489, 3, 1, -1),
(490, 3, 1, -1),
(491, 3, 1, -1),
(492, 3, 4, -1),
(493, 8, 4, 1),
(494, 8, 3, 3),
(495, 2, 1, -1),
(496, 2, 2, -1),
(497, 2, 3, -1),
(498, 2, 4, -1),
(499, 2, 1, -1),
(500, 2, 1, -1),
(501, 2, 2, -1),
(502, 2, 4, -1),
(503, 6, 4, 4),
(504, 6, 1, 12),
(505, 11, 4, 1),
(506, 18, 2, 3),
(507, 11, 3, 2),
(508, 2, 1, 4),
(509, 3, 1, -1),
(510, 3, 1, -1),
(511, 3, 1, -1),
(512, 3, 4, -1),
(513, 2, 3, 1),
(514, 20, 1, 3),
(515, 7, 4, 1),
(516, 17, 4, 1),
(517, 7, 3, 3),
(518, 17, 2, 2),
(519, 5, 4, 1),
(520, 4, 1, -1),
(521, 4, 1, -1),
(522, 4, 1, -1),
(523, 4, 4, -1),
(524, 5, 1, 4),
(525, 8, 3, -3),
(526, 2, 3, 1),
(527, 6, 4, 4),
(528, 6, 1, 12),
(529, 9, 3, -1),
(530, 2, 1, -2),
(531, 9, 1, 2),
(532, 11, 3, -1),
(533, 11, 3, -1),
(534, 11, 3, -1),
(535, 11, 4, -1),
(536, 1, 1, -1),
(537, 1, 1, -1),
(538, 1, 1, -1),
(539, 1, 4, -1),
(540, 1, 1, -3),
(541, 1, 1, -3),
(542, 1, 1, -3),
(543, 1, 4, -3),
(544, 3, 4, 3),
(545, 3, 1, 9),
(546, 2, 1, -1),
(547, 2, 2, -1),
(548, 2, 3, -1),
(549, 2, 4, -1),
(550, 11, 4, 1),
(551, 17, 3, -1),
(552, 1, 2, 3),
(553, 15, 6, 1),
(554, 20, 1, -1),
(555, 20, 1, -1),
(556, 20, 2, -1),
(557, 20, 4, -1),
(558, 11, 4, -1),
(559, 16, 2, -1),
(560, 16, 2, -1),
(561, 16, 2, -1),
(562, 2, 3, 3),
(563, 16, 4, -1),
(564, 4, 1, 3),
(565, 6, 1, -2),
(566, 3, 1, -1),
(567, 3, 1, -1),
(568, 3, 1, -1),
(569, 3, 4, -1),
(570, 7, 3, -1),
(571, 7, 3, -1),
(572, 7, 3, -1),
(573, 7, 4, -1),
(574, 2, 4, 3),
(575, 2, 1, 3),
(576, 5, 1, -2),
(577, 5, 1, -2),
(578, 5, 1, -2),
(579, 5, 4, -2),
(580, 16, 4, 1),
(581, 1, 4, 5),
(582, 1, 1, 9),
(583, 7, 4, 1),
(584, 16, 2, 3),
(585, 7, 3, 3),
(586, 1, 1, 3),
(587, 15, 1, -1),
(588, 15, 2, -1),
(589, 15, 3, -1),
(590, 15, 4, -1),
(591, 15, 2, -1),
(592, 15, 2, -1),
(593, 15, 2, -1),
(594, 15, 4, -1),
(595, 4, 1, -1),
(596, 4, 1, -1),
(597, 4, 1, -1),
(598, 4, 4, -1),
(599, 2, 1, -1),
(600, 2, 3, -1),
(601, 2, 3, -1),
(602, 2, 4, -1),
(603, 3, 1, -1),
(604, 3, 1, -1),
(605, 3, 1, -1),
(606, 3, 4, -1),
(607, 16, 2, -1),
(608, 6, 1, -1),
(609, 6, 1, -1),
(610, 6, 1, -1),
(611, 6, 4, -1),
(612, 12, 1, -1),
(613, 18, 4, 1),
(614, 9, 1, -2),
(615, 2, 1, -1),
(616, 2, 1, -1),
(617, 2, 3, -1),
(618, 2, 4, -1),
(619, 12, 2, 1),
(620, 16, 1, 1),
(621, 18, 4, -1),
(622, 9, 4, 1),
(623, 11, 4, 1),
(624, 2, 4, 2),
(625, 11, 4, 1),
(626, 18, 2, -1),
(627, 18, 2, -1),
(628, 18, 2, -1),
(629, 18, 4, -1),
(630, 12, 1, -1),
(631, 12, 2, -1),
(632, 12, 3, -1),
(633, 12, 4, -1),
(634, 11, 3, 6),
(635, 9, 3, 1),
(636, 2, 1, 4),
(637, 3, 1, -2),
(638, 3, 1, -2),
(639, 3, 1, -2),
(640, 3, 4, -2),
(641, 16, 2, 1),
(642, 17, 2, -2),
(643, 17, 2, -2),
(644, 17, 2, -2),
(645, 17, 4, -2),
(646, 7, 3, -1),
(647, 7, 3, -1),
(648, 7, 3, -1),
(649, 7, 4, -1),
(650, 18, 4, 1),
(651, 17, 4, 2),
(652, 20, 4, 2),
(653, 12, 3, -1),
(654, 12, 3, -1),
(655, 12, 3, -1),
(656, 12, 4, -1),
(657, 17, 2, 4),
(658, 7, 4, 1),
(659, 20, 1, 4),
(660, 7, 3, 3),
(661, 16, 2, -1),
(662, 16, 2, -1),
(663, 16, 2, -1),
(664, 16, 4, -1),
(665, 5, 4, 1),
(666, 5, 1, 3),
(667, 8, 4, 1),
(668, 17, 2, 1),
(669, 18, 2, -1),
(670, 18, 2, -1),
(671, 18, 2, -1),
(672, 18, 4, -1),
(673, 9, 3, -1),
(674, 1, 1, -2),
(675, 1, 1, -2),
(676, 1, 2, -2),
(677, 1, 4, -2),
(678, 15, 4, 1),
(679, 8, 3, 4),
(680, 4, 1, -3),
(681, 16, 2, 3),
(682, 2, 1, 0),
(683, 2, 1, 0),
(684, 2, 1, 0),
(685, 2, 4, 0),
(686, 15, 1, 6),
(687, 2, 1, -1),
(688, 2, 1, -1),
(689, 2, 3, -1),
(690, 2, 4, -1),
(691, 1, 1, -1),
(692, 1, 1, -1),
(693, 1, 2, -1),
(694, 1, 4, -1),
(695, 1, 1, 0),
(696, 1, 1, 0),
(697, 1, 1, 0),
(698, 1, 4, 0),
(699, 6, 1, -2),
(700, 6, 1, -2),
(701, 6, 1, -2),
(702, 6, 4, -2),
(703, 12, 4, 2),
(704, 12, 3, 6),
(705, 1, 1, -2),
(706, 1, 1, -2),
(707, 1, 1, -2),
(708, 1, 4, -2),
(709, 8, 1, 0),
(710, 8, 1, 2),
(711, 3, 4, 2),
(712, 9, 3, 2),
(713, 3, 1, 6),
(714, 17, 2, -1),
(715, 17, 2, -1),
(716, 17, 2, -1),
(717, 17, 4, -1),
(718, 20, 1, -1),
(719, 20, 1, -1),
(720, 20, 2, -1),
(721, 20, 4, -1),
(722, 19, 4, -1),
(723, 12, 1, 3),
(724, 6, 1, -1),
(725, 6, 1, -1),
(726, 6, 1, -1),
(727, 6, 4, -1),
(728, 4, 1, 3),
(729, 2, 3, 3),
(730, 15, 1, -3),
(731, 4, 1, -3),
(732, 5, 1, -1),
(733, 5, 1, -1),
(734, 5, 1, -1),
(735, 5, 4, -1),
(736, 9, 3, 1),
(737, 3, 1, 0),
(738, 3, 1, 0),
(739, 3, 1, 0),
(740, 3, 4, 0),
(741, 2, 2, 0),
(742, 9, 3, 6),
(743, 2, 2, 2),
(744, 3, 1, -1),
(745, 3, 1, -1),
(746, 3, 1, -1),
(747, 3, 4, -1),
(748, 9, 3, -3),
(749, 17, 2, -1),
(750, 17, 2, -1),
(751, 17, 2, -1),
(752, 17, 4, -1),
(753, 4, 1, 3),
(754, 8, 1, -1),
(755, 8, 3, -1),
(756, 8, 3, -1),
(757, 8, 4, -1),
(758, 15, 1, 3),
(759, 1, 4, 3),
(760, 16, 2, -1),
(761, 16, 2, -1),
(762, 16, 2, -1),
(763, 16, 4, -1),
(764, 1, 3, 9),
(765, 11, 3, -2),
(766, 11, 3, -2),
(767, 11, 3, -2),
(768, 11, 4, -2),
(769, 6, 1, 0),
(770, 6, 1, 0),
(771, 6, 1, 0),
(772, 6, 4, 0),
(773, 9, 3, -3),
(774, 6, 1, -1),
(775, 6, 1, -1),
(776, 6, 1, -1),
(777, 6, 4, -1),
(778, 2, 1, 0),
(779, 2, 1, 0),
(780, 2, 1, 0),
(781, 2, 4, 0),
(782, 18, 4, 3),
(783, 3, 4, 1),
(784, 2, 1, -2),
(785, 2, 2, -2),
(786, 2, 3, -2),
(787, 2, 4, -2),
(788, 16, 4, 1),
(789, 3, 1, 3),
(790, 8, 1, -1),
(791, 8, 3, -1),
(792, 8, 3, -1),
(793, 8, 4, -1),
(794, 7, 4, 3),
(795, 18, 2, 9),
(796, 7, 3, 9),
(797, 1, 4, 2),
(798, 12, 1, -2),
(799, 12, 3, -2),
(800, 12, 3, -2),
(801, 12, 4, -2),
(802, 1, 1, 6),
(803, 5, 4, 1),
(804, 5, 1, 3),
(805, 13, 4, 3),
(806, 6, 1, 0),
(807, 6, 1, 0),
(808, 6, 1, 0),
(809, 6, 4, 0),
(810, 13, 3, 9),
(811, 6, 1, -1),
(812, 6, 1, -1),
(813, 6, 1, -1),
(814, 6, 4, -1),
(815, 16, 2, 3),
(816, 4, 1, -3),
(817, 7, 3, -1),
(818, 7, 3, -1),
(819, 7, 3, -1),
(820, 7, 4, -1),
(821, 2, 4, 1),
(822, 5, 1, -1),
(823, 2, 1, 3),
(824, 9, 1, 3),
(825, 9, 3, 6),
(826, 3, 1, 0),
(827, 3, 1, 0),
(828, 3, 1, 0),
(829, 3, 4, 0),
(830, 3, 1, -1),
(831, 3, 1, -1),
(832, 3, 1, -1),
(833, 3, 4, -1),
(834, 5, 1, -1),
(835, 8, 4, 3),
(836, 15, 1, 0),
(837, 15, 1, 0),
(838, 15, 1, 0),
(839, 15, 4, 0),
(840, 8, 3, 9),
(841, 15, 3, 3),
(842, 15, 1, -1),
(843, 15, 1, -1),
(844, 15, 1, -1),
(845, 15, 4, -1),
(846, 7, 3, -1),
(847, 15, 1, -1),
(848, 15, 1, -1),
(849, 15, 1, -1),
(850, 15, 4, -1),
(851, 3, 3, 3),
(852, 12, 4, 4),
(853, 2, 4, 2),
(854, 12, 3, 9),
(855, 16, 2, -1),
(856, 12, 2, 1),
(857, 5, 1, 1),
(858, 18, 2, -1),
(859, 18, 2, -1),
(860, 18, 2, -1),
(861, 18, 4, -1),
(862, 8, 2, 0),
(863, 8, 2, 3),
(864, 6, 1, 0),
(865, 6, 1, 0),
(866, 6, 1, 0),
(867, 6, 4, 0),
(868, 5, 1, -1),
(869, 6, 1, -1),
(870, 6, 1, -1),
(871, 6, 1, -1),
(872, 6, 4, -1),
(873, 2, 1, 0),
(874, 2, 1, 0),
(875, 2, 1, 0),
(876, 2, 4, 0),
(877, 2, 1, -1),
(878, 2, 1, -1),
(879, 2, 3, -1),
(880, 2, 4, -1),
(881, 19, 4, 5),
(882, 13, 3, -2),
(883, 13, 3, -2),
(884, 13, 3, -2),
(885, 13, 4, -2),
(886, 8, 1, 1),
(887, 19, 3, 15),
(888, 13, 3, -1),
(889, 13, 3, -1),
(890, 13, 3, -1),
(891, 13, 4, -1),
(892, 20, 1, -3),
(893, 3, 1, 0),
(894, 3, 1, 0),
(895, 3, 1, 0),
(896, 3, 4, 0),
(897, 3, 1, -1),
(898, 3, 1, -1),
(899, 3, 3, -1),
(900, 3, 4, -1),
(901, 17, 4, 2),
(902, 1, 1, 0),
(903, 1, 1, 0),
(904, 1, 1, 0),
(905, 1, 4, 0),
(906, 17, 2, 6),
(907, 9, 3, -3),
(908, 11, 4, 5),
(909, 15, 1, 1),
(910, 3, 4, 1),
(911, 18, 2, -1),
(912, 18, 2, -1),
(913, 18, 2, -1),
(914, 18, 4, -1),
(915, 11, 3, 15),
(916, 1, 1, -3),
(917, 1, 3, -3),
(918, 1, 3, -3),
(919, 1, 4, -3),
(920, 3, 1, 3),
(921, 1, 1, -1),
(922, 1, 3, -1),
(923, 1, 3, -1),
(924, 1, 4, -1),
(925, 17, 4, 2),
(926, 15, 4, 1),
(927, 17, 2, 6),
(928, 12, 1, -1),
(929, 12, 2, -1),
(930, 12, 3, -1),
(931, 12, 4, -1),
(932, 8, 1, -1),
(933, 8, 2, -1),
(934, 8, 3, -1),
(935, 8, 4, -1),
(936, 3, 1, 0),
(937, 3, 1, 0),
(938, 3, 1, 0),
(939, 3, 4, 0),
(940, 3, 1, -1),
(941, 3, 3, -1),
(942, 3, 3, -1),
(943, 3, 4, -1),
(944, 12, 1, 3),
(945, 15, 1, 0),
(946, 15, 1, 0),
(947, 15, 1, 0),
(948, 15, 4, 0),
(949, 7, 4, 10),
(950, 15, 1, -1),
(951, 15, 3, -1),
(952, 15, 3, -1),
(953, 15, 4, -1),
(954, 19, 3, -1),
(955, 19, 3, -1),
(956, 19, 3, -1),
(957, 19, 4, -1),
(958, 2, 1, 4),
(959, 7, 3, 3),
(960, 9, 4, 4),
(961, 9, 3, 12),
(962, 19, 3, -1),
(963, 19, 3, -1),
(964, 19, 3, -1),
(965, 19, 4, -1),
(966, 7, 3, -2),
(967, 7, 3, -2),
(968, 7, 3, -2),
(969, 7, 4, -2),
(970, 17, 1, 0),
(971, 17, 1, 0),
(972, 17, 1, 0),
(973, 17, 4, 0),
(974, 18, 2, -1),
(975, 18, 2, -1),
(976, 18, 2, -1),
(977, 18, 4, -1),
(978, 17, 2, -2),
(979, 17, 2, -2),
(980, 17, 2, -2),
(981, 17, 4, -2),
(982, 7, 3, -1),
(983, 7, 3, -1),
(984, 7, 3, -1),
(985, 7, 4, -1),
(986, 2, 4, 2),
(987, 2, 3, 4);

-- --------------------------------------------------------

--
-- Table structure for table `onsale`
--

CREATE TABLE `onsale` (
  `idonsale` int(11) NOT NULL,
  `iduser` int(11) NOT NULL,
  `idbahanbaku` int(11) NOT NULL,
  `qty` int(11) NOT NULL,
  `harga` int(11) NOT NULL,
  `currency` varchar(100) NOT NULL,
  `pembeli` int(11) NOT NULL
) ENGINE=InnoDB DEFAULT CHARSET=latin1;

--
-- Dumping data for table `onsale`
--

INSERT INTO `onsale` (`idonsale`, `iduser`, `idbahanbaku`, `qty`, `harga`, `currency`, `pembeli`) VALUES
(8, 16, 2, 3, 310, 'RMB', 16),
(9, 17, 2, 3, 250, 'SGD', 16),
(10, 4, 1, 3, 350, 'RMB', 16),
(11, 3, 1, 1, 75, 'SGD', 16),
(12, 3, 1, 1, 75, 'RMB', 16),
(13, 5, 1, 1, 70, 'RMB', 16),
(14, 9, 3, 2, 200, 'RMB', 16),
(15, 15, 2, 1, 90, 'SGD', 16),
(16, 16, 2, 3, 315, 'IDR', 16),
(17, 7, 3, 2, 150, 'SGD', 16),
(18, 5, 1, 1, 75, 'RMB', 16),
(19, 9, 3, 3, 350, 'RMB', 16),
(20, 3, 1, 2, 150, 'SGD', 16),
(21, 3, 1, 2, 200, 'RMB', 16),
(22, 5, 1, 1, 80, 'RMB', 16),
(23, 4, 1, 3, 350, 'SGD', 16),
(26, 9, 3, 3, 350, 'RMB', 2),
(27, 4, 1, 3, 400, 'SGD', 15),
(28, 7, 3, 1, 60, 'RMB', 15),
(29, 11, 3, 1, 60, 'SGD', 15),
(31, 16, 2, 1, 60, 'RMB', 15),
(32, 2, 1, 2, 250, 'RMB', 12),
(33, 19, 3, 3, 300, 'IDR', 15),
(35, 20, 2, 3, 300, 'SGD', 2),
(37, 5, 1, 1, 75, 'SGD', 17),
(38, 9, 3, 1, 200, 'SGD', 2),
(39, 9, 3, 1, 200, 'IDR', 2),
(40, 16, 2, 3, 354, 'RMB', 2),
(41, 15, 2, 3, 500, 'IDR', 1),
(43, 8, 3, 3, 500, 'IDR', 2),
(45, 2, 1, 2, 200, 'SGD', 9),
(47, 16, 2, 1, 100, 'RMB', 12),
(48, 12, 1, 1, 100, 'RMB', 16),
(50, 4, 1, 3, 300, 'RMB', 12),
(51, 19, 4, 1, 150, 'RMB', 16),
(54, 9, 3, 3, 600, 'RMB', 3),
(55, 9, 3, 3, 450, 'SGD', 15),
(56, 4, 1, 3, 400, 'RMB', 9),
(57, 5, 1, 1, 150, 'RMB', 8),
(59, 16, 2, 1, 1001, 'RMB', 12),
(60, 5, 1, 1, 200, 'RMB', 15),
(61, 20, 1, 3, 700, 'RMB', 12),
(62, 9, 3, 3, 500, 'RMB', 0);

-- --------------------------------------------------------

--
-- Table structure for table `pembelian`
--

CREATE TABLE `pembelian` (
  `idpembelian` int(11) NOT NULL,
  `idbahanbaku` int(11) NOT NULL,
  `iduser` int(11) NOT NULL,
  `qty` int(11) NOT NULL,
  `hsatuan` int(11) NOT NULL,
  `currency` varchar(100) NOT NULL
) ENGINE=InnoDB DEFAULT CHARSET=latin1;

--
-- Dumping data for table `pembelian`
--

INSERT INTO `pembelian` (`idpembelian`, `idbahanbaku`, `iduser`, `qty`, `hsatuan`, `currency`) VALUES
(1, 4, 7, 2, 76, 'RMB'),
(2, 4, 17, 2, 124, 'SGD'),
(3, 3, 7, 6, 40, 'RMB'),
(4, 2, 17, 6, 60, 'SGD'),
(5, 4, 20, 2, 124, 'SGD'),
(7, 4, 13, 2, 76, 'RMB'),
(8, 2, 20, 4, 60, 'SGD'),
(9, 4, 15, 2, 124, 'SGD'),
(10, 3, 13, 6, 40, 'RMB'),
(11, 2, 15, 3, 60, 'SGD'),
(12, 4, 11, 2, 76, 'RMB'),
(13, 3, 11, 6, 40, 'RMB'),
(14, 4, 2, 2, 108, 'IDR'),
(15, 4, 15, 1, 65, 'RMB'),
(16, 1, 2, 3, 54, 'IDR'),
(17, 3, 15, 3, 38, 'RMB'),
(18, 4, 16, 2, 139, 'SGD'),
(19, 2, 16, 6, 71, 'SGD'),
(20, 6, 19, 1, 523, 'RMB'),
(21, 4, 3, 2, 108, 'IDR'),
(22, 1, 3, 6, 54, 'IDR'),
(23, 4, 9, 2, 65, 'RMB'),
(24, 3, 9, 6, 38, 'RMB'),
(25, 4, 4, 2, 108, 'IDR'),
(26, 1, 4, 6, 54, 'IDR'),
(27, 4, 12, 3, 65, 'RMB'),
(28, 4, 1, 2, 108, 'IDR'),
(29, 3, 12, 9, 38, 'RMB'),
(30, 1, 1, 3, 54, 'IDR'),
(31, 2, 13, 0, 71, 'SGD'),
(32, 4, 5, 2, 108, 'IDR'),
(33, 4, 8, 3, 65, 'RMB'),
(34, 3, 8, 9, 38, 'RMB'),
(35, 1, 5, 4, 58, 'IDR'),
(36, 3, 11, 5, 39, 'RMB'),
(37, 4, 16, 1, 142, 'SGD'),
(38, 2, 16, 6, 66, 'SGD'),
(39, 2, 2, 0, 66, 'SGD'),
(40, 4, 18, 3, 64, 'RMB'),
(41, 2, 2, 3, 66, 'SGD'),
(42, 3, 18, 3, 39, 'RMB'),
(43, 4, 3, 1, 112, 'IDR'),
(44, 1, 3, 6, 58, 'IDR'),
(45, 4, 19, 1, 64, 'RMB'),
(46, 3, 19, 3, 43, 'RMB'),
(47, 2, 18, 3, 60, 'SGD'),
(48, 1, 5, 3, 60, 'IDR'),
(49, 1, 18, 0, 60, 'IDR'),
(50, 4, 7, 1, 67, 'RMB'),
(51, 2, 17, 3, 60, 'SGD'),
(52, 3, 7, 4, 43, 'RMB'),
(53, 1, 18, 3, 60, 'IDR'),
(54, 2, 15, 3, 60, 'SGD'),
(55, 4, 13, 2, 67, 'RMB'),
(56, 3, 13, 2, 43, 'RMB'),
(57, 3, 15, 3, 43, 'RMB'),
(58, 1, 13, 0, 60, 'IDR'),
(59, 1, 13, 2, 60, 'IDR'),
(60, 4, 7, 1, 67, 'RMB'),
(61, 3, 7, 3, 43, 'RMB'),
(62, 1, 4, 3, 60, 'IDR'),
(63, 2, 8, 0, 60, 'SGD'),
(64, 3, 9, 3, 43, 'RMB'),
(65, 2, 13, 0, 60, 'SGD'),
(66, 4, 16, 1, 125, 'SGD'),
(67, 2, 16, 6, 54, 'SGD'),
(68, 1, 1, 1, 61, 'IDR'),
(69, 2, 1, 0, 54, 'SGD'),
(70, 2, 1, 2, 54, 'SGD'),
(71, 4, 19, 1, 71, 'RMB'),
(72, 3, 19, 3, 48, 'RMB'),
(73, 4, 18, 1, 125, 'SGD'),
(74, 2, 18, 3, 54, 'SGD'),
(75, 4, 11, 1, 71, 'RMB'),
(76, 3, 11, 2, 50, 'RMB'),
(77, 3, 2, 3, 50, 'RMB'),
(78, 4, 2, 1, 80, 'RMB'),
(79, 4, 20, 1, 120, 'SGD'),
(80, 2, 20, 2, 62, 'SGD'),
(81, 1, 5, 2, 52, 'IDR'),
(82, 4, 19, 1, 80, 'RMB'),
(83, 3, 19, 3, 50, 'RMB'),
(84, 1, 3, 3, 52, 'IDR'),
(86, 4, 15, 2, 120, 'SGD'),
(87, 3, 12, 12, 50, 'RMB'),
(88, 2, 15, 6, 62, 'SGD'),
(89, 4, 12, 4, 93, 'RMB'),
(90, 4, 2, 2, 107, 'IDR'),
(91, 1, 2, 3, 43, 'IDR'),
(92, 4, 18, 2, 118, 'SGD'),
(93, 2, 18, 3, 58, 'SGD'),
(94, 4, 5, 1, 107, 'IDR'),
(95, 1, 5, 3, 43, 'IDR'),
(96, 4, 17, 2, 118, 'SGD'),
(97, 4, 17, 1, 93, 'RMB'),
(98, 2, 17, 4, 58, 'SGD'),
(99, 1, 4, 3, 43, 'IDR'),
(100, 4, 3, 1, 107, 'IDR'),
(101, 4, 15, 2, 118, 'SGD'),
(102, 3, 17, 1, 64, 'RMB'),
(103, 1, 3, 3, 43, 'IDR'),
(104, 4, 13, 1, 93, 'RMB'),
(105, 3, 13, 5, 64, 'RMB'),
(106, 4, 16, 2, 118, 'SGD'),
(107, 2, 16, 6, 58, 'SGD'),
(108, 4, 6, 4, 107, 'IDR'),
(109, 3, 7, 3, 64, 'RMB'),
(110, 1, 6, 12, 43, 'IDR'),
(111, 4, 8, 3, 93, 'RMB'),
(112, 3, 8, 9, 64, 'RMB'),
(113, 4, 1, 4, 107, 'IDR'),
(114, 1, 1, 6, 43, 'IDR'),
(115, 4, 5, 1, 79, 'IDR'),
(116, 1, 5, 3, 37, 'IDR'),
(117, 4, 3, 1, 79, 'IDR'),
(118, 1, 3, 3, 37, 'IDR'),
(119, 4, 3, 1, 79, 'IDR'),
(120, 1, 3, 3, 37, 'IDR'),
(121, 4, 15, 2, 130, 'SGD'),
(122, 4, 5, 1, 79, 'IDR'),
(123, 2, 20, 3, 60, 'SGD'),
(124, 1, 5, 2, 37, 'IDR'),
(125, 4, 12, 2, 110, 'RMB'),
(126, 3, 12, 2, 73, 'RMB'),
(127, 4, 2, 3, 79, 'IDR'),
(128, 4, 13, 3, 110, 'RMB'),
(129, 1, 2, 4, 37, 'IDR'),
(130, 3, 13, 7, 73, 'RMB'),
(131, 2, 16, 6, 60, 'SGD'),
(132, 3, 9, 3, 73, 'RMB'),
(133, 2, 18, 3, 60, 'SGD'),
(134, 1, 5, 1, 37, 'IDR'),
(135, 3, 12, 2, 73, 'RMB'),
(136, 2, 17, 3, 60, 'SGD'),
(137, 1, 4, 3, 37, 'IDR'),
(138, 3, 13, 2, 73, 'RMB'),
(139, 4, 15, 2, 156, 'SGD'),
(140, 2, 15, 6, 69, 'SGD'),
(141, 4, 7, 1, 130, 'RMB'),
(142, 3, 7, 3, 84, 'RMB'),
(143, 4, 5, 1, 51, 'IDR'),
(144, 1, 5, 4, 26, 'IDR'),
(145, 3, 11, 3, 84, 'RMB'),
(146, 4, 16, 2, 156, 'SGD'),
(147, 1, 2, 6, 26, 'IDR'),
(148, 2, 16, 4, 69, 'SGD'),
(149, 4, 2, 1, 51, 'IDR'),
(150, 4, 1, 2, 51, 'IDR'),
(151, 1, 1, 6, 26, 'IDR'),
(152, 1, 1, 6, 26, 'IDR'),
(153, 4, 3, 3, 51, 'IDR'),
(154, 1, 3, 9, 26, 'IDR'),
(155, 6, 20, 1, 284, 'IDR'),
(156, 4, 4, 3, 36, 'IDR'),
(157, 1, 4, 6, 23, 'IDR'),
(158, 4, 8, 1, 143, 'RMB'),
(159, 3, 8, 3, 83, 'RMB'),
(160, 4, 6, 4, 36, 'IDR'),
(161, 1, 6, 12, 23, 'IDR'),
(162, 4, 11, 1, 143, 'RMB'),
(163, 2, 18, 3, 78, 'SGD'),
(164, 3, 11, 2, 83, 'RMB'),
(165, 1, 20, 3, 23, 'IDR'),
(166, 4, 7, 1, 143, 'RMB'),
(167, 4, 17, 1, 190, 'SGD'),
(168, 3, 7, 3, 83, 'RMB'),
(169, 2, 17, 2, 78, 'SGD'),
(170, 4, 5, 1, 36, 'IDR'),
(171, 1, 5, 4, 23, 'IDR'),
(172, 4, 6, 4, 36, 'IDR'),
(173, 1, 6, 12, 23, 'IDR'),
(174, 4, 3, 3, 34, 'IDR'),
(175, 1, 3, 9, 26, 'IDR'),
(176, 4, 11, 1, 134, 'RMB'),
(177, 6, 15, 1, 267, 'IDR'),
(178, 1, 4, 3, 26, 'IDR'),
(179, 4, 2, 3, 34, 'IDR'),
(180, 1, 2, 3, 26, 'IDR'),
(181, 4, 16, 1, 217, 'SGD'),
(182, 4, 1, 5, 34, 'IDR'),
(183, 1, 1, 9, 26, 'IDR'),
(184, 4, 7, 1, 134, 'RMB'),
(185, 2, 16, 3, 79, 'SGD'),
(186, 3, 7, 3, 72, 'RMB'),
(187, 1, 1, 3, 26, 'IDR'),
(189, 4, 2, 2, 71, 'IDR'),
(190, 4, 11, 1, 51, 'RMB'),
(191, 3, 11, 6, 28, 'RMB'),
(192, 1, 2, 4, 58, 'IDR'),
(193, 2, 16, 1, 62, 'SGD'),
(194, 4, 18, 1, 187, 'SGD'),
(195, 4, 17, 2, 187, 'SGD'),
(196, 4, 20, 2, 71, 'IDR'),
(197, 2, 17, 4, 62, 'SGD'),
(198, 4, 7, 1, 51, 'RMB'),
(199, 1, 20, 4, 58, 'IDR'),
(200, 3, 7, 3, 28, 'RMB'),
(201, 4, 5, 1, 71, 'IDR'),
(202, 1, 5, 3, 58, 'IDR'),
(203, 4, 8, 1, 51, 'RMB'),
(204, 2, 17, 1, 62, 'SGD'),
(205, 4, 15, 1, 71, 'IDR'),
(206, 3, 8, 4, 28, 'RMB'),
(207, 2, 16, 3, 62, 'SGD'),
(208, 1, 15, 6, 58, 'IDR'),
(209, 4, 12, 2, 51, 'RMB'),
(210, 3, 12, 6, 28, 'RMB'),
(211, 1, 8, 0, 58, 'IDR'),
(212, 1, 8, 2, 58, 'IDR'),
(213, 4, 3, 2, 71, 'IDR'),
(214, 3, 9, 2, 28, 'RMB'),
(215, 1, 3, 6, 58, 'IDR'),
(216, 1, 4, 3, 58, 'IDR'),
(217, 3, 2, 3, 28, 'RMB'),
(218, 2, 2, 0, 44, 'SGD'),
(219, 3, 9, 6, 13, 'RMB'),
(220, 2, 2, 2, 44, 'SGD'),
(221, 4, 1, 3, 17, 'RMB'),
(222, 3, 1, 9, 13, 'RMB'),
(223, 4, 18, 3, 17, 'RMB'),
(224, 4, 3, 1, 135, 'IDR'),
(225, 1, 3, 3, 106, 'IDR'),
(226, 4, 7, 3, 17, 'RMB'),
(227, 2, 18, 9, 44, 'SGD'),
(228, 3, 7, 9, 13, 'RMB'),
(229, 4, 1, 2, 135, 'IDR'),
(230, 1, 1, 6, 106, 'IDR'),
(231, 4, 5, 1, 135, 'IDR'),
(232, 1, 5, 3, 106, 'IDR'),
(233, 4, 13, 3, 17, 'RMB'),
(234, 3, 13, 9, 13, 'RMB'),
(235, 2, 16, 3, 44, 'SGD'),
(236, 4, 2, 1, 135, 'IDR'),
(237, 1, 2, 3, 197, 'IDR'),
(238, 3, 9, 6, 5, 'RMB'),
(239, 4, 8, 3, 3, 'RMB'),
(240, 3, 8, 9, 5, 'RMB'),
(241, 4, 12, 4, 3, 'RMB'),
(242, 4, 2, 2, 281, 'IDR'),
(243, 3, 12, 9, 5, 'RMB'),
(244, 2, 8, 0, 32, 'SGD'),
(245, 2, 8, 3, 32, 'SGD'),
(246, 4, 19, 5, 3, 'RMB'),
(247, 3, 19, 15, 5, 'RMB'),
(248, 4, 17, 2, 102, 'SGD'),
(249, 2, 17, 6, 32, 'SGD'),
(250, 4, 11, 5, 3, 'RMB'),
(251, 4, 3, 1, 674, 'IDR'),
(252, 3, 11, 15, 2, 'RMB'),
(253, 1, 3, 3, 407, 'IDR'),
(254, 4, 17, 2, 43, 'SGD'),
(255, 4, 15, 1, 674, 'IDR'),
(256, 2, 17, 6, 14, 'SGD'),
(257, 4, 7, 10, 0, 'RMB'),
(258, 1, 2, 4, 407, 'IDR'),
(259, 3, 7, 3, 2, 'RMB'),
(260, 4, 9, 4, 0, 'RMB'),
(261, 3, 9, 12, 2, 'RMB'),
(262, 4, 2, 2, 0, 'RMB'),
(263, 3, 2, 4, 1, 'RMB');

-- --------------------------------------------------------

--
-- Table structure for table `penjualan`
--

CREATE TABLE `penjualan` (
  `idpenjualan` int(11) NOT NULL,
  `iduser` int(11) NOT NULL,
  `iddesain` int(11) NOT NULL,
  `qty` int(11) NOT NULL,
  `hsatuan` int(11) NOT NULL,
  `currency` varchar(100) NOT NULL
) ENGINE=InnoDB DEFAULT CHARSET=latin1;

--
-- Dumping data for table `penjualan`
--

INSERT INTO `penjualan` (`idpenjualan`, `iduser`, `iddesain`, `qty`, `hsatuan`, `currency`) VALUES
(1, 7, 3, 1, 300, 'RMB'),
(2, 13, 3, 2, 300, 'RMB'),
(3, 16, 2, 1, 300, 'SGD'),
(4, 3, 1, 1, 272, 'IDR'),
(5, 5, 1, 1, 272, 'IDR'),
(6, 15, 10, 1, 512, 'SGD'),
(7, 16, 2, 1, 300, 'SGD'),
(8, 1, 1, 1, 239, 'IDR'),
(9, 20, 10, 1, 512, 'SGD'),
(10, 3, 1, 1, 219, 'IDR'),
(11, 18, 10, 1, 540, 'SGD'),
(12, 8, 3, 1, 300, 'RMB'),
(13, 15, 9, 1, 450, 'SGD'),
(14, 11, 3, 2, 300, 'RMB'),
(15, 18, 10, 1, 540, 'SGD'),
(16, 19, 3, 1, 300, 'RMB'),
(17, 2, 1, 0, 366, 'RMB'),
(18, 2, 6, 1, 450, 'RMB'),
(19, 8, 3, 1, 300, 'RMB'),
(20, 17, 6, 1, 450, 'SGD'),
(21, 15, 9, 1, 450, 'SGD'),
(22, 18, 10, 1, 559, 'SGD'),
(23, 17, 2, 1, 300, 'SGD'),
(24, 12, 3, 3, 300, 'RMB'),
(25, 2, 10, 1, 561, 'IDR'),
(26, 5, 1, 1, 249, 'IDR'),
(27, 19, 3, 1, 300, 'RMB'),
(28, 1, 6, 1, 450, 'IDR'),
(29, 15, 8, 1, 450, 'SGD'),
(30, 15, 2, 1, 300, 'SGD'),
(31, 3, 1, 1, 322, 'IDR'),
(32, 12, 3, 4, 300, 'RMB'),
(33, 7, 3, 2, 300, 'RMB'),
(34, 16, 6, 2, 450, 'SGD'),
(35, 8, 3, 1, 300, 'RMB'),
(36, 18, 2, 1, 300, 'SGD'),
(37, 15, 10, 1, 569, 'SGD'),
(38, 5, 1, 1, 322, 'IDR'),
(39, 20, 8, 1, 450, 'SGD'),
(40, 3, 1, 1, 322, 'IDR'),
(41, 15, 10, 1, 468, 'SGD'),
(42, 13, 7, 2, 450, 'RMB'),
(43, 18, 2, 1, 300, 'SGD'),
(44, 2, 10, 2, 797, 'IDR'),
(45, 4, 1, 1, 434, 'IDR'),
(46, 7, 3, 1, 300, 'RMB'),
(47, 17, 2, 1, 300, 'SGD'),
(48, 5, 1, 1, 434, 'IDR'),
(49, 15, 9, 1, 450, 'SGD'),
(50, 13, 3, 1, 300, 'RMB'),
(51, 6, 1, 1, 434, 'IDR'),
(52, 3, 1, 1, 434, 'IDR'),
(53, 16, 2, 1, 300, 'SGD'),
(54, 16, 6, 1, 450, 'SGD'),
(55, 2, 10, 1, 1118, 'IDR'),
(56, 2, 5, 1, 450, 'IDR'),
(57, 8, 3, 3, 300, 'RMB'),
(58, 1, 1, 2, 620, 'IDR'),
(59, 6, 1, 1, 620, 'IDR'),
(60, 3, 1, 1, 620, 'IDR'),
(61, 4, 1, 1, 620, 'IDR'),
(62, 6, 1, 1, 620, 'IDR'),
(63, 13, 3, 3, 300, 'RMB'),
(64, 5, 1, 1, 820, 'IDR'),
(65, 7, 3, 1, 300, 'RMB'),
(66, 11, 3, 1, 300, 'RMB'),
(67, 3, 1, 1, 820, 'IDR'),
(68, 2, 10, 1, 1413, 'IDR'),
(69, 2, 4, 1, 1072, 'IDR'),
(70, 3, 1, 1, 820, 'IDR'),
(71, 4, 1, 1, 820, 'IDR'),
(72, 11, 3, 1, 300, 'RMB'),
(73, 1, 1, 3, 820, 'IDR'),
(74, 2, 10, 1, 1348, 'IDR'),
(75, 20, 4, 1, 1023, 'IDR'),
(76, 16, 2, 1, 300, 'SGD'),
(77, 3, 1, 1, 800, 'IDR'),
(78, 7, 3, 1, 300, 'RMB'),
(79, 5, 1, 2, 800, 'IDR'),
(80, 15, 10, 1, 1348, 'IDR'),
(81, 15, 2, 1, 300, 'IDR'),
(82, 4, 1, 1, 800, 'IDR'),
(83, 2, 7, 1, 450, 'IDR'),
(84, 3, 1, 1, 800, 'IDR'),
(85, 6, 1, 1, 800, 'IDR'),
(86, 2, 5, 1, 450, 'IDR'),
(87, 18, 2, 1, 300, 'SGD'),
(88, 12, 10, 1, 1205, 'RMB'),
(89, 3, 1, 2, 393, 'IDR'),
(90, 17, 2, 2, 300, 'SGD'),
(91, 7, 3, 1, 300, 'RMB'),
(92, 12, 3, 1, 300, 'RMB'),
(93, 16, 2, 1, 300, 'SGD'),
(94, 18, 2, 1, 300, 'SGD'),
(95, 2, 1, 0, 482, 'RMB'),
(96, 2, 5, 1, 450, 'RMB'),
(97, 1, 4, 1, 493, 'IDR'),
(98, 1, 1, 0, 519, 'SGD'),
(99, 1, 1, 2, 519, 'SGD'),
(100, 17, 2, 1, 300, 'SGD'),
(101, 20, 4, 1, 493, 'IDR'),
(102, 6, 1, 1, 393, 'IDR'),
(103, 5, 1, 1, 261, 'IDR'),
(104, 3, 1, 0, 1362, 'RMB'),
(105, 3, 1, 1, 1362, 'RMB'),
(106, 17, 2, 1, 300, 'SGD'),
(107, 8, 7, 1, 450, 'RMB'),
(108, 16, 2, 1, 300, 'SGD'),
(109, 11, 3, 2, 300, 'RMB'),
(110, 6, 1, 0, 1362, 'RMB'),
(111, 6, 1, 1, 1362, 'RMB'),
(112, 2, 1, 0, 1362, 'RMB'),
(113, 2, 10, 2, 3073, 'RMB'),
(114, 8, 7, 1, 450, 'RMB'),
(115, 12, 7, 2, 450, 'RMB'),
(116, 6, 1, 0, 1362, 'RMB'),
(117, 6, 1, 1, 1362, 'RMB'),
(118, 7, 3, 1, 300, 'RMB'),
(119, 3, 1, 0, 6534, 'RMB'),
(120, 3, 1, 1, 6534, 'RMB'),
(121, 15, 1, 0, 6534, 'RMB'),
(122, 15, 1, 1, 6534, 'RMB'),
(123, 18, 2, 1, 876, 'SGD'),
(124, 6, 1, 0, 6534, 'RMB'),
(125, 6, 1, 1, 6534, 'RMB'),
(126, 2, 1, 0, 6534, 'RMB'),
(127, 2, 5, 1, 9635, 'RMB'),
(128, 13, 3, 2, 6534, 'RMB'),
(129, 13, 3, 1, 6534, 'RMB'),
(130, 3, 1, 0, 6534, 'RMB'),
(131, 3, 5, 1, 9635, 'RMB'),
(132, 1, 1, 0, 6534, 'RMB'),
(133, 18, 2, 1, 2079, 'SGD'),
(134, 1, 7, 3, 51668, 'RMB'),
(135, 12, 10, 1, 80108, 'RMB'),
(136, 8, 10, 1, 80108, 'RMB'),
(137, 3, 1, 0, 35093, 'RMB'),
(138, 3, 7, 1, 51668, 'RMB'),
(139, 15, 1, 0, 35093, 'RMB'),
(140, 15, 7, 1, 51668, 'RMB'),
(141, 19, 3, 1, 35093, 'RMB'),
(142, 19, 3, 1, 35093, 'RMB'),
(143, 7, 3, 2, 35093, 'RMB'),
(144, 17, 1, 0, 35093, 'RMB'),
(145, 18, 2, 1, 2079, 'SGD'),
(146, 17, 2, 2, 35093, 'RMB'),
(147, 7, 3, 1, 35093, 'RMB');

-- --------------------------------------------------------

--
-- Table structure for table `saham`
--

CREATE TABLE `saham` (
  `idsaham` int(11) NOT NULL,
  `nama` varchar(100) NOT NULL
) ENGINE=InnoDB DEFAULT CHARSET=latin1;

--
-- Dumping data for table `saham`
--

INSERT INTO `saham` (`idsaham`, `nama`) VALUES
(1, 'Sampoerna'),
(2, 'Freeport'),
(3, 'Ciputra');

-- --------------------------------------------------------

--
-- Table structure for table `setting`
--

CREATE TABLE `setting` (
  `idsetting` int(11) NOT NULL,
  `namasetting` varchar(100) NOT NULL,
  `harga1` int(11) NOT NULL,
  `harga2` int(11) NOT NULL,
  `harga3` int(11) NOT NULL
) ENGINE=InnoDB DEFAULT CHARSET=latin1;

--
-- Dumping data for table `setting`
--

INSERT INTO `setting` (`idsetting`, `namasetting`, `harga1`, `harga2`, `harga3`) VALUES
(1, 'exportimport', 250, 250, 250),
(2, 'bungapinjam', 10, 0, 0),
(3, 'bungatabung', 5, 0, 0);

-- --------------------------------------------------------

--
-- Table structure for table `tcurrency`
--

CREATE TABLE `tcurrency` (
  `idtcurrency` int(11) NOT NULL,
  `iduser` int(11) NOT NULL,
  `currency1` varchar(100) NOT NULL,
  `currency2` varchar(100) NOT NULL,
  `nominal` int(11) NOT NULL
) ENGINE=InnoDB DEFAULT CHARSET=latin1;

--
-- Dumping data for table `tcurrency`
--

INSERT INTO `tcurrency` (`idtcurrency`, `iduser`, `currency1`, `currency2`, `nominal`) VALUES
(1, 2, 'RMB', 'SGD', 500),
(2, 13, 'RMB', 'SGD', 200),
(3, 2, 'IDR', 'RMB', 250),
(4, 18, 'SGD', 'RMB', 250),
(5, 18, 'SGD', 'IDR', 250),
(6, 2, 'IDR', 'SGD', 300),
(7, 20, 'SGD', 'IDR', 10),
(8, 2, 'IDR', 'RMB', 500),
(9, 17, 'IDR', 'SGD', 320),
(10, 2, 'IDR', 'SGD', 500),
(11, 13, 'RMB', 'SGD', 300),
(12, 2, 'IDR', 'SGD', 500),
(13, 15, 'IDR', 'RMB', 605),
(14, 3, 'IDR', 'RMB', 40),
(15, 18, 'SGD', 'RMB', 150),
(16, 13, 'RMB', 'IDR', 41),
(17, 13, 'SGD', 'IDR', 197),
(18, 13, 'IDR', 'RMB', 1629),
(19, 20, 'SGD', 'RMB', 90),
(20, 5, 'RMB', 'IDR', 125),
(21, 5, 'SGD', 'IDR', 22),
(22, 2, 'RMB', 'SGD', 4000),
(23, 2, 'RMB', 'IDR', 2000),
(24, 17, 'RMB', 'IDR', 180),
(25, 3, 'IDR', 'SGD', 500),
(26, 15, 'RMB', 'IDR', 6511),
(27, 16, 'RMB', 'SGD', 500),
(28, 18, 'IDR', 'RMB', 150),
(29, 16, 'RMB', 'IDR', 300),
(30, 6, 'RMB', 'SGD', 1500),
(31, 13, 'RMB', 'IDR', 500),
(32, 3, 'RMB', 'SGD', 10000),
(33, 8, 'RMB', 'SGD', 500),
(34, 15, 'RMB', 'IDR', 50000),
(35, 4, 'RMB', 'SGD', 700),
(36, 8, 'RMB', 'IDR', 500),
(37, 18, 'SGD', 'RMB', 200),
(38, 20, 'RMB', 'IDR', 441);

-- --------------------------------------------------------

--
-- Table structure for table `timer`
--

CREATE TABLE `timer` (
  `id` int(11) NOT NULL,
  `time` int(11) NOT NULL
) ENGINE=InnoDB DEFAULT CHARSET=latin1;

--
-- Dumping data for table `timer`
--

INSERT INTO `timer` (`id`, `time`) VALUES
(1, 1506691473);

-- --------------------------------------------------------

--
-- Table structure for table `tpinjaman`
--

CREATE TABLE `tpinjaman` (
  `idtpinjaman` int(11) NOT NULL,
  `iduser` int(11) NOT NULL,
  `nominal` int(11) NOT NULL,
  `currency` varchar(100) NOT NULL
) ENGINE=InnoDB DEFAULT CHARSET=latin1;

--
-- Dumping data for table `tpinjaman`
--

INSERT INTO `tpinjaman` (`idtpinjaman`, `iduser`, `nominal`, `currency`) VALUES
(1, 17, 25, 'IDR'),
(2, 17, 250, 'IDR'),
(3, 17, 100, 'SGD'),
(4, 17, 1000, 'SGD'),
(5, 17, 25, 'RMB'),
(6, 17, 250, 'RMB'),
(7, 7, 40, 'IDR'),
(8, 7, 400, 'IDR'),
(9, 7, 50, 'SGD'),
(10, 7, 500, 'SGD'),
(11, 7, 60, 'RMB'),
(12, 7, 600, 'RMB'),
(13, 20, 40, 'IDR'),
(14, 20, 400, 'IDR'),
(15, 20, 80, 'SGD'),
(16, 20, 800, 'SGD'),
(17, 20, 30, 'RMB'),
(18, 20, 300, 'RMB'),
(19, 1, 50, 'IDR'),
(20, 1, 500, 'IDR'),
(21, 13, 50, 'IDR'),
(22, 13, 500, 'IDR'),
(23, 1, 50, 'SGD'),
(24, 1, 500, 'SGD'),
(25, 1, 50, 'RMB'),
(26, 1, 500, 'RMB'),
(27, 13, 30, 'SGD'),
(28, 13, 300, 'SGD'),
(29, 13, 70, 'RMB'),
(30, 13, 700, 'RMB'),
(31, 12, 100, 'RMB'),
(32, 12, 1000, 'RMB'),
(33, 15, 50, 'IDR'),
(34, 15, 500, 'IDR'),
(35, 9, 100, 'RMB'),
(36, 9, 1000, 'RMB'),
(37, 15, 50, 'SGD'),
(38, 15, 500, 'SGD'),
(39, 15, 50, 'RMB'),
(40, 15, 500, 'RMB'),
(41, 9, 25, 'IDR'),
(42, 9, 250, 'IDR'),
(43, 9, 25, 'SGD'),
(44, 9, 250, 'SGD'),
(45, 11, 80, 'RMB'),
(46, 11, 800, 'RMB'),
(47, 19, 10, 'SGD'),
(48, 19, 100, 'SGD'),
(49, 19, 140, 'RMB'),
(50, 19, 1400, 'RMB'),
(51, 2, 100, 'IDR'),
(52, 2, 1000, 'IDR'),
(53, 18, 50, 'IDR'),
(54, 18, 500, 'IDR'),
(55, 3, 90, 'IDR'),
(56, 3, 900, 'IDR'),
(57, 18, 50, 'SGD'),
(58, 18, 500, 'SGD'),
(59, 3, 30, 'SGD'),
(60, 3, 300, 'SGD'),
(61, 3, 30, 'RMB'),
(62, 3, 300, 'RMB'),
(63, 18, 50, 'RMB'),
(64, 18, 500, 'RMB'),
(65, 4, 100, 'IDR'),
(66, 4, 1000, 'IDR'),
(67, 16, 150, 'SGD'),
(68, 16, 1500, 'SGD'),
(69, 5, 50, 'IDR'),
(70, 5, 500, 'IDR'),
(71, 8, 70, 'RMB'),
(72, 8, 700, 'RMB'),
(73, 5, 25, 'SGD'),
(74, 5, 250, 'SGD'),
(75, 5, 25, 'RMB'),
(76, 5, 250, 'RMB'),
(77, 6, 100, 'IDR'),
(78, 6, 1000, 'IDR'),
(79, 6, 25, 'SGD'),
(80, 6, 250, 'SGD'),
(81, 6, 25, 'RMB'),
(82, 6, 250, 'RMB'),
(83, 2, 50, 'RMB'),
(84, 2, 500, 'RMB'),
(85, 8, 30, 'SGD'),
(86, 8, 300, 'SGD'),
(87, 5, -275, 'RMB'),
(88, 8, 30, 'SGD'),
(89, 8, 300, 'SGD'),
(90, 7, 60, 'RMB'),
(91, 1, 55, 'IDR'),
(92, 1, 55, 'RMB'),
(93, 1, 55, 'SGD'),
(94, 2, 110, 'IDR'),
(95, 2, 55, 'RMB'),
(96, 3, 99, 'IDR'),
(97, 3, 33, 'RMB'),
(98, 3, 33, 'SGD'),
(99, 4, 110, 'IDR'),
(100, 5, 55, 'IDR'),
(101, 5, 0, 'RMB'),
(102, 5, 28, 'SGD'),
(103, 6, 110, 'IDR'),
(104, 6, 28, 'RMB'),
(105, 6, 28, 'SGD'),
(106, 7, 44, 'IDR'),
(107, 7, 72, 'RMB'),
(108, 7, 55, 'SGD'),
(109, 8, 77, 'RMB'),
(110, 8, 66, 'SGD'),
(111, 9, 28, 'IDR'),
(112, 9, 110, 'RMB'),
(113, 9, 28, 'SGD'),
(114, 11, 88, 'RMB'),
(115, 12, 110, 'RMB'),
(116, 13, 55, 'IDR'),
(117, 13, 77, 'RMB'),
(118, 13, 33, 'SGD'),
(119, 15, 55, 'IDR'),
(120, 15, 55, 'RMB'),
(121, 15, 55, 'SGD'),
(122, 16, 165, 'SGD'),
(123, 17, 28, 'IDR'),
(124, 17, 28, 'RMB'),
(125, 17, 110, 'SGD'),
(126, 18, 55, 'IDR'),
(127, 18, 55, 'RMB'),
(128, 18, 55, 'SGD'),
(129, 19, 154, 'RMB'),
(130, 19, 11, 'SGD'),
(131, 20, 44, 'IDR'),
(132, 20, 33, 'RMB'),
(133, 20, 88, 'SGD'),
(134, 12, -500, 'RMB'),
(135, 17, 50, 'IDR'),
(136, 17, 500, 'IDR'),
(137, 18, -605, 'SGD'),
(138, 18, -150, 'IDR'),
(139, 18, -200, 'RMB'),
(140, 2, -1210, 'IDR'),
(141, 4, -400, 'IDR'),
(142, 5, -303, 'SGD'),
(143, 15, -605, 'SGD'),
(144, 2, -605, 'RMB'),
(145, 19, -839, 'RMB'),
(146, 19, -100, 'SGD'),
(147, 13, -847, 'RMB'),
(148, 5, -605, 'IDR'),
(149, 13, -363, 'SGD'),
(150, 3, -1089, 'IDR'),
(151, 15, 10, 'IDR'),
(152, 15, 100, 'IDR'),
(153, 20, -968, 'SGD'),
(154, 13, 100, 'IDR'),
(155, 13, 1000, 'IDR'),
(156, 20, -484, 'IDR'),
(157, 15, -715, 'IDR'),
(158, 4, -810, 'IDR'),
(159, 15, -605, 'RMB'),
(160, 16, 47, 'SGD'),
(161, 1, 61, 'IDR'),
(162, 1, 61, 'RMB'),
(163, 1, 61, 'SGD'),
(164, 2, 0, 'IDR'),
(165, 2, 0, 'RMB'),
(166, 3, 0, 'IDR'),
(167, 3, 36, 'RMB'),
(168, 3, 36, 'SGD'),
(169, 4, 0, 'IDR'),
(170, 5, 0, 'IDR'),
(171, 5, 0, 'RMB'),
(172, 5, 0, 'SGD'),
(173, 6, 121, 'IDR'),
(174, 6, 30, 'RMB'),
(175, 6, 30, 'SGD'),
(176, 7, 48, 'IDR'),
(177, 7, 79, 'RMB'),
(178, 7, 61, 'SGD'),
(179, 8, 85, 'RMB'),
(180, 8, 73, 'SGD'),
(181, 9, 30, 'IDR'),
(182, 9, 121, 'RMB'),
(183, 9, 30, 'SGD'),
(184, 11, 97, 'RMB'),
(185, 12, 71, 'RMB'),
(186, 13, 171, 'IDR'),
(187, 13, 0, 'RMB'),
(188, 13, 0, 'SGD'),
(189, 15, 0, 'IDR'),
(190, 15, 0, 'RMB'),
(191, 15, 0, 'SGD'),
(192, 16, 186, 'SGD'),
(193, 17, 85, 'IDR'),
(194, 17, 30, 'RMB'),
(195, 17, 121, 'SGD'),
(196, 18, 46, 'IDR'),
(197, 18, 41, 'RMB'),
(198, 18, 0, 'SGD'),
(199, 19, 86, 'RMB'),
(200, 19, 2, 'SGD'),
(201, 20, 0, 'IDR'),
(202, 20, 36, 'RMB'),
(203, 20, 0, 'SGD'),
(204, 3, -363, 'SGD'),
(205, 12, -781, 'RMB'),
(206, 9, -333, 'IDR'),
(207, 3, -399, 'RMB'),
(208, 8, -400, 'RMB'),
(209, 15, 25, 'RMB'),
(210, 15, 250, 'RMB'),
(211, 6, -1331, 'IDR'),
(212, 6, -333, 'RMB'),
(213, 17, 150, 'RMB'),
(214, 17, 1500, 'RMB'),
(215, 15, -275, 'RMB'),
(216, 3, -12, 'SGD'),
(217, 17, -938, 'IDR'),
(218, 15, 100, 'RMB'),
(219, 15, 1000, 'RMB'),
(220, 3, -24, 'SGD'),
(221, 6, -333, 'SGD'),
(222, 16, -2408, 'IDR'),
(223, 13, -1876, 'IDR'),
(224, 8, -600, 'RMB'),
(225, 15, -1100, 'RMB'),
(226, 20, -399, 'RMB'),
(227, 8, -500, 'SGD'),
(228, 16, 150, 'IDR'),
(229, 16, 1500, 'IDR'),
(230, 9, -333, 'SGD');

-- --------------------------------------------------------

--
-- Table structure for table `tsaham`
--

CREATE TABLE `tsaham` (
  `idtsaham` int(11) NOT NULL,
  `iduser` int(11) NOT NULL,
  `idsaham` int(11) NOT NULL,
  `qty` int(11) NOT NULL,
  `hsatuan` int(11) NOT NULL,
  `currency` varchar(100) NOT NULL
) ENGINE=InnoDB DEFAULT CHARSET=latin1;

-- --------------------------------------------------------

--
-- Table structure for table `ttabungan`
--

CREATE TABLE `ttabungan` (
  `idttabungan` int(11) NOT NULL,
  `iduser` int(11) NOT NULL,
  `nominal` int(11) NOT NULL,
  `currency` varchar(100) NOT NULL
) ENGINE=InnoDB DEFAULT CHARSET=latin1;

--
-- Dumping data for table `ttabungan`
--

INSERT INTO `ttabungan` (`idttabungan`, `iduser`, `nominal`, `currency`) VALUES
(1, 8, 500, 'RMB'),
(2, 18, 100, 'SGD'),
(3, 8, 25, 'RMB'),
(4, 18, 5, 'SGD'),
(5, 5, 1500, 'IDR'),
(6, 6, 6500, 'RMB'),
(7, 2, 5000, 'IDR'),
(8, 2, 5000, 'SGD'),
(9, 2, 5000, 'RMB'),
(10, 4, 750, 'SGD'),
(11, 4, 900, 'IDR');

-- --------------------------------------------------------

--
-- Table structure for table `user`
--

CREATE TABLE `user` (
  `iduser` int(11) NOT NULL,
  `nama` varchar(100) NOT NULL,
  `password` varchar(100) NOT NULL,
  `cash1` int(11) NOT NULL,
  `cash2` int(11) NOT NULL,
  `cash3` int(11) NOT NULL,
  `maxweight` int(11) NOT NULL
) ENGINE=InnoDB DEFAULT CHARSET=latin1;

--
-- Dumping data for table `user`
--

INSERT INTO `user` (`iduser`, `nama`, `password`, `cash1`, `cash2`, `cash3`, `maxweight`) VALUES
(1, 'tim1', 'tim1', 1955, 1430, 155336, 50),
(2, 'tim2', 'tim2', 6899, 5179, 5481, 50),
(3, 'tim3', 'tim3', 153, 26399, 58513, 50),
(4, 'tim4', 'tim4', 106, 1838, 0, 50),
(5, 'tim5', 'tim5', 778, 0, 350, 50),
(6, 'tim6', 'tim6', 632, 3855, 1175, 50),
(7, 'tim7', 'tim7', 400, 650, 105895, 50),
(8, 'tim8', 'tim8', 7634, 817, 78857, 50),
(9, 'tim9', 'tim9', 117, 367, 860, 50),
(10, 'tim10', 'tim10', 0, 0, 0, 50),
(11, 'tim11', 'tim11', 0, 60, 883, 50),
(12, 'tim12', 'tim12', 0, 0, 79733, 50),
(13, 'tim13', 'tim13', 5624, 0, 19226, 50),
(14, 'tim14', 'tim14', 0, 0, 0, 50),
(15, 'tim15', 'tim15', 825006, 42, 1368, 50),
(16, 'tim16', 'tim16', 2559, 2310, 465, 50),
(17, 'tim17', 'tim17', 1572, 743, 71519, 50),
(18, 'tim18', 'tim18', 20, 4944, 412, 50),
(19, 'tim19', 'tim19', 300, 0, 70246, 50),
(20, 'tim20', 'tim20', 5222, 7, 0, 50);

--
-- Indexes for dumped tables
--

--
-- Indexes for table `bahanbaku`
--
ALTER TABLE `bahanbaku`
  ADD PRIMARY KEY (`idbahanbaku`);

--
-- Indexes for table `currency`
--
ALTER TABLE `currency`
  ADD PRIMARY KEY (`idcurrency`);

--
-- Indexes for table `desain`
--
ALTER TABLE `desain`
  ADD PRIMARY KEY (`iddesain`);

--
-- Indexes for table `detildesain`
--
ALTER TABLE `detildesain`
  ADD PRIMARY KEY (`iddetildesain`);

--
-- Indexes for table `event`
--
ALTER TABLE `event`
  ADD PRIMARY KEY (`idevent`);

--
-- Indexes for table `hargasaham`
--
ALTER TABLE `hargasaham`
  ADD PRIMARY KEY (`idhargasaham`);

--
-- Indexes for table `inventory`
--
ALTER TABLE `inventory`
  ADD PRIMARY KEY (`idinventory`);

--
-- Indexes for table `onsale`
--
ALTER TABLE `onsale`
  ADD PRIMARY KEY (`idonsale`);

--
-- Indexes for table `pembelian`
--
ALTER TABLE `pembelian`
  ADD PRIMARY KEY (`idpembelian`);

--
-- Indexes for table `penjualan`
--
ALTER TABLE `penjualan`
  ADD PRIMARY KEY (`idpenjualan`);

--
-- Indexes for table `saham`
--
ALTER TABLE `saham`
  ADD PRIMARY KEY (`idsaham`);

--
-- Indexes for table `setting`
--
ALTER TABLE `setting`
  ADD PRIMARY KEY (`idsetting`);

--
-- Indexes for table `tcurrency`
--
ALTER TABLE `tcurrency`
  ADD PRIMARY KEY (`idtcurrency`);

--
-- Indexes for table `timer`
--
ALTER TABLE `timer`
  ADD PRIMARY KEY (`id`);

--
-- Indexes for table `tpinjaman`
--
ALTER TABLE `tpinjaman`
  ADD PRIMARY KEY (`idtpinjaman`);

--
-- Indexes for table `tsaham`
--
ALTER TABLE `tsaham`
  ADD PRIMARY KEY (`idtsaham`);

--
-- Indexes for table `ttabungan`
--
ALTER TABLE `ttabungan`
  ADD PRIMARY KEY (`idttabungan`);

--
-- Indexes for table `user`
--
ALTER TABLE `user`
  ADD PRIMARY KEY (`iduser`);

--
-- AUTO_INCREMENT for dumped tables
--

--
-- AUTO_INCREMENT for table `bahanbaku`
--
ALTER TABLE `bahanbaku`
  MODIFY `idbahanbaku` int(11) NOT NULL AUTO_INCREMENT, AUTO_INCREMENT=8;
--
-- AUTO_INCREMENT for table `currency`
--
ALTER TABLE `currency`
  MODIFY `idcurrency` int(11) NOT NULL AUTO_INCREMENT, AUTO_INCREMENT=4;
--
-- AUTO_INCREMENT for table `desain`
--
ALTER TABLE `desain`
  MODIFY `iddesain` int(11) NOT NULL AUTO_INCREMENT, AUTO_INCREMENT=11;
--
-- AUTO_INCREMENT for table `detildesain`
--
ALTER TABLE `detildesain`
  MODIFY `iddetildesain` int(11) NOT NULL AUTO_INCREMENT, AUTO_INCREMENT=41;
--
-- AUTO_INCREMENT for table `event`
--
ALTER TABLE `event`
  MODIFY `idevent` int(11) NOT NULL AUTO_INCREMENT;
--
-- AUTO_INCREMENT for table `hargasaham`
--
ALTER TABLE `hargasaham`
  MODIFY `idhargasaham` int(11) NOT NULL AUTO_INCREMENT, AUTO_INCREMENT=428;
--
-- AUTO_INCREMENT for table `inventory`
--
ALTER TABLE `inventory`
  MODIFY `idinventory` int(11) NOT NULL AUTO_INCREMENT, AUTO_INCREMENT=988;
--
-- AUTO_INCREMENT for table `onsale`
--
ALTER TABLE `onsale`
  MODIFY `idonsale` int(11) NOT NULL AUTO_INCREMENT, AUTO_INCREMENT=63;
--
-- AUTO_INCREMENT for table `pembelian`
--
ALTER TABLE `pembelian`
  MODIFY `idpembelian` int(11) NOT NULL AUTO_INCREMENT, AUTO_INCREMENT=264;
--
-- AUTO_INCREMENT for table `penjualan`
--
ALTER TABLE `penjualan`
  MODIFY `idpenjualan` int(11) NOT NULL AUTO_INCREMENT, AUTO_INCREMENT=148;
--
-- AUTO_INCREMENT for table `saham`
--
ALTER TABLE `saham`
  MODIFY `idsaham` int(11) NOT NULL AUTO_INCREMENT, AUTO_INCREMENT=4;
--
-- AUTO_INCREMENT for table `setting`
--
ALTER TABLE `setting`
  MODIFY `idsetting` int(11) NOT NULL AUTO_INCREMENT, AUTO_INCREMENT=4;
--
-- AUTO_INCREMENT for table `tcurrency`
--
ALTER TABLE `tcurrency`
  MODIFY `idtcurrency` int(11) NOT NULL AUTO_INCREMENT, AUTO_INCREMENT=39;
--
-- AUTO_INCREMENT for table `timer`
--
ALTER TABLE `timer`
  MODIFY `id` int(11) NOT NULL AUTO_INCREMENT, AUTO_INCREMENT=2;
--
-- AUTO_INCREMENT for table `tpinjaman`
--
ALTER TABLE `tpinjaman`
  MODIFY `idtpinjaman` int(11) NOT NULL AUTO_INCREMENT, AUTO_INCREMENT=231;
--
-- AUTO_INCREMENT for table `tsaham`
--
ALTER TABLE `tsaham`
  MODIFY `idtsaham` int(11) NOT NULL AUTO_INCREMENT;
--
-- AUTO_INCREMENT for table `ttabungan`
--
ALTER TABLE `ttabungan`
  MODIFY `idttabungan` int(11) NOT NULL AUTO_INCREMENT, AUTO_INCREMENT=12;
--
-- AUTO_INCREMENT for table `user`
--
ALTER TABLE `user`
  MODIFY `iduser` int(11) NOT NULL AUTO_INCREMENT, AUTO_INCREMENT=22;
/*!40101 SET CHARACTER_SET_CLIENT=@OLD_CHARACTER_SET_CLIENT */;
/*!40101 SET CHARACTER_SET_RESULTS=@OLD_CHARACTER_SET_RESULTS */;
/*!40101 SET COLLATION_CONNECTION=@OLD_COLLATION_CONNECTION */;
